date,ticker,momentum,volatility,liquidity,forward_return
2019-02-01,AAPL,0.054458179099948545,0.031448538730063307,156898247.6190476,0.05862862965204152
2019-02-01,AMZN,0.05659045715200062,0.027201611285292752,130976000.0,0.040707618679183044
2019-02-01,GOOGL,0.06062489488701983,0.019598360333999244,33257904.76190476,0.045207402044042055
2019-02-01,JPM,0.05451244491194207,0.01089967356725803,15391466.666666666,0.002213905827953111
2019-02-01,MSFT,0.01641620448458303,0.02011346196827745,34019961.9047619,0.0914285463362603
2019-02-04,AAPL,0.20437457681804294,0.02134741535337383,145504590.47619048,0.023465432591792235
2019-02-04,AMZN,0.08867007348786915,0.026422021281236142,129026952.38095239,0.02182078575792734
2019-02-04,GOOGL,0.11307007592187213,0.018618459830710258,34993523.809523806,0.02060594748957123
2019-02-04,JPM,0.0735250429867107,0.010197492688257209,15085995.238095239,-0.005084079336040825
2019-02-04,MSFT,0.08562632234361689,0.019020197505306896,33483580.95238095,0.061350870645636935
2019-02-05,AAPL,0.17482801952690097,0.020024153307242,141217828.57142857,-0.0053974693311328314
2019-02-05,AMZN,0.05295193673751575,0.024439220758876484,124522666.66666667,-0.01980935458966404
2019-02-05,GOOGL,0.06845563753653927,0.015404419375365805,36720857.14285714,-0.0008852943974972938
2019-02-05,JPM,0.030787828487569113,0.006864681738255952,14887319.047619049,-0.007900756926041086
2019-02-05,MSFT,0.05189815352259819,0.016558644237942042,32686666.666666668,0.033962368409129695
2019-02-06,AAPL,0.1778551721107151,0.019966998659502966,136162933.33333334,-0.0033772423789476536
2019-02-06,AMZN,0.006597056303226934,0.023496504762135304,120662380.95238096,-0.011863967504675554
2019-02-06,GOOGL,0.043655580483902945,0.016584469332202173,36759428.571428575,0.024116323982393606
2019-02-06,JPM,0.02957501402148144,0.006876101751599637,14568952.38095238,-0.007036624983952855
2019-02-06,MSFT,0.03889868949687947,0.01682401891656618,31970176.19047619,0.04670319103349008
2019-02-07,AAPL,0.1339304613532868,0.020626474502985187,134394628.57142857,0.051054289255394014
2019-02-07,AMZN,-0.02548025558365019,0.023454535585114022,116610190.47619048,0.03484331425476617
2019-02-07,GOOGL,0.01892454945924893,0.01692457290627947,36896761.9047619,0.06632526280835549
2019-02-07,JPM,0.01799718474188783,0.00754851644912959,14549842.857142856,0.01924182814790809
2019-02-07,MSFT,0.024026832233643214,0.016891085695022373,31886666.666666668,0.0763928741194102
2019-02-08,AAPL,0.116306000728847,0.02050144212926263,130341466.66666667,0.061615818092426
2019-02-08,AMZN,-0.04290652794092964,0.02367686723618383,115951809.52380952,0.053443420938479536
2019-02-08,GOOGL,0.019165158405515914,0.016921552163402687,36647619.047619045,0.08605925682374882
2019-02-08,JPM,0.009561912717419352,0.007896999966186768,14486142.857142856,0.02644031427853255
2019-02-08,MSFT,0.013426797546155278,0.01663954779590367,31371442.85714286,0.07982650797166246
2019-02-11,AAPL,0.10635021956350532,0.0206430696212697,127524838.09523809,0.07247843451446068
2019-02-11,AMZN,-0.03937875493944609,0.023689618854437045,112913333.33333333,0.06273404881162703
2019-02-11,GOOGL,0.02158811287347251,0.01690389883768473,36261904.76190476,0.08795781779443512
2019-02-11,JPM,0.004880741667322441,0.007978487718142002,14324352.38095238,0.03479394351788856
2019-02-11,MSFT,0.015926917043462163,0.01659511390232961,30840323.80952381,0.09253204226603962
2019-02-12,AAPL,0.1269478038442975,0.020370605808217,126622038.09523809,0.07513587128501675
2019-02-12,AMZN,-0.0015543770614423469,0.02455947064381548,113077523.8095238,0.029432050453932268
2019-02-12,GOOGL,0.059287773101059704,0.017210756122616636,36460571.428571425,0.05760115004623945
2019-02-12,JPM,0.026923686682261083,0.008679911433618159,14201133.333333334,0.026705799550984732
2019-02-12,MSFT,0.03978585236348575,0.016769186199969754,30685200.0,0.07661475961882824
2019-02-13,AAPL,0.13939890663485555,0.019945318607911662,124726990.47619048,0.09366523957190176
2019-02-13,AMZN,0.014092214715847318,0.024335441772490075,110748380.95238096,0.04412190507097935
2019-02-13,GOOGL,0.07334205460708865,0.016871542136765724,36439238.0952381,0.05464134816659061
2019-02-13,JPM,0.021299905737154345,0.008474375584980967,13700923.80952381,0.033562906998160225
2019-02-13,MSFT,0.046643674685716396,0.01664828468570559,30207000.0,0.08983257980326353
2019-02-14,AAPL,0.12061492381100458,0.019689079147791808,123417428.57142857,0.10081945190757646
2019-02-14,AMZN,-0.030999154759861036,0.023113978130026667,108959809.52380952,0.07364494495542173
2019-02-14,GOOGL,0.03929071995286271,0.015434284817599182,35657714.28571428,0.05255963435850841
2019-02-14,JPM,0.00727764509020723,0.008498250356413462,12987285.714285715,0.046572909412598174
2019-02-14,MSFT,0.017998372266484042,0.015483463616993947,29740195.23809524,0.10450978214219897
2019-02-15,AAPL,0.10462687849094054,0.019699267677930482,122285447.61904761,0.09453134614963332
2019-02-15,AMZN,-0.04503561951752544,0.023119869412733012,107033142.85714285,0.09571192863523259
2019-02-15,GOOGL,0.027645488955886366,0.01559865446597601,35159904.76190476,0.07397995333800567
2019-02-15,JPM,0.029756054403458965,0.010658602759857526,12805566.666666666,0.011843187658621135
2019-02-15,MSFT,0.02695003109322469,0.015674975058897683,29585576.19047619,0.09178018487700945
2019-02-19,AAPL,0.10139247502051196,0.019702217434471165,120219085.71428572,0.10080175899348309
2019-02-19,AMZN,-0.03876643542347369,0.02327194019462328,106531047.61904761,0.10425914460477603
2019-02-19,GOOGL,0.024919919229699827,0.015545979946421234,35021047.61904762,0.0886986885327945
2019-02-19,JPM,0.02195881827750301,0.010693277248637573,12734961.904761905,-0.00627495600054373
2019-02-19,MSFT,0.019317585878233068,0.015625368786186224,29092504.76190476,0.09107788826071861
2019-02-20,AAPL,0.10169489438411805,0.019703269860633976,118764495.23809524,0.13404632316534548
2019-02-20,AMZN,-0.04368581898732449,0.023261576966455734,103975904.76190476,0.12154606585990724
2019-02-20,GOOGL,0.012002185744002247,0.015541566095120524,34030476.190476194,0.10310638598244015
2019-02-20,JPM,0.010517375059347467,0.010163071270658562,12430276.19047619,-0.02668176532339872
2019-02-20,MSFT,-0.0009505586103149,0.015342199841262656,28339176.19047619,0.12197875027767213
2019-02-21,AAPL,0.1206372075945279,0.018864560009046544,116260819.04761904,0.11685986417241989
2019-02-21,AMZN,-0.0077994022206517855,0.02176281103214565,101182190.47619048,0.08974092735039751
2019-02-21,GOOGL,0.02371513955886928,0.014752339453378284,33727619.047619045,0.09367792087928883
2019-02-21,JPM,0.024577526277818285,0.009479709161804673,12016771.42857143,-0.054138434514527156
2019-02-21,MSFT,0.03971655579526434,0.015355909788267348,28181647.61904762,0.06982909807016036
2019-02-22,AAPL,0.12858496860417978,0.018899111202923948,115457504.76190476,0.09117195933984967
2019-02-22,AMZN,-0.005158431285346543,0.021801058245735076,99154571.42857143,0.08746223553652843
2019-02-22,GOOGL,0.029647357929577733,0.014888211164319159,33929619.047619045,0.07238312688292936
2019-02-22,JPM,0.022594535537416194,0.00952688284492314,11945371.42857143,-0.05780963580504028
2019-02-22,MSFT,0.044362683937110736,0.015501072813943228,28271595.23809524,0.060286347060400924
2019-02-25,AAPL,0.14588841191585789,0.018630600579446533,114777866.66666667,0.07208873818314654
2019-02-25,AMZN,-0.013251274762121068,0.021702906501822446,98292285.71428572,0.09232090475553756
2019-02-25,GOOGL,0.030747296593118367,0.014883307523258563,33791238.0952381,0.0648955981598982
2019-02-25,JPM,0.032703679755974324,0.009741847643267371,11942223.80952381,-0.05824668427962032
2019-02-25,MSFT,0.05524073103644156,0.015433180182486149,28299490.476190478,0.056635935140954885
2019-02-26,AAPL,0.10977255315400969,0.017646490657460333,111641619.04761904,0.08111070118908636
2019-02-26,AMZN,-0.020454140242347485,0.021594805497282536,96120761.90476191,0.0790149595624372
2019-02-26,GOOGL,0.018610686256425923,0.014520862492334844,34351523.809523806,0.04991053890485064
2019-02-26,JPM,0.018377010133682425,0.009877036355543637,11994414.285714285,-0.054231168077557235
2019-02-26,MSFT,0.05290547742140994,0.015394107913229912,27838114.285714287,0.0392488201319543
2019-02-27,AAPL,0.12360821971033409,0.017346870168325302,111954628.57142857,0.0792016066969774
2019-02-27,AMZN,0.001953684695357172,0.021168885032192497,94512285.71428572,0.08063544492181207
2019-02-27,GOOGL,0.039847794572599904,0.013732283777906052,34006666.666666664,0.043975833536133546
2019-02-27,JPM,0.012321723266536466,0.009847321347538894,11884209.523809524,-0.04231643023681586
2019-02-27,MSFT,0.07203127164602985,0.014586737435224718,27457657.14285714,0.042435528917107224
2019-02-28,AAPL,0.12420883071887645,0.017322736000316325,109407619.04761904,0.09702602292404028
2019-02-28,AMZN,0.02882902857571734,0.02023927434670489,92981904.76190476,0.08593570731353273
2019-02-28,GOOGL,0.052791398665513745,0.013498853112111806,34374190.47619048,0.04468516959222324
2019-02-28,JPM,0.0018238419527041305,0.009993518734758995,12142000.0,-0.029992205307371345
2019-02-28,MSFT,0.09295159382303897,0.013590752748446238,27343057.14285714,0.05275365392705633
2019-03-01,AAPL,0.06336136520789326,0.009863489142515221,102698361.90476191,0.09298737562228343
2019-03-01,AMZN,0.0007782719622044798,0.01776801766519549,92211523.8095238,0.08521712144653315
2019-03-01,GOOGL,0.04602024337675248,0.0129901148880327,34594857.14285714,0.043934867683258494
2019-03-01,JPM,0.00019124076165355497,0.009982134395241822,12203285.714285715,0.0020114001700806128
2019-03-01,MSFT,0.062329295038648924,0.011849320444280944,26106357.14285714,0.05767315779835469
2019-03-04,AAPL,0.06106822036298931,0.009828290265469539,100164380.95238096,0.1033264470660229
2019-03-04,AMZN,-0.013125951660126756,0.016863270406685168,87694476.1904762,0.06945642415180964
2019-03-04,GOOGL,0.024451842851378913,0.011874775425351654,34369047.61904762,0.045187429180648
2019-03-04,JPM,0.006667007153102755,0.009796659959159864,11962604.761904761,0.009117907033382444
2019-03-04,MSFT,0.07956953236746123,0.010889898860787764,24724052.38095238,0.061731473646859714
2019-03-05,AAPL,0.05862862965204152,0.009869013400195893,97701390.47619048,0.11291488198142718
2019-03-05,AMZN,0.040707618679183044,0.011661219032985152,80242380.95238096,0.07579049884014877
2019-03-05,GOOGL,0.045207402044042055,0.01203558963869424,34701333.333333336,0.03559745708169926
2019-03-05,JPM,0.002213905827953111,0.00976952321285165,11860500.0,0.011910382425621702
2019-03-05,MSFT,0.0914285463362603,0.010152073202923757,23962271.42857143,0.07403759336180316
2019-03-06,AAPL,0.023465432591792235,0.00808519097823757,95666133.33333333,0.12130426300097086
2019-03-06,AMZN,0.02182078575792734,0.012143019780428654,79353714.28571428,0.0898229241780053
2019-03-06,GOOGL,0.02060594748957123,0.011340135136373573,32091523.80952381,0.0467920536456603
2019-03-06,JPM,-0.005084079336040825,0.009772082876923611,11822371.42857143,0.025527515405994405
2019-03-06,MSFT,0.061350870645636935,0.00846549951655996,23313314.285714287,0.06809840676584544
2019-03-07,AAPL,-0.0053974693311328314,0.007663701015406253,93512761.90476191,0.14202889342914693
2019-03-07,AMZN,-0.01980935458966404,0.012997098274939462,79833619.04761904,0.12997321840653187
2019-03-07,GOOGL,-0.0008852943974972938,0.01152571852433709,29605333.333333332,0.05265657344345431
2019-03-07,JPM,-0.007900756926041086,0.009851896923893213,11819642.857142856,0.0305507192640726
2019-03-07,MSFT,0.033962368409129695,0.008669658046061077,23218723.80952381,0.08605829289482014
2019-03-08,AAPL,-0.0033772423789476536,0.007684116373001941,92705104.76190476,0.15724900421591226
2019-03-08,AMZN,-0.011863967504675554,0.012795294318229136,80526095.23809524,0.14132521188185931
2019-03-08,GOOGL,0.024116323982393606,0.009987707292214884,28435714.285714287,0.05070582578613125
2019-03-08,JPM,-0.007036624983952855,0.009853065249552867,11907138.095238095,0.033476552441947804
2019-03-08,MSFT,0.04670319103349008,0.00816862558482837,23323895.23809524,0.0852412992524787
2019-03-11,AAPL,0.051054289255394014,0.00974627812709468,92756400.0,0.11514835873710916
2019-03-11,AMZN,0.03484331425476617,0.013986839614104686,79811619.04761904,0.09889743642437487
2019-03-11,GOOGL,0.06632526280835549,0.010584604501932176,28042095.23809524,0.019868396130911625
2019-03-11,JPM,0.01924182814790809,0.009802310883689448,11744552.38095238,0.012673363525823156
2019-03-11,MSFT,0.0763928741194102,0.00883680083131067,23168223.80952381,0.05716561516263052
2019-03-12,AAPL,0.061615818092426,0.009927649794069302,94403561.90476191,0.10894942599182689
2019-03-12,AMZN,0.053443420938479536,0.01337266199701984,77865904.76190476,0.10413606123142105
2019-03-12,GOOGL,0.08605925682374882,0.010798274613940218,29016095.23809524,0.007684238642220675
2019-03-12,JPM,0.02644031427853255,0.00952788691265052,11617242.857142856,0.020242628235568327
2019-03-12,MSFT,0.07982650797166246,0.008868919621430136,23390680.95238095,0.05782413190233182
2019-03-13,AAPL,0.07247843451446068,0.009730785588606105,96315771.42857143,0.09487630980521233
2019-03-13,AMZN,0.06273404881162703,0.013484191355711798,78089428.57142857,0.09064297350790884
2019-03-13,GOOGL,0.08795781779443512,0.010770743048323282,29368000.0,0.00878176038209233
2019-03-13,JPM,0.03479394351788856,0.009435415024037523,11714561.904761905,0.025412968681139514
2019-03-13,MSFT,0.09253204226603962,0.008729420515124943,24181142.85714286,0.050917015229482665
2019-03-14,AAPL,0.07513587128501675,0.009812948840781592,96562628.57142857,0.08240368417256771
2019-03-14,AMZN,0.029432050453932268,0.012070635869804733,76268476.1904762,0.0930128114579103
2019-03-14,GOOGL,0.05760115004623945,0.010025372878230618,28999714.285714287,0.025324421764375327
2019-03-14,JPM,0.026705799550984732,0.008933740184532586,11622857.142857144,0.06380274631155158
2019-03-14,MSFT,0.07661475961882824,0.008359092418582856,24452895.23809524,0.0555021709882495
2019-03-15,AAPL,0.09366523957190176,0.009858039831814998,99715523.8095238,0.07043880474255171
2019-03-15,AMZN,0.04412190507097935,0.012453214871157569,80069047.61904761,0.07738447327519693
2019-03-15,GOOGL,0.05464134816659061,0.010068877974391162,30135142.85714286,0.030437793985132355
2019-03-15,JPM,0.033562906998160225,0.009181141659491894,12292266.666666666,0.03971131316240739
2019-03-15,MSFT,0.08983257980326353,0.008471263273495979,26180809.523809522,0.0443447563433792
2019-03-18,AAPL,0.10081945190757646,0.009939329269634797,100550590.47619048,0.059727688997014194
2019-03-18,AMZN,0.07364494495542173,0.01252166191169822,81315333.33333333,0.06939129679258427
2019-03-18,GOOGL,0.05255963435850841,0.010098451545432685,30294000.0,0.036481413835825593
2019-03-18,JPM,0.046572909412598174,0.009033041921661607,12359742.857142856,0.04440812731854571
2019-03-18,MSFT,0.10450978214219897,0.008716124333640394,26629519.04761905,0.02721788955040183
2019-03-19,AAPL,0.09453134614963332,0.010210028700480822,101887657.14285715,0.08899367652118051
2019-03-19,AMZN,0.09571192863523259,0.012289798048274434,83239428.57142857,0.058444233124264944
2019-03-19,GOOGL,0.07397995333800567,0.009961969218077172,30387428.57142857,0.031335761586265054
2019-03-19,JPM,0.011843187658621135,0.006350531274095238,12272714.285714285,0.07841382147840048
2019-03-19,MSFT,0.09178018487700945,0.008580441616245686,27152461.904761903,0.03501927662461579
2019-03-20,AAPL,0.10080175899348309,0.01024847824583485,104185257.14285715,0.08343949348324275
2019-03-20,AMZN,0.10425914460477603,0.012654893373490161,85700285.71428572,0.03584325762618934
2019-03-20,GOOGL,0.0886986885327945,0.01058344607413111,31317333.333333332,0.012263227900328744
2019-03-20,JPM,-0.00627495600054373,0.00792337376592899,12375371.42857143,0.09384034279172537
2019-03-20,MSFT,0.09107788826071861,0.008599129310230292,27632214.285714287,0.04977905271196836
2019-03-21,AAPL,0.13404632316534548,0.01242985094032906,108931885.71428572,0.04838806909131832
2019-03-21,AMZN,0.12154606585990724,0.012608750982190279,88014761.90476191,0.03740536331445665
2019-03-21,GOOGL,0.10310638598244015,0.010389209982041313,31510666.666666668,0.014262204848729754
2019-03-21,JPM,-0.02668176532339872,0.00851435233457317,12838261.904761905,0.11275636236599884
2019-03-21,MSFT,0.12197875027767213,0.009234641542684479,28024914.285714287,0.02944595602708233
2019-03-22,AAPL,0.11685986417241989,0.013526828582750486,113723885.71428572,0.08599793603209083
2019-03-22,AMZN,0.08974092735039751,0.014748346995929614,90757238.09523809,0.09009668934513271
2019-03-22,GOOGL,0.09367792087928883,0.011296574498893357,31565428.57142857,0.05211775016699938
2019-03-22,JPM,-0.054138434514527156,0.010609650278776925,13919933.333333334,0.1488601426117171
2019-03-22,MSFT,0.06982909807016036,0.010895472832254244,28242119.04761905,0.07167911079675982
2019-03-25,AAPL,0.09117195933984967,0.01397271701999687,118472857.14285715,0.09759461829365534
2019-03-25,AMZN,0.08746223553652843,0.014732080248114109,92669238.09523809,0.07185535686489009
2019-03-25,GOOGL,0.07238312688292936,0.011514496242178514,31476857.14285714,0.052339180252104045
2019-03-25,JPM,-0.05780963580504028,0.010676877813107803,14414457.142857144,0.15656411798330105
2019-03-25,MSFT,0.060286347060400924,0.010614743993648593,28208971.42857143,0.062468163511994135
2019-03-26,AAPL,0.07208873818314654,0.014306590696401809,123792304.76190476,0.09898814180425752
2019-03-26,AMZN,0.09232090475553756,0.014715493526813337,94270571.42857143,0.06642708970449229
2019-03-26,GOOGL,0.0648955981598982,0.011696124739245195,31693238.095238097,0.06513488135326839
2019-03-26,JPM,-0.05824668427962032,0.010648238457258877,14640952.38095238,0.14570960911543684
2019-03-26,MSFT,0.056635935140954885,0.010596903432297574,28320738.095238097,0.09532688299179504
2019-03-27,AAPL,0.08111070118908636,0.014340889190096188,126226247.61904761,0.0839918888763822
2019-03-27,AMZN,0.0790149595624372,0.015045584021911015,95850571.42857143,0.10473464036201441
2019-03-27,GOOGL,0.04991053890485064,0.012029897716321583,31426666.666666668,0.08438802785587396
2019-03-27,JPM,-0.054231168077557235,0.0105920586384623,14511800.0,0.1583241382964804
2019-03-27,MSFT,0.0392488201319543,0.010880018912922246,28377723.80952381,0.11235765258964325
2019-03-28,AAPL,0.0792016066969774,0.014350542899168844,124882438.09523809,0.0841990349807793
2019-03-28,AMZN,0.08063544492181207,0.01504481953223973,95749809.52380952,0.09304624692992824
2019-03-28,GOOGL,0.043975833536133546,0.012130581725250458,31441428.57142857,0.10571790586875651
2019-03-28,JPM,-0.04231643023681586,0.011020233102329522,14630147.61904762,0.16183634753593212
2019-03-28,MSFT,0.042435528917107224,0.010850087933203323,28227614.285714287,0.10980957986595641
2019-03-29,AAPL,0.09702602292404028,0.014017234421287182,123996457.14285715,0.056435687244037025
2019-03-29,AMZN,0.08593570731353273,0.015008264079564694,96030666.66666667,0.08185874546916994
2019-03-29,GOOGL,0.04468516959222324,0.01213469091088323,31606571.42857143,0.01875273636106023
2019-03-29,JPM,-0.029992205307371345,0.01104757676436417,14599980.952380951,0.15517104741534116
2019-03-29,MSFT,0.05275365392705633,0.010914695742561825,28052180.95238095,0.10734252185756432
2019-04-01,AAPL,0.09298737562228343,0.01396101897315813,124372800.0,0.10081571005331913
2019-04-01,AMZN,0.08521712144653315,0.014974310152813985,95329619.04761904,0.05364921044459825
2019-04-01,GOOGL,0.043934867683258494,0.012083293734607302,31302761.904761903,-0.021401491950447715
2019-04-01,JPM,0.0020114001700806128,0.013444641753689418,14775504.761904761,0.10895602688050454
2019-04-01,MSFT,0.05767315779835469,0.011004427225634238,28018271.42857143,0.07444164526779407
2019-04-02,AAPL,0.1033264470660229,0.014137685873750125,123483180.95238096,0.0779818199521034
2019-04-02,AMZN,0.06945642415180964,0.014796430391739734,92739809.52380952,0.04787266660548495
2019-04-02,GOOGL,0.045187429180648,0.012096854561342425,30483619.04761905,-0.03237553659804382
2019-04-02,JPM,0.009117907033382444,0.013468039004087636,14672128.57142857,0.10607846709509294
2019-04-02,MSFT,0.061731473646859714,0.010946744599898531,27615142.85714286,0.05889793895878226
2019-04-03,AAPL,0.11291488198142718,0.01406150545310346,124156400.0,0.0839520383740251
2019-04-03,AMZN,0.07579049884014877,0.014742450535884568,92972761.90476191,0.07786013238195322
2019-04-03,GOOGL,0.03559745708169926,0.011822053226431678,29630571.42857143,-0.017558529066323603
2019-04-03,JPM,0.011910382425621702,0.013468347009880616,14702728.57142857,0.1106649733268843
2019-04-03,MSFT,0.07403759336180316,0.010819032460468763,27773352.38095238,0.07443528869621141
2019-04-04,AAPL,0.12130426300097086,0.013863269699710514,123833333.33333333,0.06535869579991127
2019-04-04,AMZN,0.0898229241780053,0.014239285535067741,92618380.95238096,0.07240244424513564
2019-04-04,GOOGL,0.0467920536456603,0.011811139913953213,29507714.285714287,-0.02131281843082189
2019-04-04,JPM,0.025527515405994405,0.013566909725809657,14839933.333333334,0.09028053135045666
2019-04-04,MSFT,0.06809840676584544,0.010962525740648993,27888866.666666668,0.07364297013041599
2019-04-05,AAPL,0.14202889342914693,0.013296055953854611,122639085.71428572,0.02974621020062007
2019-04-05,AMZN,0.12997321840653187,0.0125119224535275,91364571.42857143,0.0455674117280267
2019-04-05,GOOGL,0.05265657344345431,0.011533620106533981,29028000.0,-0.026901507809374836
2019-04-05,JPM,0.0305507192640726,0.013455262303735784,14707933.333333334,0.07501695743746994
2019-04-05,MSFT,0.08605829289482014,0.010382020124227549,27435876.19047619,0.04695983674677806
2019-04-08,AAPL,0.15724900421591226,0.013411630321674011,122997619.04761904,0.01399333207777298
2019-04-08,AMZN,0.14132521188185931,0.012338276971430308,90493904.76190476,0.036710889710854566
2019-04-08,GOOGL,0.05070582578613125,0.01156693805359227,28935428.57142857,-0.031035917645510946
2019-04-08,JPM,0.033476552441947804,0.013457591336586732,14587642.857142856,0.06587778162510838
2019-04-08,MSFT,0.0852412992524787,0.010393844508048734,27069104.76190476,0.046527274316587874
2019-04-09,AAPL,0.11514835873710916,0.011980503526180492,123713276.1904762,0.006115409960882667
2019-04-09,AMZN,0.09889743642437487,0.011350868531310362,90339619.04761904,0.03487776653032015
2019-04-09,GOOGL,0.019868396130911625,0.010371082123474297,28441904.76190476,-0.028868596691694837
2019-04-09,JPM,0.012673363525823156,0.013332562985291221,14555690.476190476,0.07294746703432664
2019-04-09,MSFT,0.05716561516263052,0.009810613293536297,26646266.666666668,0.05214634705054366
2019-04-10,AAPL,0.10894942599182689,0.011903137440940133,121661409.52380952,-0.013361655037048448
2019-04-10,AMZN,0.10413606123142105,0.01133393402163162,89720095.23809524,0.02308737123411886
2019-04-10,GOOGL,0.007684238642220675,0.009862068515455413,27170000.0,-0.03216866566118437
2019-04-10,JPM,0.020242628235568327,0.0133295853682304,14587271.42857143,0.0680653193798888
2019-04-10,MSFT,0.05782413190233182,0.009825320314593515,26186480.95238095,0.0577421267596423
2019-04-11,AAPL,0.09487630980521233,0.012254078036186186,119731561.90476191,-0.06290418419483856
2019-04-11,AMZN,0.09064297350790884,0.011338601265467787,88865619.04761904,-0.011599301200458711
2019-04-11,GOOGL,0.00878176038209233,0.009871025602652017,26746666.666666668,-0.06035087281396956
2019-04-11,JPM,0.025412968681139514,0.013419801828865548,14499728.57142857,0.030311472241719706
2019-04-11,MSFT,0.050917015229482665,0.009761991236249856,25171971.42857143,0.025097446660507172
2019-04-12,AAPL,0.08240368417256771,0.012195906472003769,120527980.95238096,-0.04768667206050814
2019-04-12,AMZN,0.0930128114579103,0.011282229113029223,89025428.57142857,-0.0015952076874637955
2019-04-12,GOOGL,0.025324421764375327,0.010023312421182418,26604285.714285713,-0.08004231929169858
2019-04-12,JPM,0.06380274631155158,0.01666116064500423,15209614.285714285,-0.008002686925283276
2019-04-12,MSFT,0.0555021709882495,0.009772090321764824,24647290.476190478,0.03125278671176934
2019-04-15,AAPL,0.07043880474255171,0.012018905054388206,116431542.85714285,-0.03802019823785363
2019-04-15,AMZN,0.07738447327519693,0.011003184414666196,85381142.85714285,0.014244938604892843
2019-04-15,GOOGL,0.030437793985132355,0.010004939708132547,25266666.666666668,-0.04543701138039902
2019-04-15,JPM,0.03971131316240739,0.016832250806351447,14750190.476190476,-0.0003641093555534214
2019-04-15,MSFT,0.0443447563433792,0.009561560101542499,22795457.14285714,0.04491093063790852
2019-04-16,AAPL,0.059727688997014194,0.011931107699192815,116331847.61904761,-0.042348456824870984
2019-04-16,AMZN,0.06939129679258427,0.010647966196743177,83110190.47619048,0.023901810531516077
2019-04-16,GOOGL,0.036481413835825593,0.010000325092873496,25180000.0,-0.038485079925265175
2019-04-16,JPM,0.04440812731854571,0.0169154830435002,14685795.238095239,0.0018905518789726905
2019-04-16,MSFT,0.02721788955040183,0.009180970229093295,21979466.666666668,0.07151798541389298
2019-04-17,AAPL,0.08899367652118051,0.01219103968844389,115810019.04761904,-0.06597847945164204
2019-04-17,AMZN,0.058444233124264944,0.010495003865826162,79804761.90476191,0.002241499338367481
2019-04-17,GOOGL,0.031335761586265054,0.009808737650505786,25207523.80952381,-0.05754180374977658
2019-04-17,JPM,0.07841382147840048,0.017812633020787654,14919252.38095238,-0.03088368624707971
2019-04-17,MSFT,0.03501927662461579,0.009303477718602356,21108619.04761905,0.055629788670589875
2019-04-18,AAPL,0.08343949348324275,0.012145581252946234,114507276.1904762,-0.09842502418432719
2019-04-18,AMZN,0.03584325762618934,0.009744865042213311,76456476.1904762,-0.0014610550873338513
2019-04-18,GOOGL,0.012263227900328744,0.00885511892224725,24409523.80952381,-0.07798011689941953
2019-04-18,JPM,0.09384034279172537,0.017072913377743686,14804071.42857143,-0.018596904801795988
2019-04-18,MSFT,0.04977905271196836,0.009604548719362409,21102795.23809524,0.026888111052113528
2019-04-22,AAPL,0.04838806909131832,0.009519061783518846,108489238.09523809,-0.08415093789767147
2019-04-22,AMZN,0.03740536331445665,0.009832492112700297,74176476.1904762,-0.01578439080984828
2019-04-22,GOOGL,0.014262204848729754,0.008947233800565505,23977809.523809522,-0.079217696253983
2019-04-22,JPM,0.11275636236599884,0.016458779083250226,14243352.38095238,-0.01646118469618929
2019-04-22,MSFT,0.02944595602708233,0.008372336532490985,20426333.333333332,0.029167329094849315
2019-04-23,AAPL,0.08599793603209083,0.008280622121310272,104854057.14285715,-0.11565503334879645
2019-04-23,AMZN,0.09009668934513271,0.007473356632925972,72535904.76190476,-0.03331477577169806
2019-04-23,GOOGL,0.05211775016699938,0.007533679150501471,23856190.476190478,-0.09030437663519386
2019-04-23,JPM,0.1488601426117171,0.014368737914196511,13199442.857142856,-0.0256727305618607
2019-04-23,MSFT,0.07167911079675982,0.005923497193287276,19969238.095238097,0.02154455890292173
2019-04-24,AAPL,0.09759461829365534,0.007544912012086599,99843638.09523809,-0.12940788562335448
2019-04-24,AMZN,0.07185535686489009,0.008200726292256474,71175904.76190476,-0.04536347449942868
2019-04-24,GOOGL,0.052339180252104045,0.007518632376803781,23657142.85714286,-0.09103591315649484
2019-04-24,JPM,0.15656411798330105,0.01409114439182784,12638176.19047619,-0.04324082408779595
2019-04-24,MSFT,0.062468163511994135,0.0060833210500788265,20168757.14285714,0.013095455425769398
2019-04-25,AAPL,0.09898814180425752,0.0074256925222579186,93889866.66666667,-0.1248089642780762
2019-04-25,AMZN,0.06642708970449229,0.008213499587254142,72350380.95238096,-0.04151401193558524
2019-04-25,GOOGL,0.06513488135326839,0.007273363905173736,23685333.333333332,-0.10157480841340161
2019-04-25,JPM,0.14570960911543684,0.01414316736604308,12320304.761904761,-0.03432764261156718
2019-04-25,MSFT,0.09532688299179504,0.008962228414735042,20737147.61904762,-0.018913640543018362
2019-04-26,AAPL,0.0839918888763822,0.007617267473234946,91756666.66666667,-0.12424677912589988
2019-04-26,AMZN,0.10473464036201441,0.008980396111177768,76262571.42857143,-0.05854517751543398
2019-04-26,GOOGL,0.08438802785587396,0.006702927707423931,23580571.42857143,-0.10792046703234592
2019-04-26,JPM,0.1583241382964804,0.013956923744455315,12088690.476190476,-0.05197877767511949
2019-04-26,MSFT,0.11235765258964325,0.008365141158230957,20781028.57142857,-0.025121421282768064
2019-04-29,AAPL,0.0841990349807793,0.007614179428696634,92027961.90476191,-0.12974406662529336
2019-04-29,AMZN,0.09304624692992824,0.009299003795751177,77194285.71428572,-0.06151367771345262
2019-04-29,GOOGL,0.10571790586875651,0.006784453021681778,25959904.76190476,-0.13598196680477415
2019-04-29,JPM,0.16183634753593212,0.014019333706778676,12173838.095238095,-0.06803304406724353
2019-04-29,MSFT,0.10980957986595641,0.008431219003607306,20685285.714285713,-0.03365601027438336
2019-04-30,AAPL,0.056435687244037025,0.009100647334140318,96403371.42857143,-0.1080547986769429
2019-04-30,AMZN,0.08185874546916994,0.009573855825656705,77370666.66666667,-0.057201531391554705
2019-04-30,GOOGL,0.01875273636106023,0.018704310430867045,30830761.904761903,-0.06468098484487383
2019-04-30,JPM,0.15517104741534116,0.014118579606015355,12024585.714285715,-0.07746651877702249
2019-04-30,MSFT,0.10734252185756432,0.008397070045355188,20626557.14285714,-0.033725859255378854
2019-05-01,AAPL,0.10081571005331913,0.013619430672669646,103444380.95238096,-0.1651901973212725
2019-05-01,AMZN,0.05364921044459825,0.00924469962533716,76302285.71428572,-0.07138292839092619
2019-05-01,GOOGL,-0.021401491950447715,0.018855086380282556,33051428.57142857,-0.05694959931348209
2019-05-01,JPM,0.10895602688050454,0.013052025449637046,11687138.095238095,-0.07988877285961193
2019-05-01,MSFT,0.07444164526779407,0.010027895080144135,20818585.714285713,-0.029263119005829785
2019-05-02,AAPL,0.0779818199521034,0.01363147038399019,105202590.47619048,-0.16821700616014224
2019-05-02,AMZN,0.04787266660548495,0.009399304364018068,76792571.42857143,-0.1094948677930716
2019-05-02,GOOGL,-0.03237553659804382,0.018826495210263017,34328095.23809524,-0.10953190241892674
2019-05-02,JPM,0.10607846709509294,0.013066797702207623,11607038.095238095,-0.07754972334560284
2019-05-02,MSFT,0.05889793895878226,0.01065431645369184,21257057.14285714,-0.046956844881633875
2019-05-03,AAPL,0.0839520383740251,0.013750429852433483,104749371.42857143,-0.14837418675286818
2019-05-03,AMZN,0.07786013238195322,0.011478341859036045,79131142.85714285,-0.11867762035483842
2019-05-03,GOOGL,-0.017558529066323603,0.01935360481532042,35252285.71428572,-0.1135387970879077
2019-05-03,JPM,0.1106649733268843,0.013052216428741601,11449238.095238095,-0.054943236688080876
2019-05-03,MSFT,0.07443528869621141,0.011377927168538431,21354695.23809524,-0.040993636211327455
2019-05-06,AAPL,0.06535869579991127,0.014384170639935372,107288190.47619048,-0.12105284434688257
2019-05-06,AMZN,0.07240244424513564,0.011632823434974373,80839619.04761904,-0.10871286236447364
2019-05-06,GOOGL,-0.02131281843082189,0.019294244874333587,35764285.71428572,-0.12469625798354345
2019-05-06,JPM,0.09028053135045666,0.013350767564036185,11327090.476190476,-0.04309661766071371
2019-05-06,MSFT,0.07364297013041599,0.011406649904351576,21551219.04761905,-0.014469223036981727
2019-05-07,AAPL,0.02974621020062007,0.015773032992316974,111142876.1904762,-0.08344052192345974
2019-05-07,AMZN,0.0455674117280267,0.012195801113503704,82993523.8095238,-0.08674649107436327
2019-05-07,GOOGL,-0.026901507809374836,0.019417640754489394,36554380.952380955,-0.11120920684945923
2019-05-07,JPM,0.07501695743746994,0.014025551969370055,11569185.714285715,-0.025086138479466502
2019-05-07,MSFT,0.04695983674677806,0.01254258558003782,22512719.04761905,0.02209307412230377
2019-05-08,AAPL,0.01399333207777298,0.015433321439368555,111230076.1904762,-0.059229959434433765
2019-05-08,AMZN,0.036710889710854566,0.012175099150404045,83303809.52380952,-0.059308432956350465
2019-05-08,GOOGL,-0.031035917645510946,0.019456045721892676,36733904.76190476,-0.08747167949477008
2019-05-08,JPM,0.06587778162510838,0.014157955194395874,11641542.857142856,-0.030636643361938498
2019-05-08,MSFT,0.046527274316587874,0.012546086707842062,23146185.714285713,0.05080365379444762
2019-05-09,AAPL,0.006115409960882667,0.01561942397905877,111066342.85714285,-0.03685922765500971
2019-05-09,AMZN,0.03487776653032015,0.012248404658453687,84821809.52380952,-0.02065402360037616
2019-05-09,GOOGL,-0.028868596691694837,0.019443149438595247,37204761.9047619,-0.07295558084119402
2019-05-09,JPM,0.07294746703432664,0.013985209647868322,11789814.285714285,-0.019374250114454594
2019-05-09,MSFT,0.05214634705054366,0.01243665455255185,23604461.904761903,0.06048454855691143
2019-05-10,AAPL,-0.013361655037048448,0.01587050069894202,114783180.95238096,-0.01201956934996462
2019-05-10,AMZN,0.02308737123411886,0.01229068834637841,87444666.66666667,-0.01390494061402181
2019-05-10,GOOGL,-0.03216866566118437,0.019419377202704945,37973333.333333336,-0.07416667991404613
2019-05-10,JPM,0.0680653193798888,0.014003904744084207,11899657.142857144,-0.01626520107823426
2019-05-10,MSFT,0.0577421267596423,0.012601124466674173,24291980.95238095,0.0429398717749061
2019-05-13,AAPL,-0.06290418419483856,0.02021880776210003,121741238.09523809,0.045606348163574006
2019-05-13,AMZN,-0.011599301200458711,0.014679881396499846,90424285.71428572,0.017907653638524756
2019-05-13,GOOGL,-0.06035087281396956,0.020151997078178392,39336571.428571425,-0.05058111393107412
2019-05-13,JPM,0.030311472241719706,0.015427979071176998,12023461.904761905,-0.0016446846125451886
2019-05-13,MSFT,0.025097446660507172,0.014462195659654696,25231780.95238095,0.06993706195686356
2019-05-14,AAPL,-0.04768667206050814,0.020625012542012745,123411523.8095238,0.029099611888985688
2019-05-14,AMZN,-0.0015952076874637955,0.014841700044874033,91866857.14285715,0.01640113405216348
2019-05-14,GOOGL,-0.08004231929169858,0.019965301827532388,40102285.71428572,-0.030092592909586546
2019-05-14,JPM,-0.008002686925283276,0.011561355756249532,11293438.095238095,-0.007070592167134793
2019-05-14,MSFT,0.03125278671176934,0.014602275761448348,25494695.23809524,0.06477834797073156
2019-05-15,AAPL,-0.03802019823785363,0.020840153813164643,125127352.38095239,0.009532659415846245
2019-05-15,AMZN,0.014244938604892843,0.015290515945357299,92788952.38095239,-0.0007910122093958138
2019-05-15,GOOGL,-0.04543701138039902,0.022189144028246593,41793047.61904762,-0.07217289882549205
2019-05-15,JPM,-0.0003641093555534214,0.01131256161919296,11054304.761904761,-0.000727893615366848
2019-05-15,MSFT,0.04491093063790852,0.01485297300626226,25919938.095238097,0.05102353860694708
2019-05-16,AAPL,-0.042348456824870984,0.02084454330548734,126524495.23809524,0.020043950765737506
2019-05-16,AMZN,0.023901810531516077,0.015713598759238875,94372952.38095239,-0.011291889237497355
2019-05-16,GOOGL,-0.038485079925265175,0.022350769339859685,42397142.85714286,-0.07649636991937447
2019-05-16,JPM,0.0018905518789726905,0.01142875290845891,10963328.57142857,-0.0187767524716399
2019-05-16,MSFT,0.07151798541389298,0.015488064968943432,26683766.666666668,0.030404179264461373
2019-05-17,AAPL,-0.06597847945164204,0.02027283977032192,127281123.8095238,0.04999986487755548
2019-05-17,AMZN,0.002241499338367481,0.016397472680755094,96128285.71428572,0.017319420103949268
2019-05-17,GOOGL,-0.05754180374977658,0.022404132171980975,42158857.14285714,-0.05436449104496244
2019-05-17,JPM,-0.03088368624707971,0.009387609961129624,10571814.285714285,-0.0005417787109666117
2019-05-17,MSFT,0.055629788670589875,0.015596184747079111,26991842.85714286,0.05536019740919507
2019-05-20,AAPL,-0.09842502418432719,0.021111887043904997,130027123.8095238,0.08072545322083124
2019-05-20,AMZN,-0.0014610550873338513,0.016438683471167934,97126666.66666667,0.02679975762840936
2019-05-20,GOOGL,-0.07798011689941953,0.022726043817056917,42437523.809523806,-0.035075875729476014
2019-05-20,JPM,-0.018596904801795988,0.009393924556188036,10382114.285714285,-0.0129322984586836
2019-05-20,MSFT,0.026888111052113528,0.015832560048290086,26787838.095238097,0.07502769672446274
2019-05-21,AAPL,-0.08415093789767147,0.02168930888519577,131727180.95238096,0.06891755713555092
2019-05-21,AMZN,-0.01578439080984828,0.016136100390362413,97727904.76190476,0.032661836096821606
2019-05-21,GOOGL,-0.079217696253983,0.02268765483484805,42507904.76190476,-0.0357230279286993
2019-05-21,JPM,-0.01646118469618929,0.00943006942223719,10381733.333333334,-0.013783381302555187
2019-05-21,MSFT,0.029167329094849315,0.015852501271130956,26770914.285714287,0.07919586981662197
2019-05-22,AAPL,-0.11565503334879645,0.02154739571274498,132951104.76190476,0.08753690917485257
2019-05-22,AMZN,-0.03331477577169806,0.015486964707024483,96105238.09523809,0.02775747708798093
2019-05-22,GOOGL,-0.09030437663519386,0.022382133033412254,41886857.14285714,-0.02637022140439016
2019-05-22,JPM,-0.0256727305618607,0.009552858531733748,10321057.142857144,-0.01245228223957584
2019-05-22,MSFT,0.02154455890292173,0.015649691740076136,26360009.523809522,0.07284443054090217
2019-05-23,AAPL,-0.12940788562335448,0.021666786690034884,136568076.19047618,0.10530991211847174
2019-05-23,AMZN,-0.04536347449942868,0.016103809060560952,96818095.23809524,0.05421153091336062
2019-05-23,GOOGL,-0.09103591315649484,0.022390010163679863,41973428.571428575,-0.025005889098540623
2019-05-23,JPM,-0.04324082408779595,0.010370380991760282,10574023.80952381,0.00018410520307066136
2019-05-23,MSFT,0.013095455425769398,0.015871571810603977,25995571.42857143,0.09193214185527543
2019-05-24,AAPL,-0.1248089642780762,0.02166401326411246,137553123.80952382,0.09275296270664035
2019-05-24,AMZN,-0.04151401193558524,0.016157175676316183,94218666.66666667,0.030159892235766428
2019-05-24,GOOGL,-0.10157480841340161,0.022271907818858572,41364380.952380955,-0.044817884917167095
2019-05-24,JPM,-0.03432764261156718,0.010681118384927241,10537142.857142856,-0.01777425511581976
2019-05-24,MSFT,-0.018913640543018362,0.014034163812510705,24856976.19047619,0.05695479828173067
2019-05-28,AAPL,-0.12424677912589988,0.021666424029372765,139324380.95238096,0.1210232557473081
2019-05-28,AMZN,-0.05854517751543398,0.015068975187994752,89235238.09523809,0.033434430988760644
2019-05-28,GOOGL,-0.10792046703234592,0.022121006755327802,41065333.333333336,-0.051985069667764505
2019-05-28,JPM,-0.05197877767511949,0.010645953702577067,10716961.904761905,-0.0003685321854146606
2019-05-28,MSFT,-0.025121421282768064,0.013954259107064788,24831904.76190476,0.061588535197071526
2019-05-29,AAPL,-0.12974406662529336,0.021599627717109604,140519904.76190478,0.12605732170393824
2019-05-29,AMZN,-0.06151367771345262,0.015120725297676083,89480666.66666667,0.04677349331216507
2019-05-29,GOOGL,-0.13598196680477415,0.02178022104338781,39344476.190476194,-0.03867178344797084
2019-05-29,JPM,-0.06803304406724353,0.009917640834634598,10513352.38095238,0.005728897066556771
2019-05-29,MSFT,-0.03365601027438336,0.014078154850051629,25138519.04761905,0.07371545893058773
2019-05-30,AAPL,-0.1080547986769429,0.021529117245350237,135697714.2857143,0.11003931340651985
2019-05-30,AMZN,-0.057201531391554705,0.015104710265842746,89138666.66666667,0.04256410019460777
2019-05-30,GOOGL,-0.06468098484487383,0.015178188973402977,33864000.0,-0.03442995214902855
2019-05-30,JPM,-0.07746651877702249,0.010025068373472711,10464719.047619049,0.04427445177016254
2019-05-30,MSFT,-0.033725859255378854,0.014076114895364669,24789142.85714286,0.065458116751959
2019-05-31,AAPL,-0.1651901973212725,0.017711189873455078,128500819.04761904,0.1512538908438521
2019-05-31,AMZN,-0.07138292839092619,0.015695913971651248,90568952.38095239,0.08288118239172548
2019-05-31,GOOGL,-0.05694959931348209,0.014787765269299168,31827904.76190476,-0.005874327685204572
2019-05-31,JPM,-0.07988877285961193,0.010091455751703471,10490428.57142857,0.07285754834612668
2019-05-31,MSFT,-0.029263119005829785,0.013798106975001655,24780814.285714287,0.09702448623455617
2019-06-03,AAPL,-0.16821700616014224,0.01770930395182626,130100780.95238096,0.16982114094899292
2019-06-03,AMZN,-0.1094948677930716,0.018292990691795356,95460190.47619048,0.1427432250692382
2019-06-03,GOOGL,-0.10953190241892674,0.019552459741261033,34294190.47619048,0.07110534144981129
2019-06-03,JPM,-0.07754972334560284,0.010183087466144498,10636495.238095239,0.0689461899512196
2019-06-03,MSFT,-0.046956844881633875,0.015063548737733577,25287166.666666668,0.13968627329503924
2019-06-04,AAPL,-0.14837418675286818,0.01980265410924486,132019942.85714285,0.13788681079318454
2019-06-04,AMZN,-0.11867762035483842,0.01731517295409443,94791142.85714285,0.12109438824213203
2019-06-04,GOOGL,-0.1135387970879077,0.019281984218641426,35195333.333333336,0.06496037945735678
2019-06-04,JPM,-0.054943236688080876,0.012536141862455547,10859028.57142857,0.035344804214711534
2019-06-04,MSFT,-0.040993636211327455,0.01561626491876715,25500095.23809524,0.11610874775310598
2019-06-05,AAPL,-0.12105284434688257,0.02035546987594354,131511428.57142857,0.11882339732558833
2019-06-05,AMZN,-0.10871286236447364,0.017481039018263984,93669238.09523809,0.11757833503050974
2019-06-05,GOOGL,-0.12469625798354345,0.019189523646940394,35919809.52380952,0.08426805331645637
2019-06-05,JPM,-0.04309661766071371,0.01251921462718907,10809195.238095239,0.03780507510317843
2019-06-05,MSFT,-0.014469223036981727,0.0164020977624596,25532776.19047619,0.08924697456807551
2019-06-06,AAPL,-0.08344052192345974,0.020232049564992013,128418590.47619048,0.07990483864977183
2019-06-06,AMZN,-0.08674649107436327,0.017600517093817276,91561809.52380952,0.11283880997521689
2019-06-06,GOOGL,-0.11120920684945923,0.019235424990151816,35558666.666666664,0.06588344641121413
2019-06-06,JPM,-0.025086138479466502,0.012105887555315727,10509623.80952381,0.029891127268769635
2019-06-06,MSFT,0.02209307412230377,0.016105435548595785,24839504.76190476,0.07150725118955203
2019-06-07,AAPL,-0.059229959434433765,0.02129584319390445,129246190.47619048,0.05832255114133433
2019-06-07,AMZN,-0.059308432956350465,0.018975206367921608,92256666.66666667,0.10214354509400447
2019-06-07,GOOGL,-0.08747167949477008,0.019992486371338294,36430476.190476194,0.05234143514438361
2019-06-07,JPM,-0.030636643361938498,0.01226523583754349,10559295.238095239,0.045735474007025045
2019-06-07,MSFT,0.05080365379444762,0.01713058837689478,25099819.04761905,0.03850878126649926
2019-06-10,AAPL,-0.03685922765500971,0.02146871692783572,127591390.47619048,0.05530140839840714
2019-06-10,AMZN,-0.02065402360037616,0.020300337545251755,92316380.95238096,0.08426174723681856
2019-06-10,GOOGL,-0.07295558084119402,0.020358762953004712,36380666.666666664,0.05370524873811888
2019-06-10,JPM,-0.019374250114454594,0.012552359565419136,10519995.238095239,0.0315399128381495
2019-06-10,MSFT,0.06048454855691143,0.017179037582156984,25063690.476190478,0.039592977560132026
2019-06-11,AAPL,-0.01201956934996462,0.021458196911953074,124872190.47619048,0.035624396615878906
2019-06-11,AMZN,-0.01390494061402181,0.020280985919833936,90720857.14285715,0.07370821415261108
2019-06-11,GOOGL,-0.07416667991404613,0.020350753474264672,36469142.85714286,0.05831425777154742
2019-06-11,JPM,-0.01626520107823426,0.012581079028971882,10360885.714285715,0.038198287491162164
2019-06-11,MSFT,0.0429398717749061,0.017077941459639673,24730290.476190478,0.047691220887785546
2019-06-12,AAPL,0.045606348163574006,0.01693587874434108,117409828.57142857,0.04691296226659358
2019-06-12,AMZN,0.017907653638524756,0.018657026114199407,87763619.04761904,0.08391009969960583
2019-06-12,GOOGL,-0.05058111393107412,0.019648944627889256,35423619.047619045,0.06138455014856903
2019-06-12,JPM,-0.0016446846125451886,0.01139889634020428,10165019.047619049,0.06265483549003537
2019-06-12,MSFT,0.06993706195686356,0.015544555025204953,23927795.23809524,0.05635401024796227
2019-06-13,AAPL,0.029099611888985688,0.016652672103031944,114580285.71428572,0.056966567755413866
2019-06-13,AMZN,0.01640113405216348,0.018625588473977286,86017619.04761904,0.0805699638693933
2019-06-13,GOOGL,-0.030092592909586546,0.01976448018298609,34491333.333333336,0.0545366019229816
2019-06-13,JPM,-0.007070592167134793,0.011269430282987773,10065176.19047619,0.04716439136680606
2019-06-13,MSFT,0.06477834797073156,0.015457636897354594,23543723.80952381,0.049727787570329474
2019-06-14,AAPL,0.009532659415846245,0.016576354378047633,113097771.42857143,0.06101489230734569
2019-06-14,AMZN,-0.0007910122093958138,0.01826512163282691,84263904.76190476,0.07500259730847847
2019-06-14,GOOGL,-0.07217289882549205,0.017251060129087576,32838000.0,0.061824467012914885
2019-06-14,JPM,-0.000727893615366848,0.01125531636835476,10014480.952380951,0.05568243590465283
2019-06-14,MSFT,0.05102353860694708,0.015255585809616296,23215104.76190476,0.034957002586876174
2019-06-17,AAPL,0.020043950765737506,0.016574929254930815,109600190.47619048,0.048790452735090195
2019-06-17,AMZN,-0.011291889237497355,0.01784260026246437,82289142.85714285,0.05620274482321852
2019-06-17,GOOGL,-0.07649636991937447,0.017074271792259482,32098095.23809524,0.04831388595693187
2019-06-17,JPM,-0.0187767524716399,0.01091756693710114,9940952.38095238,0.05106229256009942
2019-06-17,MSFT,0.030404179264461373,0.014510447790628728,22472514.285714287,0.02574350362694866
2019-06-18,AAPL,0.04999986487755548,0.01719294320595379,108394838.09523809,0.036331856262515894
2019-06-18,AMZN,0.017319420103949268,0.017332354605824867,81488285.71428572,0.04024992580743891
2019-06-18,GOOGL,-0.05436449104496244,0.017186734904761882,32534476.19047619,0.03800077086834053
2019-06-18,JPM,-0.0005417787109666117,0.011316885550791684,10011771.42857143,0.0431020806454705
2019-06-18,MSFT,0.05536019740919507,0.014778120837644923,22480323.80952381,0.009322517023581334
2019-06-19,AAPL,0.08072545322083124,0.015434680074342852,105063771.42857143,0.023853836205895096
2019-06-19,AMZN,0.02679975762840936,0.017281076731090944,80628380.95238096,0.02919649679130476
2019-06-19,GOOGL,-0.035075875729476014,0.01667883853474649,32349333.333333332,0.024481377105267876
2019-06-19,JPM,-0.0129322984586836,0.01135718823117233,10231214.285714285,0.040340401547132476
2019-06-19,MSFT,0.07502769672446274,0.014248364829466462,22482109.523809522,0.006853749421564803
2019-06-20,AAPL,0.06891755713555092,0.015067710133215664,103758857.14285715,0.0389048921017483
2019-06-20,AMZN,0.032661836096821606,0.01728986973234864,79878000.0,0.035158161012803335
2019-06-20,GOOGL,-0.0357230279286993,0.016658985690150067,32513904.76190476,0.0233652289426709
2019-06-20,JPM,-0.013783381302555187,0.011343622841300761,10501219.047619049,0.04436875598988421
2019-06-20,MSFT,0.07919586981662197,0.014298837208201519,23327314.285714287,0.010807019896586612
2019-06-21,AAPL,0.08753690917485257,0.014154949294716175,107197333.33333333,0.050608635422816795
2019-06-21,AMZN,0.02775747708798093,0.01732800569124744,80827523.8095238,0.04352534940414632
2019-06-21,GOOGL,-0.02637022140439016,0.016874470524593437,34035238.0952381,0.020153423902260492
2019-06-21,JPM,-0.01245228223957584,0.011302788332846323,11414104.761904761,0.07075803224542954
2019-06-21,MSFT,0.07284443054090217,0.01430888129842299,24343095.23809524,0.016937722852261805
2019-06-24,AAPL,0.10530991211847174,0.013365869439067554,103709847.61904761,0.050810879109856044
2019-06-24,AMZN,0.05421153091336062,0.016339021481024712,78788190.47619048,0.04540986619160514
2019-06-24,GOOGL,-0.025005889098540623,0.016844413283073446,33988666.666666664,0.0206234401340466
2019-06-24,JPM,0.00018410520307066136,0.010547162876660578,11341800.0,0.08280061690332507
2019-06-24,MSFT,0.09193214185527543,0.013888031053177222,24201428.57142857,0.021338361770735004
2019-06-25,AAPL,0.09275296270664035,0.013949748052807584,103206152.38095239,0.05854701967308018
2019-06-25,AMZN,0.030159892235766428,0.016975883997702106,78447809.52380952,0.05087132385496318
2019-06-25,GOOGL,-0.044817884917167095,0.017688458061813968,34612000.0,0.04446573697166434
2019-06-25,JPM,-0.01777425511581976,0.01044752363537145,11823838.095238095,0.08137683077807512
2019-06-25,MSFT,0.05695479828173067,0.015937535197908484,25115904.76190476,0.05066363753895087
2019-06-26,AAPL,0.1210232557473081,0.014297172924680537,102847923.8095238,0.0397399787677446
2019-06-26,AMZN,0.033434430988760644,0.01704347977965617,77725809.52380952,0.023827148910092744
2019-06-26,GOOGL,-0.051985069667764505,0.017703591304351896,35266761.9047619,0.1526399424403766
2019-06-26,JPM,-0.0003685321854146606,0.010304088105258234,11759985.714285715,0.07893435025908446
2019-06-26,MSFT,0.061588535197071526,0.015919517817251077,25141109.523809522,0.05532720246725886
2019-06-27,AAPL,0.12605732170393824,0.01416854929034362,101403828.57142857,0.04976421990394586
2019-06-27,AMZN,0.04677349331216507,0.0168546616753114,75690285.71428572,0.004290342646477097
2019-06-27,GOOGL,-0.03867178344797084,0.017378679028044273,34688095.23809524,0.15345096704681715
2019-06-27,JPM,0.005728897066556771,0.010307027460464958,11804757.142857144,0.07194236701337697
2019-06-27,MSFT,0.07371545893058773,0.015659642187537733,24845604.76190476,0.05128553053273066
2019-06-28,AAPL,0.11003931340651985,0.01453648060390974,103288057.14285715,0.05487055810238184
2019-06-28,AMZN,0.04256410019460777,0.016923662882168355,75586000.0,0.0025875710530476326
2019-06-28,GOOGL,-0.03442995214902855,0.0174439620961282,35430190.47619048,0.1340969223534727
2019-06-28,JPM,0.04427445177016254,0.011525051618507802,12341276.19047619,0.041219302393599166
2019-06-28,MSFT,0.065458116751959,0.015681182017211547,25474814.285714287,0.04770041664977742
2019-07-01,AAPL,0.1512538908438521,0.013784886073571303,103327942.85714285,0.05700822236489267
2019-07-01,AMZN,0.08288118239172548,0.016142035931743924,74227238.09523809,-0.028826497563280373
2019-07-01,GOOGL,-0.005874327685204572,0.0176202402125118,35316571.428571425,0.10745457031734373
2019-07-01,JPM,0.07285754834612668,0.011583410897798985,12425642.857142856,0.027632331817571743
2019-07-01,MSFT,0.09702448623455617,0.01515495372065196,25282752.38095238,0.004348521568666941
2019-07-02,AAPL,0.16982114094899292,0.013233763367421035,98859200.0,0.02811605629305114
2019-07-02,AMZN,0.1427432250692382,0.011294206339914022,68081714.28571428,-0.04083627797594547
2019-07-02,GOOGL,0.07110534144981129,0.010857411978327998,31685142.85714286,0.08914258380227635
2019-07-02,JPM,0.0689461899512196,0.011590420854340184,12353938.095238095,-0.0005308557242788003
2019-07-02,MSFT,0.13968627329503924,0.012776012931548491,24199619.04761905,0.010835996630414346
2019-07-03,AAPL,0.13788681079318454,0.011453780597704662,95124723.8095238,-0.0019076928410723948
2019-07-03,AMZN,0.12109438824213203,0.010756090199140327,64282857.14285714,-0.059700820700959945
2019-07-03,GOOGL,0.06496037945735678,0.010611730465583885,29763333.333333332,0.06529887738502449
2019-07-03,JPM,0.035344804214711534,0.009747406358009797,12067785.714285715,0.0009750600633082751
2019-07-03,MSFT,0.11610874775310598,0.011802331656780952,23449461.904761903,-0.004073737334494454
2019-07-05,AAPL,0.11882339732558833,0.011318868224774847,92742266.66666667,-0.053322338666075164
2019-07-05,AMZN,0.11757833503050974,0.01078308954204819,62748190.47619048,-0.09150192157341663
2019-07-05,GOOGL,0.08426805331645637,0.0102813196967271,28944571.42857143,0.01949396818618565
2019-07-05,JPM,0.03780507510317843,0.009783903043511477,12048209.523809524,-0.03454039611623272
2019-07-05,MSFT,0.08924697456807551,0.011306612726754067,23126366.666666668,-0.03538564229921737
2019-07-08,AAPL,0.07990483864977183,0.012440074293070511,93277942.85714285,-0.01509815641027068
2019-07-08,AMZN,0.11283880997521689,0.010748854654015046,61980666.666666664,-0.08425355638777354
2019-07-08,GOOGL,0.06588344641121413,0.011002228934198634,28985904.76190476,0.04861243917505442
2019-07-08,JPM,0.029891127268769635,0.00991093425214264,11962042.857142856,-0.021618102690390884
2019-07-08,MSFT,0.07150725118955203,0.011025357857736897,22903542.85714286,-0.016574357072293933
2019-07-09,AAPL,0.05832255114133433,0.011307749625705637,91352914.28571428,-0.010932372290284986
2019-07-09,AMZN,0.10214354509400447,0.00986440052349088,61540190.47619048,-0.09802346383180471
2019-07-09,GOOGL,0.05234143514438361,0.010371837992650146,28302285.714285713,0.04591348493898462
2019-07-09,JPM,0.045735474007025045,0.009505979866116685,11882442.857142856,-0.04693414916143779
2019-07-09,MSFT,0.03850878126649926,0.00955137719635675,22240090.476190478,-0.008647507678195554
2019-07-10,AAPL,0.05530140839840714,0.01119676319297482,89767428.57142857,0.0009842419966132887
2019-07-10,AMZN,0.08426174723681856,0.008123101006536003,61122000.0,-0.09146378819991807
2019-07-10,GOOGL,0.05370524873811888,0.010445095954043455,28407047.61904762,0.05721757054546783
2019-07-10,JPM,0.0315399128381495,0.009353087793493727,11780619.047619049,-0.027959455268006583
2019-07-10,MSFT,0.039592977560132026,0.009594238994164258,22131866.666666668,0.0075447309188099165
2019-07-11,AAPL,0.035624396615878906,0.011199142454151705,88483409.52380952,1.8196319137908645e-05
2019-07-11,AMZN,0.07370821415261108,0.00852620316733836,61384000.0,-0.09669326681618384
2019-07-11,GOOGL,0.05831425777154742,0.010402040003639746,28049714.285714287,0.039175427351621384
2019-07-11,JPM,0.038198287491162164,0.009512445526616925,11863833.333333334,-0.03821206516117526
2019-07-11,MSFT,0.047691220887785546,0.009514219972020918,22056352.38095238,-0.004985206491497363
2019-07-12,AAPL,0.04691296226659358,0.011211925236011595,88358076.1904762,-0.010124494475988954
2019-07-12,AMZN,0.08391009969960583,0.008334388089946826,61223047.61904762,-0.11242168584195356
2019-07-12,GOOGL,0.06138455014856903,0.01035782148105793,27964380.95238095,0.02545960017879456
2019-07-12,JPM,0.06265483549003537,0.00907522102262995,11916828.57142857,-0.06608834469436953
2019-07-12,MSFT,0.05635401024796227,0.009385189564480709,22144176.19047619,-0.022389893212554246
2019-07-15,AAPL,0.056966567755413866,0.011302353208371241,87457657.14285715,0.022191630290026243
2019-07-15,AMZN,0.0805699638693933,0.008283589681832617,61399714.28571428,-0.09730376390361173
2019-07-15,GOOGL,0.0545366019229816,0.010197932029067464,27981047.61904762,0.040173396106433445
2019-07-15,JPM,0.04716439136680606,0.009654486547395928,12133004.761904761,-0.0400350450166701
2019-07-15,MSFT,0.049727787570329474,0.009363305101846471,22118019.04761905,-0.0021597553129101277
2019-07-16,AAPL,0.06101489230734569,0.011164351180047155,87096761.90476191,-0.004790586479615944
2019-07-16,AMZN,0.07500259730847847,0.008483833828272105,61177809.52380952,-0.12286183177889665
2019-07-16,GOOGL,0.061824467012914885,0.010074992733001383,28017714.285714287,0.009354491102569806
2019-07-16,JPM,0.05568243590465283,0.00983020796483787,12507652.38095238,-0.0896456011022777
2019-07-16,MSFT,0.034957002586876174,0.009952537764501546,22351561.904761903,-0.01936038473598689
2019-07-17,AAPL,0.048790452735090195,0.011290087585986345,86989790.47619048,-0.004147671614799231
2019-07-17,AMZN,0.05620274482321852,0.008803699837560639,61105904.76190476,-0.1083869374478742
2019-07-17,GOOGL,0.04831388595693187,0.01020285757292103,28006666.666666668,0.019690474914355605
2019-07-17,JPM,0.05106229256009942,0.01005273755904336,12745380.952380951,-0.07711212002136958
2019-07-17,MSFT,0.02574350362694866,0.010082545622364986,22622666.666666668,-0.015739713922986898
2019-07-18,AAPL,0.036331856262515894,0.010428129888720446,85464000.0,0.007899022156657054
2019-07-18,AMZN,0.04024992580743891,0.008954736892570902,60716571.428571425,-0.09370033940565625
2019-07-18,GOOGL,0.03800077086834053,0.010038677891555698,27574476.19047619,0.027866858439981712
2019-07-18,JPM,0.0431020806454705,0.009759628956981509,12666328.57142857,-0.060608845330672345
2019-07-18,MSFT,0.009322517023581334,0.009381993464088885,22834442.85714286,0.0011970770791127627
2019-07-19,AAPL,0.023853836205895096,0.011010069683507597,85426876.1904762,0.04224897703722763
2019-07-19,AMZN,0.02919649679130476,0.009137289979683012,60993047.61904762,-0.07554006399228008
2019-07-19,GOOGL,0.024481377105267876,0.010586707312760919,27406380.95238095,0.060881040531115316
2019-07-19,JPM,0.040340401547132476,0.00990046710307297,12536628.57142857,-0.042716104441587466
2019-07-19,MSFT,0.006853749421564803,0.0093522698075515,24036728.57142857,0.01647593905106226
2019-07-22,AAPL,0.0389048921017483,0.011909491259591743,85572380.95238096,0.01901002740432567
2019-07-22,AMZN,0.035158161012803335,0.009335356749465422,60690952.38095238,-0.09279172213993292
2019-07-22,GOOGL,0.0233652289426709,0.010554824158563715,27639523.80952381,0.038904119887713584
2019-07-22,JPM,0.04436875598988421,0.0099486722329249,12318680.952380951,-0.060908395707733876
2019-07-22,MSFT,0.010807019896586612,0.009578461048461282,23657314.285714287,-0.0051499654265669825
2019-07-23,AAPL,0.050608635422816795,0.011911857408328116,79963733.33333333,0.02206454162165339
2019-07-23,AMZN,0.04352534940414632,0.009272817242251952,59519428.571428575,-0.08571113809177355
2019-07-23,GOOGL,0.020153423902260492,0.010429815705133167,26204952.38095238,0.037916304589268535
2019-07-23,JPM,0.07075803224542954,0.010323522889842496,11635952.38095238,-0.07519747295362622
2019-07-23,MSFT,0.016937722852261805,0.00965663675305211,22767157.14285714,-0.00027141980964839885
2019-07-24,AAPL,0.050810879109856044,0.011909164404353937,79348723.8095238,0.022031265465485506
2019-07-24,AMZN,0.04540986619160514,0.009274276381334252,59851142.85714286,-0.09803525000709246
2019-07-24,GOOGL,0.0206234401340466,0.010411193120072248,26345714.285714287,0.04544049550955287
2019-07-24,JPM,0.08280061690332507,0.010042734672185836,11491733.333333334,-0.06941703963811585
2019-07-24,MSFT,0.021338361770735004,0.009816270930720027,22772371.42857143,-0.01763239452948462
2019-07-25,AAPL,0.05854701967308018,0.011470810308018642,77984780.95238096,-0.017438578317165665
2019-07-25,AMZN,0.05087132385496318,0.008752883149580056,60921809.52380952,-0.11358684043688028
2019-07-25,GOOGL,0.04446573697166434,0.00844884452791003,27446571.42857143,0.015529014519972906
2019-07-25,JPM,0.08137683077807512,0.010125152181338458,11085938.095238095,-0.08374396343330115
2019-07-25,MSFT,0.05066363753895087,0.006516229903930803,22059490.476190478,-0.045337370672214106
2019-07-26,AAPL,0.0397399787677446,0.010632367364087503,76375523.8095238,-0.0022403801339387908
2019-07-26,AMZN,0.023827148910092744,0.009379640152300292,63288666.666666664,-0.0896425718542494
2019-07-26,GOOGL,0.1526399424403766,0.022023036231182274,31566476.19047619,-0.05945939827566449
2019-07-26,JPM,0.07893435025908446,0.010104722096063383,11203833.333333334,-0.08045102666127235
2019-07-26,MSFT,0.05532720246725886,0.006634555047327233,21839485.714285713,-0.03848129000152056
2019-07-29,AAPL,0.04976421990394586,0.010739622821158777,76522895.23809524,-0.022626085314925937
2019-07-29,AMZN,0.004290342646477097,0.010057645011018466,65528190.47619048,-0.07875759807848326
2019-07-29,GOOGL,0.15345096704681715,0.02200696929654951,32390476.19047619,-0.057189277071019506
2019-07-29,JPM,0.07194236701337697,0.01021512900436525,11089252.38095238,-0.08726827569031215
2019-07-29,MSFT,0.05128553053273066,0.006714228967192212,21841790.476190478,-0.03430421571298614
2019-07-30,AAPL,0.05487055810238184,0.010531451126695394,77061009.52380952,-0.01182620536838519
2019-07-30,AMZN,0.0025875710530476326,0.010113209224175471,65407714.28571428,-0.07072837405199683
2019-07-30,GOOGL,0.1340969223534727,0.02236240727472247,32149714.285714287,-0.044177578607526025
2019-07-30,JPM,0.041219302393599166,0.008686578170031784,10398128.57142857,-0.07604441885291635
2019-07-30,MSFT,0.04770041664977742,0.006850887540141025,21213385.714285713,-0.030912635050386772
2019-07-31,AAPL,0.05700822236489267,0.010694045767487767,85066419.04761904,-0.015189191724380158
2019-07-31,AMZN,-0.028826497563280373,0.010150122223608143,66625428.571428575,-0.04305807140009721
2019-07-31,GOOGL,0.10745457031734373,0.022453794998746973,32662285.714285713,-0.019668407128295207
2019-07-31,JPM,0.027632331817571743,0.008008152601570628,10442104.761904761,-0.05844808684554481
2019-07-31,MSFT,0.004348521568666941,0.009282599161076752,21974590.476190478,0.01695119182028093
2019-08-01,AAPL,0.02811605629305114,0.01190292362033118,92129790.47619048,0.005292366693392614
2019-08-01,AMZN,-0.04083627797594547,0.010043987705700964,68594380.95238096,-0.04259642528903429
2019-08-01,GOOGL,0.08914258380227635,0.02251366536837843,33366857.14285714,-0.01753614889766808
2019-08-01,JPM,-0.0005308557242788003,0.010036080446316611,10703514.285714285,-0.027271124925652535
2019-08-01,MSFT,0.010835996630414346,0.009608939896319339,23180290.476190478,0.0018767689054040027
2019-08-02,AAPL,-0.0019076928410723948,0.012753608950275047,97748857.14285715,0.012065274213124644
2019-08-02,AMZN,-0.059700820700959945,0.010525927329947995,71704761.90476191,-0.01831909953027866
2019-08-02,GOOGL,0.06529887738502449,0.022781359324825855,34069523.809523806,-0.022377062130350067
2019-08-02,JPM,0.0009750600633082751,0.010029337890175584,10902376.19047619,-0.038696535686475575
2019-08-02,MSFT,-0.004073737334494454,0.009699943489877695,23997542.85714286,-0.002973220381999875
2019-08-05,AAPL,-0.053322338666075164,0.017124709324983303,104439809.52380952,0.08609084159778835
2019-08-05,AMZN,-0.09150192157341663,0.01220278642611156,74971238.09523809,0.02010614494038543
2019-08-05,GOOGL,0.01949396818618565,0.024192359165814296,34928857.14285714,0.02383179153400361
2019-08-05,JPM,-0.03454039611623272,0.011848647287214983,11279800.0,0.0027379561678391173
2019-08-05,MSFT,-0.03538564229921737,0.012228671460572625,25169376.19047619,0.04446200565530112
2019-08-06,AAPL,-0.01509815641027068,0.017203149839978008,106437180.95238096,0.08675300856961576
2019-08-06,AMZN,-0.08425355638777354,0.012627329771469329,77054000.0,0.029583357052991754
2019-08-06,GOOGL,0.04861243917505442,0.02408760225317891,35220571.428571425,0.03510442098445399
2019-08-06,JPM,-0.021618102690390884,0.011987200779990026,11436290.476190476,0.017568158380696808
2019-08-06,MSFT,-0.016574357072293933,0.013015484192909486,25927328.57142857,0.04325796543917626
2019-08-07,AAPL,-0.010932372290284986,0.01731050673270827,108872685.71428572,0.07551395001159977
2019-08-07,AMZN,-0.09802346383180471,0.011666451110263232,77226571.42857143,0.022365348883787384
2019-08-07,GOOGL,0.04591348493898462,0.024071706911851776,35278380.952380955,0.025860832405552037
2019-08-07,JPM,-0.04693414916143779,0.012738654625377809,11835033.333333334,0.04239536612909722
2019-08-07,MSFT,-0.008647507678195554,0.013042842621247304,26568347.61904762,0.03166159860036277
2019-08-08,AAPL,0.0009842419966132887,0.01786604930185511,110608380.95238096,0.056794756728684614
2019-08-08,AMZN,-0.09146378819991807,0.012372161398452278,76054476.1904762,-0.0008402411316390523
2019-08-08,GOOGL,0.05721757054546783,0.02446940091979891,35250095.23809524,-0.0007627986678289123
2019-08-08,JPM,-0.027959455268006583,0.013403100976958692,11914128.57142857,0.05042763296229413
2019-08-08,MSFT,0.0075447309188099165,0.014157456033815768,26725114.285714287,-0.006567180695881358
2019-08-09,AAPL,1.8196319137908645e-05,0.01788732416731376,111451790.47619048,0.07816268621517031
2019-08-09,AMZN,-0.09669326681618384,0.012517458644407476,74684952.38095239,0.0071753233707203545
2019-08-09,GOOGL,0.039175427351621384,0.024757824271957593,34984095.23809524,0.01413081742198985
2019-08-09,JPM,-0.03821206516117526,0.013172768758994615,11837252.38095238,0.06497188123581332
2019-08-09,MSFT,-0.004985206491497363,0.014263329903839555,26779342.85714286,-0.008546313809902895
2019-08-12,AAPL,-0.010124494475988954,0.017811146825307142,112382590.47619048,0.11527326733065912
2019-08-12,AMZN,-0.11242168584195356,0.012420224842073018,75062285.71428572,0.02132863928590112
2019-08-12,GOOGL,0.02545960017879456,0.024951918376258684,34992952.38095238,0.038739944701720486
2019-08-12,JPM,-0.06608834469436953,0.013355992440115547,11771076.19047619,0.08831730857986408
2019-08-12,MSFT,-0.022389893212554246,0.014544041930285467,26853033.333333332,0.005768131232314566
2019-08-13,AAPL,0.022191630290026243,0.020024957196240287,118148514.28571428,0.06756944621463767
2019-08-13,AMZN,-0.09730376390361173,0.013648630128836978,76026761.90476191,0.010529780248318854
2019-08-13,GOOGL,0.040173396106433445,0.025236093148977148,35339142.85714286,0.03195394700089915
2019-08-13,JPM,-0.0400350450166701,0.013777087560108432,11731938.095238095,0.07837917345118361
2019-08-13,MSFT,-0.0021597553129101277,0.015295134835547137,27257942.85714286,-0.00448815255066759
2019-08-14,AAPL,-0.004790586479615944,0.02112597975263418,121897200.0,0.07891500727168244
2019-08-14,AMZN,-0.12286183177889665,0.015034913466515178,78193809.52380952,0.043324864210577685
2019-08-14,GOOGL,0.009354491102569806,0.02603272330720968,35819047.61904762,0.06508904080227484
2019-08-14,JPM,-0.0896456011022777,0.0159405587202362,11853214.285714285,0.14723253097749245
2019-08-14,MSFT,-0.01936038473598689,0.01643252455250436,27724666.666666668,0.024929570274359047
2019-08-15,AAPL,-0.004147671614799231,0.02111791600569804,124396228.57142857,0.09001673955047074
2019-08-15,AMZN,-0.1083869374478742,0.01530511713648582,79336952.38095239,0.01785913721501231
2019-08-15,GOOGL,0.019690474914355605,0.025998836817582274,36246095.23809524,0.053287294733653345
2019-08-15,JPM,-0.07711212002136958,0.01598393662513198,11864866.666666666,0.13269982637201494
2019-08-15,MSFT,-0.015739713922986898,0.016394955193676813,28099114.285714287,0.019823082522502533
2019-08-16,AAPL,0.007899022156657054,0.021609546033275556,126125714.28571428,0.0687653118614604
2019-08-16,AMZN,-0.09370033940565625,0.015624025654611127,78890380.95238096,0.01672459672617488
2019-08-16,GOOGL,0.027866858439981712,0.02604534240371006,36220666.666666664,0.04296953760539135
2019-08-16,JPM,-0.060608845330672345,0.016978414032395504,11980742.857142856,0.10072434905384875
2019-08-16,MSFT,0.0011970770791127627,0.016908604278988423,27816604.76190476,0.00925582433281047
2019-08-19,AAPL,0.04224897703722763,0.021645291266537962,126789390.47619048,0.05904454912017276
2019-08-19,AMZN,-0.07554006399228008,0.01608038199294611,78538666.66666667,0.0007378514960858507
2019-08-19,GOOGL,0.060881040531115316,0.02603248392836649,36280952.38095238,0.02683193107907611
2019-08-19,JPM,-0.042716104441587466,0.01708694460847172,11878961.904761905,0.10184914855034433
2019-08-19,MSFT,0.01647593905106226,0.01729066404986609,26643428.57142857,0.0007943231745164425
2019-08-20,AAPL,0.01901002740432567,0.02112286267082126,127666800.0,0.050390032157111575
2019-08-20,AMZN,-0.09279172213993292,0.015762092756525185,77614380.95238096,0.011169178089850185
2019-08-20,GOOGL,0.038904119887713584,0.026283284768349412,35866285.71428572,0.04665701626299534
2019-08-20,JPM,-0.060908395707733876,0.01712841749910168,11846242.857142856,0.11247767908638995
2019-08-20,MSFT,-0.0051499654265669825,0.01716167407283628,26457519.04761905,0.027757827212618214
2019-08-21,AAPL,0.02206454162165339,0.021181027810292685,128272552.38095239,0.0239372278526353
2019-08-21,AMZN,-0.08571113809177355,0.016074893132261295,76974666.66666667,-0.01611153842034374
2019-08-21,GOOGL,0.037916304589268535,0.02627386387574067,35556952.38095238,0.03210866172768134
2019-08-21,JPM,-0.07519747295362622,0.016494387224540493,11628961.904761905,0.1049159440389229
2019-08-21,MSFT,-0.00027141980964839885,0.017285820075153724,26311600.0,0.0046830874633492225
2019-08-22,AAPL,0.022031265465485506,0.02118118786825976,129655809.52380952,0.02946430155137625
2019-08-22,AMZN,-0.09803525000709246,0.016038515313144076,76995809.52380952,-0.010727808019264318
2019-08-22,GOOGL,0.04544049550955287,0.026192788273567566,35088380.952380955,0.03623108308317624
2019-08-22,JPM,-0.06941703963811585,0.016695057370008787,11597171.42857143,0.09345093135776428
2019-08-22,MSFT,-0.01763239452948462,0.01719515373646284,26214395.23809524,0.009871092785681101
2019-08-23,AAPL,-0.017438578317165665,0.023529579559024717,135924076.19047618,0.07422021209496554
2019-08-23,AMZN,-0.11358684043688028,0.016906452086477213,78076095.23809524,-0.004578194728731333
2019-08-23,GOOGL,0.015529014519972906,0.027225101011325,34207047.61904762,0.05612951323175386
2019-08-23,JPM,-0.08374396343330115,0.017303289395028284,11817357.142857144,0.10667812861251158
2019-08-23,MSFT,-0.045337370672214106,0.018489535841262773,27174000.0,0.0299123203572198
2019-08-26,AAPL,-0.0022403801339387908,0.02390394072692341,137528780.95238096,0.07041452119017322
2019-08-26,AMZN,-0.0896425718542494,0.01711449819327313,76316952.38095239,-0.0003052844839053215
2019-08-26,GOOGL,-0.05945939827566449,0.016828698575929703,29442761.904761903,0.0638330711704107
2019-08-26,JPM,-0.08045102666127235,0.01740872199393786,11598742.857142856,0.10414530626276575
2019-08-26,MSFT,-0.03848129000152056,0.018755747716071056,27234714.285714287,0.028866399812049304
2019-08-27,AAPL,-0.022626085314925937,0.02393196201993772,138328761.9047619,0.07704750657482418
2019-08-27,AMZN,-0.07875759807848326,0.016913130543239847,74913619.04761904,-0.012481369619729343
2019-08-27,GOOGL,-0.057189277071019506,0.016837356947675082,28589333.333333332,0.06104258396808904
2019-08-27,JPM,-0.08726827569031215,0.01746937252007119,11876428.57142857,0.10677156883693595
2019-08-27,MSFT,-0.03430421571298614,0.01877387254049388,27544057.14285714,0.027994411303350564
2019-08-28,AAPL,-0.01182620536838519,0.02397241562729138,134900780.95238096,0.06466204026453726
2019-08-28,AMZN,-0.07072837405199683,0.016928549390469942,74445809.52380952,-0.02199237531924103
2019-08-28,GOOGL,-0.044177578607526025,0.016756864967664438,28027142.85714286,0.044472869001935145
2019-08-28,JPM,-0.07604441885291635,0.01774083051328086,12041400.0,0.10224698516521347
2019-08-28,MSFT,-0.030912635050386772,0.018758365095724306,27570095.23809524,0.01600768191563784
2019-08-29,AAPL,-0.015189191724380158,0.023834103267225477,125702514.28571428,0.07157560717317946
2019-08-29,AMZN,-0.04305807140009721,0.01697761287395039,73059523.8095238,-0.028263524344661728
2019-08-29,GOOGL,-0.019668407128295207,0.01721712927535118,27059333.333333332,0.022524835549694533
2019-08-29,JPM,-0.05844808684554481,0.018595845850148333,11867790.476190476,0.07754984656922526
2019-08-29,MSFT,0.01695119182028093,0.01812005138166676,26692471.42857143,0.006588338021357831
2019-08-30,AAPL,0.005292366693392614,0.02333829657929257,119440704.76190476,0.07593174349497311
2019-08-30,AMZN,-0.04259642528903429,0.01697202710721604,71483714.28571428,-0.022879121154764315
2019-08-30,GOOGL,-0.01753614889766808,0.017195523877989005,26232571.42857143,0.01299414190990511
2019-08-30,JPM,-0.027271124925652535,0.01785921180828549,11606161.904761905,0.05179270419480231
2019-08-30,MSFT,0.0018767689054040027,0.017910560737257254,25901166.666666668,-0.005730643510867828
2019-09-03,AAPL,0.012065274213124644,0.023074991919701065,115471352.38095239,0.06446273363801458
2019-09-03,AMZN,-0.01831909953027866,0.016713703888730818,70137809.52380952,-0.042802684934519886
2019-09-03,GOOGL,-0.022377062130350067,0.01739765085649768,25803904.76190476,0.007156786276587779
2019-09-03,JPM,-0.038696535686475575,0.018007179004222267,11551080.952380951,0.043201881474945525
2019-09-03,MSFT,-0.002973220381999875,0.018056443439139435,25333438.095238097,-0.010217310799360169
2019-09-04,AAPL,0.08609084159778835,0.019815581609857996,109146609.52380952,0.05559554202510375
2019-09-04,AMZN,0.02010614494038543,0.015158446291695733,66581523.809523806,-0.042318730587228015
2019-09-04,GOOGL,0.02383179153400361,0.015732668891825497,24540666.666666668,0.006056281167796218
2019-09-04,JPM,0.0027379561678391173,0.017038596251676915,11126028.57142857,0.029295723398005125
2019-09-04,MSFT,0.04446200565530112,0.01640399542725934,24154690.476190478,-0.00980898004152242
2019-09-05,AAPL,0.08675300856961576,0.019839234210816268,106877828.57142857,0.06437523843364312
2019-09-05,AMZN,0.029583357052991754,0.015655677366354738,64905809.52380952,-0.05490791400028994
2019-09-05,GOOGL,0.03510442098445399,0.016366400781234518,24082571.42857143,-0.0010146357505944614
2019-09-05,JPM,0.017568158380696808,0.017668924636912227,11269895.238095239,0.028193901655869436
2019-09-05,MSFT,0.04325796543917626,0.016346632917476383,23840647.61904762,-0.01378115042757877
2019-09-06,AAPL,0.07551395001159977,0.019807037802655927,104210761.90476191,0.06470972357033
2019-09-06,AMZN,0.022365348883787384,0.01569470870052675,62972476.190476194,-0.055003744562187484
2019-09-06,GOOGL,0.025860832405552037,0.016418852563914798,23524761.904761903,0.0015998785374360391
2019-09-06,JPM,0.04239536612909722,0.016885164335822562,10818261.904761905,0.023765290237458325
2019-09-06,MSFT,0.03166159860036277,0.016451550034872964,23241123.80952381,-0.014234596453110426
2019-09-09,AAPL,0.056794756728684614,0.01935623071195997,104267885.71428572,0.047765867658492445
2019-09-09,AMZN,-0.0008402411316390523,0.014952827241830289,62304190.47619048,-0.06871433647990932
2019-09-09,GOOGL,-0.0007627986678289123,0.015438803891450248,23607523.80952381,-0.01256147034869437
2019-09-09,JPM,0.05042763296229413,0.017310366061561562,10965014.285714285,-0.02326042466001854
2019-09-09,MSFT,-0.006567180695881358,0.01562673481452074,23159095.23809524,-0.013452707368568073
2019-09-10,AAPL,0.07816268621517031,0.01927814572804954,105631352.38095239,0.04767005204012853
2019-09-10,AMZN,0.0071753233707203545,0.014682970296230972,62050952.38095238,-0.0541374197102108
2019-09-10,GOOGL,0.01413081742198985,0.015081818138677983,23964857.14285714,-0.0027370598750292574
2019-09-10,JPM,0.06497188123581332,0.01742998526714049,11172266.666666666,-0.028559560178741394
2019-09-10,MSFT,-0.008546313809902895,0.01568502310305732,23417985.714285713,0.01587317298118429
2019-09-11,AAPL,0.11527326733065912,0.02015264404065801,109785200.0,0.029071043816323527
2019-09-11,AMZN,0.02132863928590112,0.01437871354168364,61600761.9047619,-0.05635244966852759
2019-09-11,GOOGL,0.038739944701720486,0.014964235681661903,24034285.714285713,-0.008631219485587649
2019-09-11,JPM,0.08831730857986408,0.016693956922552454,11197290.476190476,-0.01762185216787282
2019-09-11,MSFT,0.005768131232314566,0.015369986190829271,23619976.19047619,0.021892296709789427
2019-09-12,AAPL,0.06756944621463767,0.018332110671532377,106929619.04761904,0.058810464972815835
2019-09-12,AMZN,0.010529780248318854,0.013770822686231624,60486000.0,-0.06055162400515346
2019-09-12,GOOGL,0.03195394700089915,0.014653211709415692,24187142.85714286,-0.015595697805633413
2019-09-12,JPM,0.07837917345118361,0.01650322199196963,11204852.38095238,-0.00712101510818508
2019-09-12,MSFT,-0.00448815255066759,0.01484113617224367,23708328.57142857,0.0157067828058719
2019-09-13,AAPL,0.07891500727168244,0.017523013779160657,107542171.42857143,0.07826284736336175
2019-09-13,AMZN,0.043324864210577685,0.01136242052872077,57702857.14285714,-0.05594941688438293
2019-09-13,GOOGL,0.06508904080227484,0.013091929137749992,23627428.57142857,-0.017951112898813903
2019-09-13,JPM,0.14723253097749245,0.013181926657820227,11050823.80952381,-0.023680788274173636
2019-09-13,MSFT,0.024929570274359047,0.013167249584650159,23271938.095238097,0.01623957632291262
2019-09-16,AAPL,0.09001673955047074,0.017409394160204334,106386114.28571428,0.07012276536584516
2019-09-16,AMZN,0.01785913721501231,0.012027745438668098,57623238.0952381,-0.022380244195998267
2019-09-16,GOOGL,0.053287294733653345,0.01326227348053415,23613714.285714287,0.008614754763179189
2019-09-16,JPM,0.13269982637201494,0.013603644730277887,10985504.761904761,0.014778004391694743
2019-09-16,MSFT,0.019823082522502533,0.013277445451968652,22731795.23809524,0.03843642268495029
2019-09-17,AAPL,0.0687653118614604,0.016836405654576572,104614361.90476191,0.06193939694356421
2019-09-17,AMZN,0.01672459672617488,0.011991149311001084,56636952.38095238,-0.024756569345754542
2019-09-17,GOOGL,0.04296953760539135,0.013217712652149926,23418000.0,0.01066767516260625
2019-09-17,JPM,0.10072434905384875,0.013155282734650098,10933352.38095238,0.017446948091956793
2019-09-17,MSFT,0.00925582433281047,0.0127800432819242,22415847.61904762,0.021981317480582296
2019-09-18,AAPL,0.05904454912017276,0.016533096531798866,104790819.04761904,0.05615658779065824
2019-09-18,AMZN,0.0007378514960858507,0.011675270656470105,56341047.61904762,-0.016495554578299876
2019-09-18,GOOGL,0.02683193107907611,0.012706481997639539,23084190.476190478,0.016346795320432372
2019-09-18,JPM,0.10184914855034433,0.013174209496259413,11047647.61904762,0.012976826223263682
2019-09-18,MSFT,0.0007943231745164425,0.012367419675910676,22398057.14285714,0.008446647857808687
2019-09-19,AAPL,0.050390032157111575,0.016698132721194858,103872019.04761904,0.06992179721824598
2019-09-19,AMZN,0.011169178089850185,0.011528535340897237,56438190.47619048,-0.035130315843122095
2019-09-19,GOOGL,0.04665701626299534,0.012220745514122807,22910285.714285713,0.004569155007874803
2019-09-19,JPM,0.11247767908638995,0.012700381092360146,11095676.19047619,0.017974374942277382
2019-09-19,MSFT,0.027757827212618214,0.012823839178263158,23093357.14285714,-0.025944779329668655
2019-09-20,AAPL,0.0239372278526353,0.016982433560355937,110324914.28571428,0.10462496014363043
2019-09-20,AMZN,-0.01611153842034374,0.011681076575377897,59590666.666666664,-0.004737627088892027
2019-09-20,GOOGL,0.03210866172768134,0.012340833188332343,24031238.095238097,0.011741369231881071
2019-09-20,JPM,0.1049159440389229,0.01285018528318988,11746795.238095239,0.0474322664340443
2019-09-20,MSFT,0.0046830874633492225,0.012916167754587676,24245595.23809524,-0.007243087889037492
2019-09-23,AAPL,0.02946430155137625,0.01698967748344343,109736685.71428572,0.09711055720253126
2019-09-23,AMZN,-0.010727808019264318,0.011516103622617508,59846666.666666664,-0.010961747301870384
2019-09-23,GOOGL,0.03623108308317624,0.012345244654888088,24195333.333333332,0.005272480418145431
2019-09-23,JPM,0.09345093135776428,0.012830499832517137,11736876.19047619,0.05812314515651429
2019-09-23,MSFT,0.009871092785681101,0.012813787416114131,24171419.04761905,-0.019907961715171174
2019-09-24,AAPL,0.07422021209496554,0.013136055037948518,106760076.1904762,0.1171447730677726
2019-09-24,AMZN,-0.004578194728731333,0.01078149743528392,59223047.61904762,0.011805167684950213
2019-09-24,GOOGL,0.05612951323175386,0.010313946078879822,24173904.76190476,0.03225736504363397
2019-09-24,JPM,0.10667812861251158,0.011697473031541972,11590885.714285715,0.07493660567885096
2019-09-24,MSFT,0.0299123203572198,0.010931824157009993,23755447.61904762,-0.0010192774434456542
2019-09-25,AAPL,0.07041452119017322,0.012945268628090579,105971466.66666667,0.10202253179016019
2019-09-25,AMZN,-0.0003052844839053215,0.011044594164787381,59616571.428571425,0.007040600048649814
2019-09-25,GOOGL,0.0638330711704107,0.0108775708251011,24442095.23809524,0.010570289607044092
2019-09-25,JPM,0.10414530626276575,0.011677580455666373,11647071.42857143,0.06806417557404809
2019-09-25,MSFT,0.028866399812049304,0.010868005655459558,23806371.42857143,0.004162411119667198
2019-09-26,AAPL,0.07704750657482418,0.012665577205389146,104630552.38095239,0.12137900443561134
2019-09-26,AMZN,-0.012481369619729343,0.011570315694498639,60109047.61904762,0.012351722888929828
2019-09-26,GOOGL,0.06104258396808904,0.010932433089700258,24428095.23809524,0.017717395233156852
2019-09-26,JPM,0.10677156883693595,0.011533133011710633,11435995.238095239,0.0855299311585711
2019-09-26,MSFT,0.027994411303350564,0.010866736278627265,23537538.095238097,0.008527944307340496
2019-09-27,AAPL,0.06466204026453726,0.012775644590697426,106423542.85714285,0.13815016960037774
2019-09-27,AMZN,-0.02199237531924103,0.011681681572728371,61525714.28571428,0.029922596653368938
2019-09-27,GOOGL,0.044472869001935145,0.011479704784964028,25252476.19047619,0.05141315353073517
2019-09-27,JPM,0.10224698516521347,0.011476547810077821,11418009.523809524,0.08327755910667323
2019-09-27,MSFT,0.01600768191563784,0.01129978511906111,23779652.38095238,0.046903468778542345
2019-09-30,AAPL,0.07157560717317946,0.013207965933394475,107373428.57142857,0.08626148862360306
2019-09-30,AMZN,-0.028263524344661728,0.011387390066075307,61172952.38095238,0.01543854590971172
2019-09-30,GOOGL,0.022524835549694533,0.01099072330187818,25482666.666666668,0.03236314272654739
2019-09-30,JPM,0.07754984656922526,0.010750913591274652,11406238.095238095,0.08286813427855022
2019-09-30,MSFT,0.006588338021357831,0.01071761488445184,23642138.095238097,0.027332427660458736
2019-10-01,AAPL,0.07593174349497311,0.013165811217991626,109975790.47619048,0.08312921165786391
2019-10-01,AMZN,-0.022879121154764315,0.011345380650362303,61197523.809523806,0.025546569965984256
2019-10-01,GOOGL,0.01299414190990511,0.01135046927570616,25789333.333333332,0.04535669715510959
2019-10-01,JPM,0.05179270419480231,0.011735414325275813,11457666.666666666,0.09681728785018606
2019-10-01,MSFT,-0.005730643510867828,0.011167848898103959,23524352.38095238,0.05500848438152817
2019-10-02,AAPL,0.06446273363801458,0.014058605708352271,112754704.76190476,0.13609790250315346
2019-10-02,AMZN,-0.042802684934519886,0.0114459182690896,60967142.85714286,0.037023647680975325
2019-10-02,GOOGL,0.007156786276587779,0.011862455668684463,26128476.19047619,0.06866341861984515
2019-10-02,JPM,0.043201881474945525,0.012343765500376712,11585280.952380951,0.11188241312491076
2019-10-02,MSFT,-0.010217310799360169,0.011465099192480033,24079228.57142857,0.0647605904355486
2019-10-03,AAPL,0.05559554202510375,0.013758351077496369,114548685.71428572,0.158500120074212
2019-10-03,AMZN,-0.042318730587228015,0.011464309056330783,62056761.9047619,0.038865217275502406
2019-10-03,GOOGL,0.006056281167796218,0.011816070964001193,26464476.19047619,0.06962992768829968
2019-10-03,JPM,0.029295723398005125,0.01214798098855657,11861757.142857144,0.13913880213031793
2019-10-03,MSFT,-0.00980898004152242,0.011487489567026454,24371466.666666668,0.05459348970042455
2019-10-04,AAPL,0.06437523843364312,0.014388623401972346,116587923.8095238,0.13431134876612183
2019-10-04,AMZN,-0.05490791400028994,0.010364488239193483,61257809.52380952,0.037369627321184096
2019-10-04,GOOGL,-0.0010146357505944614,0.01114047924277875,26363904.76190476,0.06494838921904167
2019-10-04,JPM,0.028193901655869436,0.012053946976426574,11682157.142857144,0.12388767255144573
2019-10-04,MSFT,-0.01378115042757877,0.011198758824089567,24218890.476190478,0.04655378202630045
2019-10-07,AAPL,0.06470972357033,0.014385327948455174,118723961.90476191,0.1324318562970197
2019-10-07,AMZN,-0.055003744562187484,0.010365136696403002,60931904.76190476,0.03985201090499735
2019-10-07,GOOGL,0.0015998785374360391,0.011098165664833858,26271904.76190476,0.06885145539788784
2019-10-07,JPM,0.023765290237458325,0.012077448042503592,11631442.857142856,0.1287923988293167
2019-10-07,MSFT,-0.014234596453110426,0.01121180107296925,23955995.23809524,0.05353005807491229
2019-10-08,AAPL,0.047765867658492445,0.014738278083530025,118846933.33333333,0.14634563722436278
2019-10-08,AMZN,-0.06871433647990932,0.010738677561722799,60496190.47619048,0.052922593522724215
2019-10-08,GOOGL,-0.01256147034869437,0.011579809642238816,25711523.80952381,0.08476373608914645
2019-10-08,JPM,-0.02326042466001854,0.011846823808853726,11480071.42857143,0.15632303079461263
2019-10-08,MSFT,-0.013452707368568073,0.011175503513326607,23945357.14285714,0.061841241544687175
2019-10-09,AAPL,0.04767005204012853,0.014735314156572131,116354495.23809524,0.14614277516739116
2019-10-09,AMZN,-0.0541374197102108,0.011083881673305472,59952952.38095238,0.03844971225231131
2019-10-09,GOOGL,-0.0027370598750292574,0.011819464183298978,25141333.333333332,0.08694285292253645
2019-10-09,JPM,-0.028559560178741394,0.011584775349444701,11143909.523809524,0.15422179237350342
2019-10-09,MSFT,0.01587317298118429,0.01170526470611114,23509476.19047619,0.043547698108078015
2019-10-10,AAPL,0.029071043816323527,0.013383623600921159,113299980.95238096,0.13399565867301355
2019-10-10,AMZN,-0.05635244966852759,0.011054098609769783,60088571.428571425,0.03814537583103483
2019-10-10,GOOGL,-0.008631219485587649,0.011587561055822947,24632761.904761903,0.08229212682629172
2019-10-10,JPM,-0.01762185216787282,0.012035473152937704,11195095.238095239,0.14158118808145326
2019-10-10,MSFT,0.021892296709789427,0.011763375304938999,23172738.095238097,0.04931734227802065
2019-10-11,AAPL,0.058810464972815835,0.014425054426442251,115104209.52380952,0.11336176888309302
2019-10-11,AMZN,-0.06055162400515346,0.010810512746343934,60499523.809523806,0.02293981195757544
2019-10-11,GOOGL,-0.015595697805633413,0.011300695656790167,24189238.095238097,0.06791940930873697
2019-10-11,JPM,-0.00712101510818508,0.01256200691799194,11328095.238095239,0.1186498491733543
2019-10-11,MSFT,0.0157067828058719,0.011599115395941093,23098261.904761903,0.04603397442287194
2019-10-14,AAPL,0.07826284736336175,0.013542650605784143,112122038.09523809,0.11394624858708835
2019-10-14,AMZN,-0.05594941688438293,0.010877174217474328,60441333.333333336,0.023939908617569117
2019-10-14,GOOGL,-0.017951112898813903,0.011261931680961675,23694952.38095238,0.06523410355800019
2019-10-14,JPM,-0.023680788274173636,0.011733016428582268,10971990.476190476,0.10914563764777307
2019-10-14,MSFT,0.01623957632291262,0.011594573563859874,22619271.42857143,0.053887156106045886
2019-10-15,AAPL,0.07012276536584516,0.013599635862820378,112251923.8095238,0.12724776514101088
2019-10-15,AMZN,-0.022380244195998267,0.011224784567606247,59904380.952380955,-0.008074109132739538
2019-10-15,GOOGL,0.008614754763179189,0.012048277759902708,23664761.904761903,0.043421300961285825
2019-10-15,JPM,0.014778004391694743,0.013405129531641745,11514138.095238095,0.07102372858858463
2019-10-15,MSFT,0.03843642268495029,0.011806292563914456,22760428.57142857,0.04054538272687247
2019-10-16,AAPL,0.06193939694356421,0.013693482164200988,112281847.61904761,0.12398567756779189
2019-10-16,AMZN,-0.024756569345754542,0.011137260887227596,60648190.47619048,-0.012844328893730661
2019-10-16,GOOGL,0.01066767516260625,0.012040426515131203,23768571.42857143,0.053218048391693085
2019-10-16,JPM,0.017446948091956793,0.013361236800971715,11530914.285714285,0.07453221212954375
2019-10-16,MSFT,0.021981317480582296,0.011920230053327667,22900304.76190476,0.05448285586164503
2019-10-17,AAPL,0.05615658779065824,0.013616857166936431,110673523.8095238,0.13293888755450056
2019-10-17,AMZN,-0.016495554578299876,0.011226526972177535,60783238.0952381,-0.026847830141784934
2019-10-17,GOOGL,0.016346795320432372,0.01214195889853869,23936095.23809524,0.06444763830728761
2019-10-17,JPM,0.012976826223263682,0.013244249139155619,11538195.238095239,0.07627747213044289
2019-10-17,MSFT,0.008446647857808687,0.011877439545717669,22780233.333333332,0.07359153825154063
2019-10-18,AAPL,0.06992179721824598,0.01339374022604235,111111200.0,0.13320926115623877
2019-10-18,AMZN,-0.035130315843122095,0.0117301386353487,62050857.14285714,-0.002833560426802606
2019-10-18,GOOGL,0.004569155007874803,0.01221079316853799,24653714.285714287,0.06061507631342411
2019-10-18,JPM,0.017974374942277382,0.013215837562115543,11587471.42857143,0.08344391915076765
2019-10-18,MSFT,-0.025944779329668655,0.011670478104384888,22613633.333333332,0.09409764290002043
2019-10-21,AAPL,0.10462496014363043,0.013066738572348083,104710952.38095239,0.11051275594211885
2019-10-21,AMZN,-0.004737627088892027,0.011913941524897186,58992285.71428572,-0.018407689091417323
2019-10-21,GOOGL,0.011741369231881071,0.012091046664062407,23720476.19047619,0.054899265863124214
2019-10-21,JPM,0.0474322664340443,0.014140064995868853,11151842.857142856,0.05690013386623649
2019-10-21,MSFT,-0.007243087889037492,0.011561692298317092,21704628.57142857,0.08639733680510853
2019-10-22,AAPL,0.09711055720253126,0.013158922815207705,104979123.8095238,0.10010084851511336
2019-10-22,AMZN,-0.010961747301870384,0.012114475078188318,58220285.71428572,-0.011440051960406095
2019-10-22,GOOGL,0.005272480418145431,0.012084107243278908,23818761.904761903,0.048872230606590294
2019-10-22,JPM,0.05812314515651429,0.01422594331065466,11314414.285714285,0.03878509360159432
2019-10-22,MSFT,-0.019907961715171174,0.011990346055410463,22194709.523809522,0.10089531082176828
2019-10-23,AAPL,0.1171447730677726,0.013117007353422095,102648914.28571428,0.08066699120636911
2019-10-23,AMZN,0.011805167684950213,0.01080924818272648,55860476.190476194,-0.015583072413289378
2019-10-23,GOOGL,0.03225736504363397,0.011978756752090012,23127238.095238097,0.03380154772313726
2019-10-23,JPM,0.07493660567885096,0.01375739796796743,11177833.333333334,0.03844302073696637
2019-10-23,MSFT,-0.0010192774434456542,0.011774211747365908,22198109.523809522,0.09289287246375033
2019-10-24,AAPL,0.10202253179016019,0.012933725432149955,101775657.14285715,0.07794546345203157
2019-10-24,AMZN,0.007040600048649814,0.010530285889011977,56768000.0,-0.019687983054739622
2019-10-24,GOOGL,0.010570289607044092,0.01096263439091709,22814190.476190478,0.027448204946890487
2019-10-24,JPM,0.06806417557404809,0.01377814147616006,11112647.61904762,0.04606920882068444
2019-10-24,MSFT,0.004162411119667198,0.01214596621090896,22943219.04761905,0.07259533392079387
2019-10-25,AAPL,0.12137900443561134,0.012828418471591824,101687238.09523809,0.08350065259671591
2019-10-25,AMZN,0.012351722888929828,0.010178807574499333,62567619.047619045,0.007102627623959412
2019-10-25,GOOGL,0.017717395233156852,0.01095845833372355,23001714.285714287,0.03269798640055699
2019-10-25,JPM,0.0855299311585711,0.01355696125687405,11072480.952380951,0.04332301684594819
2019-10-25,MSFT,0.008527944307340496,0.012201335761615566,23348128.57142857,0.07826768591913646
2019-10-28,AAPL,0.13815016960037774,0.012633945778336902,101456990.47619048,0.06437845376532247
2019-10-28,AMZN,0.029922596653368938,0.010118738664744232,62378761.9047619,0.011175680181235714
2019-10-28,GOOGL,0.05141315353073517,0.011181589560362205,24492476.19047619,0.01863499076553099
2019-10-28,JPM,0.08327755910667323,0.013550039075344475,11039833.333333334,0.040787164371849594
2019-10-28,MSFT,0.046903468778542345,0.0128662392418612,23957766.666666668,0.05796067843458785
2019-10-29,AAPL,0.08626148862360306,0.013515871816778453,103310800.0,0.1042138196657989
2019-10-29,AMZN,0.01543854590971172,0.010266499592717138,62028476.190476194,0.03165581380210147
2019-10-29,GOOGL,0.03236314272654739,0.012330448346893863,25834571.42857143,0.040827909630821724
2019-10-29,JPM,0.08286813427855022,0.013556086466119029,11041847.61904762,0.04453080836222645
2019-10-29,MSFT,0.027332427660458736,0.012998366140160733,24115319.04761905,0.07007118779674126
2019-10-30,AAPL,0.08312921165786391,0.013544120449110292,102610742.85714285,0.10191703987362932
2019-10-30,AMZN,0.025546569965984256,0.010449529883882279,61423619.047619045,0.011691127444013238
2019-10-30,GOOGL,0.04535669715510959,0.011916764780806062,26058380.95238095,0.03441728379237885
2019-10-30,JPM,0.09681728785018606,0.012785626556772794,10911533.333333334,0.047959844707734955
2019-10-30,MSFT,0.05500848438152817,0.01270748033106864,23973890.476190478,0.05037762571430071
2019-10-31,AAPL,0.13609790250315346,0.012393166399748853,102644685.71428572,0.06509514984809872
2019-10-31,AMZN,0.037023647680975325,0.0099673943089027,60928476.190476194,0.0027805167836287836
2019-10-31,GOOGL,0.06866341861984515,0.010446794773046962,26004761.904761903,0.023879848911717128
2019-10-31,JPM,0.11188241312491076,0.011801075303947016,10865838.095238095,0.05243367322215797
2019-10-31,MSFT,0.0647605904355486,0.012123808671839731,23692147.61904762,0.04665449904781305
2019-11-01,AAPL,0.158500120074212,0.013306000250268636,104392266.66666667,0.017234556007054813
2019-11-01,AMZN,0.038865217275502406,0.010017503809419414,60282952.38095238,-0.011990326378675475
2019-11-01,GOOGL,0.06962992768829968,0.010477289757166665,26025904.76190476,0.017677386054828714
2019-11-01,JPM,0.13913880213031793,0.012319026161144704,10815714.285714285,0.01549287634453722
2019-11-01,MSFT,0.05459348970042455,0.011945487841730844,24120504.76190476,0.04243022604997271
2019-11-04,AAPL,0.13431134876612183,0.012413330770794718,102715752.38095239,0.019517809958361276
2019-11-04,AMZN,0.037369627321184096,0.009971910719970322,60568666.666666664,-0.024364717401340275
2019-11-04,GOOGL,0.06494838921904167,0.010203288305079595,26328285.714285713,0.02274310079398112
2019-11-04,JPM,0.12388767255144573,0.011817404014264295,10801752.38095238,0.027325088320689916
2019-11-04,MSFT,0.04655378202630045,0.011709653929357725,23835471.42857143,0.040192571748232764
2019-11-05,AAPL,0.1324318562970197,0.012457718152791975,100696304.76190476,0.0359638013303023
2019-11-05,AMZN,0.03985201090499735,0.00991583712517894,60312285.71428572,-0.033984386611874084
2019-11-05,GOOGL,0.06885145539788784,0.010139523597480311,26714380.95238095,0.027504347073082025
2019-11-05,JPM,0.1287923988293167,0.011710974361173672,11133942.857142856,0.03067387475259986
2019-11-05,MSFT,0.05353005807491229,0.01152958517219857,23975780.95238095,0.04139678163326299
2019-11-06,AAPL,0.14634563722436278,0.011861242557260973,98984133.33333333,0.055522735987034944
2019-11-06,AMZN,0.052922593522724215,0.009157699111865668,59824476.190476194,-0.02459664817646856
2019-11-06,GOOGL,0.08476373608914645,0.009291361844123276,26930571.42857143,0.03747459584529844
2019-11-06,JPM,0.15632303079461263,0.00985421860678504,11154171.42857143,0.044392606019805214
2019-11-06,MSFT,0.061841241544687175,0.011206640269302123,23548414.285714287,0.056965051760963226
2019-11-07,AAPL,0.14614277516739116,0.011857435714246597,99944609.52380952,0.028871170059715734
2019-11-07,AMZN,0.03844971225231131,0.009115508266655114,60403142.85714286,-0.021636299840227302
2019-11-07,GOOGL,0.08694285292253645,0.009371327494644387,28320666.666666668,0.027583477352094654
2019-11-07,JPM,0.15422179237350342,0.009859915444099322,11452038.095238095,0.033923015864878
2019-11-07,MSFT,0.043547698108078015,0.010589476104371736,23454928.57142857,0.0527865115985553
2019-11-08,AAPL,0.13399565867301355,0.011776525392484945,97895695.23809524,0.032059619317920784
2019-11-08,AMZN,0.03814537583103483,0.009120295621855233,59972761.9047619,-0.02613273150766371
2019-11-08,GOOGL,0.08229212682629172,0.009375670370936319,29156380.95238095,0.02589011578174527
2019-11-08,JPM,0.14158118808145326,0.009755687120389654,11371052.38095238,0.03159995910432878
2019-11-08,MSFT,0.04931734227802065,0.010766229519273428,23411028.57142857,0.038943780275345175
2019-11-11,AAPL,0.11336176888309302,0.010814759930655568,93849295.23809524,0.03268493914668724
2019-11-11,AMZN,0.02293981195757544,0.009285953522006554,58726095.23809524,-0.012942733352941715
2019-11-11,GOOGL,0.06791940930873697,0.00972590486989636,28913714.285714287,0.03540823441848673
2019-11-11,JPM,0.1186498491733543,0.009671412921070587,11066409.523809524,0.03278915592756837
2019-11-11,MSFT,0.04603397442287194,0.010761508260662547,22883247.61904762,0.04179148008284961
2019-11-12,AAPL,0.11394624858708835,0.010799305909929271,93418876.1904762,0.036265296633456234
2019-11-12,AMZN,0.023939908617569117,0.009296235594813702,58847428.571428575,-0.009938122950994832
2019-11-12,GOOGL,0.06523410355800019,0.009760597077094604,29654476.19047619,0.03953089216319361
2019-11-12,JPM,0.10914563764777307,0.009965743048591979,11081647.61904762,0.06859710214837222
2019-11-12,MSFT,0.053887156106045886,0.010776864852270083,23137404.76190476,0.04549842048873809
2019-11-13,AAPL,0.12724776514101088,0.010695897778929776,94150990.47619048,0.04038291597886201
2019-11-13,AMZN,-0.008074109132739538,0.009035514502223025,58731047.61904762,0.0044662883745769655
2019-11-13,GOOGL,0.043421300961285825,0.008970126380743074,29318952.38095238,0.03910739142675457
2019-11-13,JPM,0.07102372858858463,0.008364505444618834,10350423.80952381,0.0648348484903396
2019-11-13,MSFT,0.04054538272687247,0.010425448456116107,23005190.476190478,0.05258181569821496
2019-11-14,AAPL,0.12398567756779189,0.010845536864697409,94878590.47619048,0.06556482908358663
2019-11-14,AMZN,-0.012844328893730661,0.008935120905061216,58256190.47619048,0.008326675477328571
2019-11-14,GOOGL,0.053218048391693085,0.009126959216002938,29602857.14285714,0.039376503010904784
2019-11-14,JPM,0.07453221212954375,0.008284343563854815,10226409.523809524,0.06796271455551972
2019-11-14,MSFT,0.05448285586164503,0.010179568692712292,22956533.333333332,0.05402702386930902
2019-11-15,AAPL,0.13293888755450056,0.010920979347997708,96431980.95238096,0.055124971717117166
2019-11-15,AMZN,-0.026847830141784934,0.00897984785245926,59475428.571428575,0.02941660478027841
2019-11-15,GOOGL,0.06444763830728761,0.009724901135405858,30475619.04761905,0.016009963603323074
2019-11-15,JPM,0.07627747213044289,0.008313027172783252,10195223.80952381,0.06677997584009532
2019-11-15,MSFT,0.07359153825154063,0.010257057176145104,23052966.666666668,0.03498308795292426
2019-11-18,AAPL,0.13320926115623877,0.010919770540553727,95921009.52380952,0.04732290753364565
2019-11-18,AMZN,-0.002833560426802606,0.008428466052500786,58977333.333333336,0.01797397926982125
2019-11-18,GOOGL,0.06061507631342411,0.009932733516122632,30302285.714285713,0.024298415111181138
2019-11-18,JPM,0.08344391915076765,0.008368287994515026,10115790.476190476,0.05680616965948482
2019-11-18,MSFT,0.09409764290002043,0.00921376120539794,22541561.904761903,0.030299952387824458
2019-11-19,AAPL,0.11051275594211885,0.010768438048600937,95393390.47619048,0.05156031658790705
2019-11-19,AMZN,-0.018407689091417323,0.007579760664853339,59111047.61904762,0.022529736656427657
2019-11-19,GOOGL,0.054899265863124214,0.010081453990895696,30481809.523809522,0.03340716568952429
2019-11-19,JPM,0.05690013386623649,0.0068891897145553944,9930547.61904762,0.05184571239548852
2019-11-19,MSFT,0.08639733680510853,0.00922472703721354,22725252.38095238,0.0388981128606265
2019-11-20,AAPL,0.10010084851511336,0.01126931934365296,96533428.57142857,0.06174199930994462
2019-11-20,AMZN,-0.011440051960406095,0.0072502597325180135,59757047.61904762,0.023471382721542478
2019-11-20,GOOGL,0.048872230606590294,0.010299180089419904,30768952.38095238,0.03791491849504158
2019-11-20,JPM,0.03878509360159432,0.006997424315042272,9894057.142857144,0.05870540256204748
2019-11-20,MSFT,0.10089531082176828,0.008277148800365286,22642671.42857143,0.05206539694028245
2019-11-21,AAPL,0.08066699120636911,0.011247035251156938,98703257.14285715,0.08392817338180625
2019-11-21,AMZN,-0.015583072413289378,0.007350097499709122,60256761.9047619,0.033602217336442974
2019-11-21,GOOGL,0.03380154772313726,0.010013970258795983,30972000.0,0.03883436596075818
2019-11-21,JPM,0.03844302073696637,0.006995889835429846,9840590.476190476,0.05595338162149921
2019-11-21,MSFT,0.09289287246375033,0.008352997430278581,22106076.19047619,0.053051012882159077
2019-11-22,AAPL,0.07794546345203157,0.011284178018430046,98515161.90476191,0.08591148202732657
2019-11-22,AMZN,-0.019687983054739622,0.007079197596134905,58383428.571428575,0.024912350596564936
2019-11-22,GOOGL,0.027448204946890487,0.010117432914749291,31331619.04761905,0.03923683439065284
2019-11-22,JPM,0.04606920882068444,0.007045749090438678,9847609.523809524,0.05191512828836009
2019-11-22,MSFT,0.07259533392079387,0.007594909124441029,21100004.76190476,0.05207594674227067
2019-11-25,AAPL,0.08350065259671591,0.011539268625095706,99017219.04761904,0.0883734627263133
2019-11-25,AMZN,0.007102627623959412,0.0076077351414961325,52535619.047619045,0.05351664226818009
2019-11-25,GOOGL,0.03269798640055699,0.010249087372076372,31164285.714285713,0.0435264891833258
2019-11-25,JPM,0.04332301684594819,0.006959448251915188,9895838.095238095,0.05741886995362244
2019-11-25,MSFT,0.07826768591913646,0.007761408709559089,20931490.476190478,0.049196481144143656
2019-11-26,AAPL,0.06437845376532247,0.011720183354756122,99428400.0,0.0965225679086934
2019-11-26,AMZN,0.011175680181235714,0.007884829979429964,52033047.61904762,0.04054668198993472
2019-11-26,GOOGL,0.01863499076553099,0.00945087662497932,29092000.0,0.03171355672749421
2019-11-26,JPM,0.040787164371849594,0.006948880720373759,9941957.142857144,0.056733019538632856
2019-11-26,MSFT,0.05796067843458785,0.006125339195855629,20423871.42857143,0.045582653278104734
2019-11-27,AAPL,0.1042138196657989,0.010263511791004829,95732971.42857143,0.08841092686068208
2019-11-27,AMZN,0.03165581380210147,0.008001360966874382,52746095.23809524,0.015606169165466754
2019-11-27,GOOGL,0.040827909630821724,0.007884102548224655,27480285.714285713,0.021019309425084343
2019-11-27,JPM,0.04453080836222645,0.006926882680787025,9790080.952380951,0.049750111464480495
2019-11-27,MSFT,0.07007118779674126,0.005466351324344556,20166485.714285713,0.034598266306845815
2019-11-29,AAPL,0.10191703987362932,0.010323068993509564,92023238.09523809,0.09878394733123663
2019-11-29,AMZN,0.011691127444013238,0.008124739383877472,52245142.85714286,0.026121694264473083
2019-11-29,GOOGL,0.03441728379237885,0.008070873041047172,26699238.095238097,0.027068631011968547
2019-11-29,JPM,0.047959844707734955,0.006782059604035095,9656666.666666666,0.057984162162076025
2019-11-29,MSFT,0.05037762571430071,0.005407263860176685,19856042.85714286,0.04174880016802929
2019-12-02,AAPL,0.06509514984809872,0.010045425405148911,89895866.66666667,0.13700074339474244
2019-12-02,AMZN,0.0027805167836287836,0.008476468797850639,53335047.61904762,0.06534009301557542
2019-12-02,GOOGL,0.023879848911717128,0.008559805888316079,26443714.285714287,0.061930511990180515
2019-12-02,JPM,0.05243367322215797,0.006569930471348289,9515071.42857143,0.0731725847362168
2019-12-02,MSFT,0.04665449904781305,0.005802428610281497,19990009.523809522,0.07402201378722051
2019-12-03,AAPL,0.017234556007054813,0.009250251140982773,88148495.23809524,0.14638641628127114
2019-12-03,AMZN,-0.011990326378675475,0.008381317919193387,53897428.571428575,0.059328977439758734
2019-12-03,GOOGL,0.017677386054828714,0.008320056258922787,26275047.61904762,0.05157791117097865
2019-12-03,JPM,0.01549287634453722,0.005531983196057862,9452152.38095238,0.07280110630515013
2019-12-03,MSFT,0.04243022604997271,0.005860537402421076,19558466.666666668,0.06235342184310788
2019-12-04,AAPL,0.019517809958361276,0.009332782245462898,86429904.76190476,0.14541145778505782
2019-12-04,AMZN,-0.024364717401340275,0.008236121087631425,53800476.190476194,0.08075807848575667
2019-12-04,GOOGL,0.02274310079398112,0.00876828184431211,26507142.85714286,0.05979823008394791
2019-12-04,JPM,0.027325088320689916,0.006757792579195778,9507309.523809524,0.05121187991542975
2019-12-04,MSFT,0.040192571748232764,0.005809662215181549,19590023.80952381,0.061261569869481614
2019-12-05,AAPL,0.0359638013303023,0.009777095059371398,86169276.1904762,0.12354084406925803
2019-12-05,AMZN,-0.033984386611874084,0.00854009714006184,54694095.23809524,0.09559431933447948
2019-12-05,GOOGL,0.027504347073082025,0.008835308858061545,26471904.76190476,0.05135811658465084
2019-12-05,JPM,0.03067387475259986,0.006816105754144518,9309204.761904761,0.027749568814561254
2019-12-05,MSFT,0.04139678163326299,0.005790051463557186,19571876.19047619,0.05102382140724049
2019-12-06,AAPL,0.055522735987034944,0.010493888611402116,87607904.76190476,0.11998085255554192
2019-12-06,AMZN,-0.02459664817646856,0.00870443775140205,55729904.76190476,0.08013817235671272
2019-12-06,GOOGL,0.03747459584529844,0.008996129231043301,26869142.85714286,0.04901504136934354
2019-12-06,JPM,0.044392606019805214,0.007418804984870777,9258704.761904761,0.020580381956452287
2019-12-06,MSFT,0.056965051760963226,0.006088826387531665,19563671.42857143,0.05495927965319103
2019-12-09,AAPL,0.028871170059715734,0.010882228967993098,89184190.47619048,0.16001049127609757
2019-12-09,AMZN,-0.021636299840227302,0.008676145626274662,55531523.809523806,0.08661848946443129
2019-12-09,GOOGL,0.027583477352094654,0.008670997366368718,26188285.714285713,0.05718603647411458
2019-12-09,JPM,0.033923015864878,0.007518821887556323,9019147.61904762,0.029107492718711603
2019-12-09,MSFT,0.0527865115985553,0.006190566375292071,19511323.80952381,0.07089067233562951
2019-12-10,AAPL,0.032059619317920784,0.01092219386725502,90157238.09523809,0.1558775925953264
2019-12-10,AMZN,-0.02613273150766371,0.00874144225848155,55903904.76190476,0.08276739772209152
2019-12-10,GOOGL,0.02589011578174527,0.008676155263278345,25579428.57142857,0.06409306100799661
2019-12-10,JPM,0.03159995910432878,0.007515326837032819,8935314.285714285,0.018167741970519735
2019-12-10,MSFT,0.038943780275345175,0.0058618050217265115,19499104.76190476,0.06755813466960436
2019-12-11,AAPL,0.03268493914668724,0.010940765972244124,90011314.28571428,0.17058769664284412
2019-12-11,AMZN,-0.012942733352941715,0.00871479969880267,56048285.71428572,0.08153398687010438
2019-12-11,GOOGL,0.03540823441848673,0.008403489688212532,25734000.0,0.07125184650169358
2019-12-11,JPM,0.03278915592756837,0.007480929781758796,8951166.666666666,0.029071934553955403
2019-12-11,MSFT,0.04179148008284961,0.005873423493876918,19713104.76190476,0.07633506161051962
2019-12-12,AAPL,0.036265296633456234,0.010927216391575878,92388533.33333333,0.15184475168405775
2019-12-12,AMZN,-0.009938122950994832,0.008812804598864262,57056190.47619048,0.06198266909224359
2019-12-12,GOOGL,0.03953089216319361,0.00838876305149128,25746476.19047619,0.060882926315505737
2019-12-12,JPM,0.06859710214837222,0.009326582189127314,9171090.476190476,0.012107136088525206
2019-12-12,MSFT,0.04549842048873809,0.0060627005173110576,19997414.285714287,0.058013489629170856
2019-12-13,AAPL,0.04038291597886201,0.011104511873266276,93857733.33333333,0.13152825348631958
2019-12-13,AMZN,0.0044662883745769655,0.00824695465820147,56824000.0,0.057401172358622965
2019-12-13,GOOGL,0.03910739142675457,0.008395722173592517,26348000.0,0.06855150226250029
2019-12-13,JPM,0.0648348484903396,0.009515021875238228,9293414.285714285,0.005757814873285083
2019-12-13,MSFT,0.05258181569821496,0.0062133372924394826,20327233.333333332,0.05597599089820937
2019-12-16,AAPL,0.06556482908358663,0.011380441938953274,95715028.57142857,0.12642070157299523
2019-12-16,AMZN,0.008326675477328571,0.00830359339986513,57662476.190476194,0.061456812792402005
2019-12-16,GOOGL,0.039376503010904784,0.008408594048461275,26308952.38095238,0.06574572538446577
2019-12-16,JPM,0.06796271455551972,0.009504129727590294,9430966.666666666,0.0057603242427684
2019-12-16,MSFT,0.05402702386930902,0.006249727321230807,20537442.85714286,0.06841142645847564
2019-12-17,AAPL,0.055124971717117166,0.01120184422059745,96379409.52380952,0.13665713654123723
2019-12-17,AMZN,0.02941660478027841,0.008407172316614331,57392761.9047619,0.04135908601669036
2019-12-17,GOOGL,0.016009963603323074,0.007570017920983049,26007142.85714286,0.09198530783590053
2019-12-17,JPM,0.06677997584009532,0.009483439653382202,9496833.333333334,0.006565635642240997
2019-12-17,MSFT,0.03498308795292426,0.006002000763395998,20629819.04761905,0.08022498420794788
2019-12-18,AAPL,0.04732290753364565,0.01123875537234902,97775847.61904761,0.13165785517108874
2019-12-18,AMZN,0.01797397926982125,0.008357172342199586,57880285.71428572,0.06052026635034302
2019-12-18,GOOGL,0.024298415111181138,0.007175088082550186,25785523.80952381,0.09641178323827693
2019-12-18,JPM,0.05680616965948482,0.009443593957433775,9574557.142857144,-0.0023292197629692923
2019-12-18,MSFT,0.030299952387824458,0.006052752740563767,20753400.0,0.07857750570473021
2019-12-19,AAPL,0.05156031658790705,0.011178000002483401,98833085.71428572,0.1345621578190277
2019-12-19,AMZN,0.022529736656427657,0.008394524466883168,58244095.23809524,0.05310557245319769
2019-12-19,GOOGL,0.03340716568952429,0.007022468654289313,26121619.04761905,0.0939446308625751
2019-12-19,JPM,0.05184571239548852,0.00957233362819604,9599600.0,0.0015103380482346385
2019-12-19,MSFT,0.0388981128606265,0.006247408411169491,20802123.80952381,0.06415740410685156
2019-12-20,AAPL,0.06174199930994462,0.01076186782155475,106916114.28571428,0.14239232540942992
2019-12-20,AMZN,0.023471382721542478,0.008368262091693168,60492476.190476194,0.054900638076201824
2019-12-20,GOOGL,0.03791491849504158,0.006781007507848476,27131047.61904762,0.09877740075251795
2019-12-20,JPM,0.05870540256204748,0.009344907536464211,10466733.333333334,0.0012864230971523227
2019-12-20,MSFT,0.05206539694028245,0.006491024116336159,22125014.285714287,0.059144948558129684
2019-12-23,AAPL,0.08392817338180625,0.01100179580283936,105829295.23809524,0.12080958684004406
2019-12-23,AMZN,0.033602217336442974,0.008210847207469134,59991047.61904762,0.03828219908677033
2019-12-23,GOOGL,0.03883436596075818,0.006763401087778233,26863904.76190476,0.08554508382988013
2019-12-23,JPM,0.05595338162149921,0.00936840817320481,10563538.095238095,-0.023288599411308453
2019-12-23,MSFT,0.053051012882159077,0.0064698642626127125,22084161.904761903,0.04847180586044231
2019-12-24,AAPL,0.08591148202732657,0.010969262784998891,105027085.71428572,0.086819277721216
2019-12-24,AMZN,0.024912350596564936,0.008174136175582125,58469333.333333336,0.0218699552873598
2019-12-24,GOOGL,0.03923683439065284,0.0067444795488328145,26182571.42857143,0.06493466168580331
2019-12-24,JPM,0.05191512828836009,0.009324159194690316,10332890.476190476,-0.03417913599465705
2019-12-24,MSFT,0.05207594674227067,0.006485524922675503,21754990.476190478,0.031134894239887245
2019-12-26,AAPL,0.0883734627263133,0.011122169423339476,105460457.14285715,0.09582309018006874
2019-12-26,AMZN,0.05351664226818009,0.012139893412370865,60868571.428571425,-0.008304938340454315
2019-12-26,GOOGL,0.0435264891833258,0.007028212908641186,26186000.0,0.06461043505434416
2019-12-26,JPM,0.05741886995362244,0.009475325514060358,10175861.904761905,-0.026948958128676592
2019-12-26,MSFT,0.049196481144143656,0.0063299537634928325,21378785.714285713,0.04279357009406759
2019-12-27,AAPL,0.0965225679086934,0.010839022548316852,107415619.04761904,0.11918562255273146
2019-12-27,AMZN,0.04054668198993472,0.01190497654266865,63730857.14285714,-0.0063107963565294245
2019-12-27,GOOGL,0.03171355672749421,0.007175540396604736,26248000.0,0.07534107861339101
2019-12-27,JPM,0.056733019538632856,0.009480961306008649,10050980.952380951,-0.029094848798940198
2019-12-27,MSFT,0.045582653278104734,0.006293397336796515,21083200.0,0.057121404502612716
2019-12-30,AAPL,0.08841092686068208,0.010650318827283938,111171752.38095239,0.11097000898166542
2019-12-30,AMZN,0.015606169165466754,0.012057591810659856,64349047.61904762,0.012881102082341611
2019-12-30,GOOGL,0.021019309425084343,0.007671430161386478,26304476.19047619,0.08549602082977614
2019-12-30,JPM,0.049750111464480495,0.00958066148798482,10067890.476190476,-0.013471948182828819
2019-12-30,MSFT,0.034598266306845815,0.006717982838029718,21138628.57142857,0.09638934793448972
2019-12-31,AAPL,0.09878394733123663,0.010570952293743515,113752133.33333333,0.054010155200118426
2019-12-31,AMZN,0.026121694264473083,0.011814408595825058,64904380.952380955,0.0870638027865227
2019-12-31,GOOGL,0.027068631011968547,0.0075029189728936345,26624095.23809524,0.06972570484064211
2019-12-31,JPM,0.057984162162076025,0.009543704144702025,10138823.80952381,-0.044406337598434265
2019-12-31,MSFT,0.04174880016802929,0.006481588782459385,21443014.285714287,0.0794550411960806
2020-01-02,AAPL,0.13700074339474244,0.0106131004203478,115704190.47619048,0.027667382507287508
2020-01-02,AMZN,0.06534009301557542,0.012745874994553404,65002857.14285714,0.05594809080427221
2020-01-02,GOOGL,0.061930511990180515,0.008145340641242534,26659333.333333332,0.08323351413148394
2020-01-02,JPM,0.0731725847362168,0.009684478626384987,10243019.047619049,-0.04864835867271211
2020-01-02,MSFT,0.07402201378722051,0.006602187508264808,21214619.04761905,0.08566823647016131
2020-01-03,AAPL,0.14638641628127114,0.009813085224544412,117222876.1904762,0.0720170605968864
2020-01-03,AMZN,0.059328977439758734,0.013013480246358356,65368095.23809524,0.09317483361346213
2020-01-03,GOOGL,0.05157791117097865,0.008323633248070507,26570666.666666668,0.06161504737660861
2020-01-03,JPM,0.07280110630515013,0.009713421156838804,10244233.333333334,-0.022047291702023353
2020-01-03,MSFT,0.06235342184310788,0.007392514338224756,21074152.38095238,0.1355439572428052
2020-01-06,AAPL,0.14541145778505782,0.009805013625517766,119661238.09523809,0.07221490720147039
2020-01-06,AMZN,0.08075807848575667,0.013130273739328529,66693523.809523806,0.07199090605397584
2020-01-06,GOOGL,0.05979823008394791,0.009233150816378613,27106952.38095238,0.034510943441720565
2020-01-06,JPM,0.05121187991542975,0.008994100127571802,10241414.285714285,-0.004630237910696389
2020-01-06,MSFT,0.061261569869481614,0.0073910168624377,21228390.476190478,0.131233175139432
2020-01-07,AAPL,0.12354084406925803,0.009911750812061079,121301600.0,0.08988223198082146
2020-01-07,AMZN,0.09559431933447948,0.012667252784734085,67856476.1904762,0.07518637974303499
2020-01-07,GOOGL,0.05135811658465084,0.009256735136605354,27579428.57142857,0.05795946741524505
2020-01-07,JPM,0.027749568814561254,0.009904270563191642,10286361.904761905,0.012731710209082703
2020-01-07,MSFT,0.05102382140724049,0.007830037077016903,21407676.19047619,0.16531297925527366
2020-01-08,AAPL,0.11998085255554192,0.009711462321127257,122539866.66666667,0.05804799973228314
2020-01-08,AMZN,0.08013817235671272,0.012933658962072781,68228476.1904762,0.09900255782321699
2020-01-08,GOOGL,0.04901504136934354,0.00918516011961682,27691142.85714286,0.052717295255619856
2020-01-08,JPM,0.020580381956452287,0.009534303271800697,10263728.57142857,0.0016795587635565212
2020-01-08,MSFT,0.05495927965319103,0.008104550528784086,21947819.04761905,0.14866593432481667
2020-01-09,AAPL,0.16001049127609757,0.009213604717347163,124543009.52380952,0.04096212989066883
2020-01-09,AMZN,0.08661848946443129,0.012885020928611707,68918476.1904762,0.12249026204214708
2020-01-09,GOOGL,0.05718603647411458,0.009357260971623961,27803428.57142857,0.06259358355201372
2020-01-09,JPM,0.029107492718711603,0.009459054813111555,10309957.142857144,0.002182750809909484
2020-01-09,MSFT,0.07089067233562951,0.008290172314141697,22171514.285714287,0.16416833765710526
2020-01-10,AAPL,0.1558775925953264,0.009271669445812227,126934647.61904761,0.0323478693007373
2020-01-10,AMZN,0.08276739772209152,0.013042736251175796,69241714.28571428,0.14212285936278124
2020-01-10,GOOGL,0.06409306100799661,0.009369245424319798,28215428.57142857,0.05675455737412971
2020-01-10,JPM,0.018167741970519735,0.009780047728323868,10436528.57142857,0.014183819824785893
2020-01-10,MSFT,0.06755813466960436,0.008407378160516956,22373885.714285713,0.143175674652964
2020-01-13,AAPL,0.17058769664284412,0.009788732758832665,128971561.90476191,0.03475687483425682
2020-01-13,AMZN,0.08153398687010438,0.013038129423572043,69892380.95238096,0.14207156148405176
2020-01-13,GOOGL,0.07125184650169358,0.009412830727466277,28703523.80952381,0.05458202268488832
2020-01-13,JPM,0.029071934553955403,0.009878158739833129,10595733.333333334,0.005830717570625588
2020-01-13,MSFT,0.07633506161051962,0.008627783568570989,22505785.714285713,0.13124686697739452
2020-01-14,AAPL,0.15184475168405775,0.01077757710130642,130145085.71428572,0.041451992460895815
2020-01-14,AMZN,0.06198266909224359,0.01343985015612601,70220952.38095239,0.15000748475990244
2020-01-14,GOOGL,0.060882926315505737,0.009656942314342857,28558857.14285714,0.057878307220704306
2020-01-14,JPM,0.012107136088525206,0.008070645154691754,11128523.80952381,-0.0066281443751294855
2020-01-14,MSFT,0.058013489629170856,0.008783883337085328,22451752.38095238,0.1331030018734216
2020-01-15,AAPL,0.13152825348631958,0.01092009355785277,129589657.14285715,0.046191250945068596
2020-01-15,AMZN,0.057401172358622965,0.01351447634172631,70364666.66666667,0.14653443180140124
2020-01-15,GOOGL,0.06855150226250029,0.009633523655016485,28005523.80952381,0.05525988075609267
2020-01-15,JPM,0.005757814873285083,0.008532530800704919,11400014.285714285,0.005412526038794718
2020-01-15,MSFT,0.05597599089820937,0.008731020473180359,22336157.14285714,0.1358624509112878
2020-01-16,AAPL,0.12642070157299523,0.010729803779661932,128667904.76190476,0.01432894331083645
2020-01-16,AMZN,0.061456812792402005,0.013568324257038555,69902095.23809524,0.1478907422833402
2020-01-16,GOOGL,0.06574572538446577,0.00955335082239104,27908000.0,0.047774072022796155
2020-01-16,JPM,0.0057603242427684,0.008532583155877828,11372004.761904761,-0.01173055611774998
2020-01-16,MSFT,0.06841142645847564,0.009352484980843423,22322880.95238095,0.1267379330957743
2020-01-17,AAPL,0.13665713654123723,0.01075362278166729,129794476.1904762,0.017751466928758175
2020-01-17,AMZN,0.04135908601669036,0.013563519630072613,70238190.47619048,0.16383158346432092
2020-01-17,GOOGL,0.09198530783590053,0.010092988518042715,28835428.57142857,0.03065190943888907
2020-01-17,JPM,0.006565635642240997,0.008561761404982474,11522047.61904762,-0.005137808524354859
2020-01-17,MSFT,0.08022498420794788,0.009152739363448766,22748885.714285713,0.12382711084721332
2020-01-21,AAPL,0.13165785517108874,0.01096877480922879,129547561.90476191,0.014183912006201727
2020-01-21,AMZN,0.06052026635034302,0.013765372347264241,70577619.04761904,0.13800211961681086
2020-01-21,GOOGL,0.09641178323827693,0.010002001487653015,30054476.19047619,0.023437232073544312
2020-01-21,JPM,-0.0023292197629692923,0.008843935510988627,11431223.80952381,0.004749930555601578
2020-01-21,MSFT,0.07857750570473021,0.009206746774366083,23005457.14285714,0.11065291408613143
2020-01-22,AAPL,0.1345621578190277,0.010924890078468944,129712476.1904762,-0.012298027311628656
2020-01-22,AMZN,0.05310557245319769,0.013806417187613782,71114285.71428572,0.110471203003349
2020-01-22,GOOGL,0.0939446308625751,0.010026398598035557,30032380.95238095,-0.0002765485864412165
2020-01-22,JPM,0.0015103380482346385,0.008776536334477362,11345447.61904762,-0.0063654338041412295
2020-01-22,MSFT,0.06415740410685156,0.009307971886932562,22966404.76190476,0.08073510919100246
2020-01-23,AAPL,0.14239232540942992,0.01077003297236359,121545523.8095238,-0.06372327784132192
2020-01-23,AMZN,0.054900638076201824,0.013775788503996725,68575047.61904761,0.06617394217030603
2020-01-23,GOOGL,0.09877740075251795,0.009891956777168347,28916190.476190478,-0.043665777198978795
2020-01-23,JPM,0.0012864230971523227,0.00877782935234874,10362261.904761905,-0.03207839723488348
2020-01-23,MSFT,0.059144948558129684,0.009162483535021372,21357038.095238097,0.02781171053393572
2020-01-24,AAPL,0.12080958684004406,0.010701977542825218,123829600.0,-0.09282217925959768
2020-01-24,AMZN,0.03828219908677033,0.014145436105369124,70127238.09523809,0.059678565796457805
2020-01-24,GOOGL,0.08554508382988013,0.010523486873403912,29385238.095238097,-0.05446149601617711
2020-01-24,JPM,-0.023288599411308453,0.010328287025989877,10620738.095238095,-0.051746371478983755
2020-01-24,MSFT,0.04847180586044231,0.009570164114512801,21699890.476190478,0.021141208187749783
2020-01-27,AAPL,0.086819277721216,0.013123323663548224,129232514.28571428,-0.05051152948995452
2020-01-27,AMZN,0.0218699552873598,0.014773217428282095,72648380.95238096,0.08272531383820803
2020-01-27,GOOGL,0.06493466168580331,0.011997018848999657,30369238.095238097,-0.02881820629980547
2020-01-27,JPM,-0.03417913599465705,0.010408327591161158,11074842.857142856,-0.04082445260695455
2020-01-27,MSFT,0.031134894239887245,0.010426906551851106,22799361.904761903,0.05148356877693905
2020-01-28,AAPL,0.09582309018006874,0.013746210538164274,132523600.0,-0.13699150620305167
2020-01-28,AMZN,-0.008304938340454315,0.011397185344018857,69603238.09523809,0.01675432768740981
2020-01-28,GOOGL,0.06461043505434416,0.011983891705669865,30657904.76190476,-0.09345044258990065
2020-01-28,JPM,-0.026948958128676592,0.010968131320114923,11374457.142857144,-0.09715087769875641
2020-01-28,MSFT,0.04279357009406759,0.01106920096432372,23293614.285714287,-0.041387450677502935
2020-01-29,AAPL,0.11918562255273146,0.014152005491379925,135855180.95238096,-0.15518068609707047
2020-01-29,AMZN,-0.0063107963565294245,0.011413455714365403,65699809.52380952,0.013858971506716777
2020-01-29,GOOGL,0.07534107861339101,0.011814236846119309,30579523.80952381,-0.08062723738222966
2020-01-29,JPM,-0.029094848798940198,0.010958961633014672,11443876.19047619,-0.13499236397504755
2020-01-29,MSFT,0.057121404502612716,0.01145582476568098,24071790.476190478,-0.03325087263209403
2020-01-30,AAPL,0.11097000898166542,0.014231424188740478,135027980.95238096,-0.07518716391164937
2020-01-30,AMZN,0.012881102082341611,0.011166016715562221,68226190.47619048,0.044513286145618114
2020-01-30,GOOGL,0.08549602082977614,0.011407829288736512,30918380.95238095,-0.046711390571372746
2020-01-30,JPM,-0.013471948182828819,0.011341175473070656,11543204.761904761,-0.10574739485333451
2020-01-30,MSFT,0.09638934793448972,0.01241342775019831,25750319.04761905,0.0027895370924098106
2020-01-31,AAPL,0.054010155200118426,0.017839625937039576,139731923.80952382,-0.06301387825347593
2020-01-31,AMZN,0.0870638027865227,0.019474075569081928,80665047.61904761,-0.04964849376881364
2020-01-31,GOOGL,0.06972570484064211,0.012095737865035917,32075904.76190476,-0.06634623313565968
2020-01-31,JPM,-0.044406337598434265,0.012514403440930027,11809090.476190476,-0.1163493767073559
2020-01-31,MSFT,0.0794550411960806,0.013087843455234918,26596666.666666668,-0.030961676236309965
2020-02-03,AAPL,0.027667382507287508,0.017258182184905876,141556114.2857143,-0.01685200392075248
2020-02-03,AMZN,0.05594809080427221,0.018783030909654885,82439047.61904761,-0.014155302071417575
2020-02-03,GOOGL,0.08323351413148394,0.013349719738122238,34188190.47619048,-0.06812332333829973
2020-02-03,JPM,-0.04864835867271211,0.01229582832224171,11771823.80952381,-0.10137217886952965
2020-02-03,MSFT,0.08566823647016131,0.013475811939604837,26953090.476190478,-0.019292224283085857
2020-02-04,AAPL,0.0720170605968864,0.01836017843788968,141093904.76190478,-0.07914322726097966
2020-02-04,AMZN,0.09317483361346213,0.018938764996278844,83891333.33333333,-0.061297651100667094
2020-02-04,GOOGL,0.06161504737660861,0.014666607647839369,37639238.0952381,-0.09038935987680308
2020-02-04,JPM,-0.022047291702023353,0.01254489648923565,11713266.666666666,-0.15758724062905827
2020-02-04,MSFT,0.1355439572428052,0.014315622670508024,27682476.19047619,-0.07437202055390746
2020-02-05,AAPL,0.07221490720147039,0.018362497812307733,141114838.0952381,-0.09872144638726221
2020-02-05,AMZN,0.07199090605397584,0.018881361765204843,84190761.90476191,-0.0680337767341298
2020-02-05,GOOGL,0.034510943441720565,0.013627273542521051,37144380.952380955,-0.10394521312003846
2020-02-05,JPM,-0.004630237910696389,0.013145096468138117,11708109.523809524,-0.21447748808275613
2020-02-05,MSFT,0.131233175139432,0.014387172460669841,28557361.904761903,-0.09943701514193282
2020-02-06,AAPL,0.08988223198082146,0.018345471371312778,140950723.80952382,-0.17960166472373496
2020-02-06,AMZN,0.07518637974303499,0.018881630968976253,83369904.76190476,-0.12175214959199965
2020-02-06,GOOGL,0.05795946741524505,0.01420724417410977,37310666.666666664,-0.1762772732301231
2020-02-06,JPM,0.012731710209082703,0.012565079308516932,11634823.80952381,-0.32097951794758883
2020-02-06,MSFT,0.16531297925527366,0.014294571478049198,28848661.904761903,-0.17752335618089998
2020-02-07,AAPL,0.05804799973228314,0.018531774071476034,140265238.0952381,-0.10839631052185239
2020-02-07,AMZN,0.09900255782321699,0.018825367926478768,84881619.04761904,-0.09015614779996639
2020-02-07,GOOGL,0.052717295255619856,0.014172798942207535,36979523.809523806,-0.13788031295156022
2020-02-07,JPM,0.0016795587635565212,0.012482288579263128,11476942.857142856,-0.26587457505226886
2020-02-07,MSFT,0.14866593432481667,0.014212634302774396,29124023.80952381,-0.12252136193634422
2020-02-10,AAPL,0.04096212989066883,0.018057030061335546,137371923.80952382,-0.14343002042305364
2020-02-10,AMZN,0.12249026204214708,0.019407058497050607,86680571.42857143,-0.14670256470725018
2020-02-10,GOOGL,0.06259358355201372,0.014583815340175638,37222476.190476194,-0.19736729522425966
2020-02-10,JPM,0.002182750809909484,0.012489832918005215,11309880.952380951,-0.30332515807913707
2020-02-10,MSFT,0.16416833765710526,0.01479127949685077,29812561.904761903,-0.18362708002724748
2020-02-11,AAPL,0.0323478693007373,0.01814313882581363,135166133.33333334,-0.22333480203765899
2020-02-11,AMZN,0.14212285936278124,0.01909876677470569,89435142.85714285,-0.22047148011884377
2020-02-11,GOOGL,0.05675455737412971,0.01456809592863385,37631714.28571428,-0.2639033826833007
2020-02-11,JPM,0.014183819824785893,0.012274357375642234,11137866.666666666,-0.36195655789508696
2020-02-11,MSFT,0.143175674652964,0.015989124321011614,31357038.095238097,-0.24398279691783953
2020-02-12,AAPL,0.03475687483425682,0.01827940686074841,134794628.57142857,-0.1504583340463006
2020-02-12,AMZN,0.14207156148405176,0.019099028390315256,89962285.71428572,-0.17361111111111116
2020-02-12,GOOGL,0.05458202268488832,0.014539428311853661,37646571.428571425,-0.20041756088694207
2020-02-12,JPM,0.005830717570625588,0.012151720010606208,10928476.19047619,-0.2470288678360424
2020-02-12,MSFT,0.13124686697739452,0.015973203623258585,32568295.23809524,-0.13776271412010688
2020-02-13,AAPL,0.041451992460895815,0.018064221113941414,131594304.76190476,-0.2544404160525251
2020-02-13,AMZN,0.15000748475990244,0.018830995543941745,89572666.66666667,-0.2143013592925399
2020-02-13,GOOGL,0.057878307220704306,0.014456848933256543,37496000.0,-0.29099572351830827
2020-02-13,JPM,-0.0066281443751294855,0.011872842167649873,10097119.047619049,-0.35915266936901225
2020-02-13,MSFT,0.1331030018734216,0.0159104651586815,33131076.19047619,-0.26084687939699247
2020-02-14,AAPL,0.046191250945068596,0.01801122335117018,129603352.38095239,-0.22184945296205705
2020-02-14,AMZN,0.14653443180140124,0.018928526180203693,89296095.23809524,-0.1531849855236378
2020-02-14,GOOGL,0.05525988075609267,0.014439178807615808,37574476.190476194,-0.2638190931838168
2020-02-14,JPM,0.005412526038794718,0.011408694802485755,9636842.857142856,-0.3179104921856031
2020-02-14,MSFT,0.1358624509112878,0.015922440320876904,33213533.333333332,-0.20706579526232782
2020-02-18,AAPL,0.01432894331083645,0.01838954884383625,131684400.0,-0.22673978156162433
2020-02-18,AMZN,0.1478907422833402,0.018936151111977072,89568571.42857143,-0.1510760048611921
2020-02-18,GOOGL,0.047774072022796155,0.01440080994610794,37553619.047619045,-0.2818473145619296
2020-02-18,JPM,-0.01173055611774998,0.011748241943002374,9551728.57142857,-0.3815245618367157
2020-02-18,MSFT,0.1267379330957743,0.01570978204319367,33400523.80952381,-0.24807218738633152
2020-02-19,AAPL,0.017751466928758175,0.01849919373845992,129597142.85714285,-0.24361872564427545
2020-02-19,AMZN,0.16383158346432092,0.018671115242045636,88200857.14285715,-0.13329985177272985
2020-02-19,GOOGL,0.03065190943888907,0.0138108096205883,36140380.952380955,-0.27097388776253406
2020-02-19,JPM,-0.005137808524354859,0.01204791463814358,9188561.904761905,-0.3795911071627507
2020-02-19,MSFT,0.12382711084721332,0.015721810328711984,33192228.57142857,-0.23798578365169898
2020-02-20,AAPL,0.014183912006201727,0.018587783009379695,129107752.38095239,-0.28429599296145536
2020-02-20,AMZN,0.13800211961681086,0.0188812898010162,87651809.52380952,-0.14258977463396905
2020-02-20,GOOGL,0.023437232073544312,0.013887360127996871,35046666.666666664,-0.29583586979534493
2020-02-20,JPM,0.004749930555601578,0.011842823231423858,9138495.238095239,-0.39268304945915244
2020-02-20,MSFT,0.11065291408613143,0.01626390302895635,33542000.0,-0.2552324897512982
2020-02-21,AAPL,-0.012298027311628656,0.019262456596826193,130427828.57142857,-0.28327744801199994
2020-02-21,AMZN,0.110471203003349,0.02013280843273726,89013714.28571428,-0.09214824329584659
2020-02-21,GOOGL,-0.0002765485864412165,0.014789116755638265,35716285.71428572,-0.28941115719106336
2020-02-21,JPM,-0.0063654338041412295,0.012152458710797212,9244385.714285715,-0.4180838289034231
2020-02-21,MSFT,0.08073510919100246,0.018038387953278973,34705514.28571428,-0.2385912278665806
2020-02-24,AAPL,-0.06372327784132192,0.021772159858299132,136033695.23809522,-0.17204374192117988
2020-02-24,AMZN,0.06617394217030603,0.02253047235069434,92882666.66666667,-0.03443508064157863
2020-02-24,GOOGL,-0.043665777198978795,0.017507441545175605,36807238.0952381,-0.2041398394767856
2020-02-24,JPM,-0.03207839723488348,0.013474050875079756,9447847.61904762,-0.3308868283634776
2020-02-24,MSFT,0.02781171053393572,0.020728437623977313,37021242.85714286,-0.13195611869651735
2020-02-25,AAPL,-0.09282217925959768,0.02279681476973587,140040171.42857143,-0.14773685663949632
2020-02-25,AMZN,0.059678565796457805,0.022773981783056473,95218761.90476191,-0.0440504189603953
2020-02-25,GOOGL,-0.05446149601617711,0.01800361685313719,37845047.61904762,-0.20536397241344984
2020-02-25,JPM,-0.051746371478983755,0.015701664143870274,9715980.952380951,-0.2734832587356333
2020-02-25,MSFT,0.021141208187749783,0.02095422406590825,39076252.38095238,-0.12584044677451922
2020-02-26,AAPL,-0.05051152948995452,0.022449635441202657,141759923.80952382,-0.1168971688621967
2020-02-26,AMZN,0.08272531383820803,0.02226545022813097,96834095.23809524,-0.012174256621662716
2020-02-26,GOOGL,-0.02881820629980547,0.017377051167024544,38590000.0,-0.1636496504975412
2020-02-26,JPM,-0.04082445260695455,0.01568110315895677,10285747.61904762,-0.22520520033058133
2020-02-26,MSFT,0.05148356877693905,0.02067232200544858,40225204.76190476,-0.08262330358438452
2020-02-27,AAPL,-0.13699150620305167,0.02521735490173306,149301428.57142857,-0.0942527722730141
2020-02-27,AMZN,0.01675432768740981,0.024861503325238846,101916000.0,0.0083850867296551
2020-02-27,GOOGL,-0.09345044258990065,0.02053366440380514,40140761.9047619,-0.155663740305369
2020-02-27,JPM,-0.09715087769875641,0.017213468279151805,10759209.523809524,-0.24915558172643648
2020-02-27,MSFT,-0.041387450677502935,0.02569928061501594,43476395.23809524,-0.053609863278412107
2020-02-28,AAPL,-0.15518068609707047,0.02446512131281557,159314800.0,-0.06785899965436215
2020-02-28,AMZN,0.013858971506716777,0.02486081059975754,108956952.38095239,0.04257467430636197
2020-02-28,GOOGL,-0.08062723738222966,0.021062883459850325,42932761.9047619,-0.14406597286920675
2020-02-28,JPM,-0.13499236397504755,0.019136784936365708,12502323.80952381,-0.19472913421927251
2020-02-28,MSFT,-0.03325087263209403,0.026055513502258845,46441071.428571425,-0.010986754092668138
2020-03-02,AAPL,-0.07518716391164937,0.03291528274378879,169536419.04761904,-0.14899099366320334
2020-03-02,AMZN,0.044513286145618114,0.02607834617480784,109370571.42857143,-0.0021648667629229346
2020-03-02,GOOGL,-0.046711390571372746,0.022714797835420783,44281333.333333336,-0.16184586501755382
2020-03-02,JPM,-0.10574739485333451,0.02207431935860574,13374061.904761905,-0.25913445566979987
2020-03-02,MSFT,0.0027895370924098106,0.02935792354418522,47366466.666666664,-0.08727352322511417
2020-03-03,AAPL,-0.06301387825347593,0.032236744378608836,175245333.33333334,-0.16732334385168446
2020-03-03,AMZN,-0.04964849376881364,0.020861047113151125,101720285.71428572,-0.0006757384864880533
2020-03-03,GOOGL,-0.06634623313565968,0.023694252565024658,44889904.76190476,-0.17613565113935614
2020-03-03,JPM,-0.1163493767073559,0.022754407335287514,14315133.333333334,-0.278727929523086
2020-03-03,MSFT,-0.030961676236309965,0.03106444495999227,49058576.190476194,-0.07537577248139737
2020-03-04,AAPL,-0.01685200392075248,0.03396268702153674,177406761.9047619,-0.19095596257538805
2020-03-04,AMZN,-0.014155302071417575,0.02238675121542669,100654761.90476191,-0.028848621404965802
2020-03-04,GOOGL,-0.06812332333829973,0.0235406937598472,43745238.0952381,-0.19149551995583058
2020-03-04,JPM,-0.10137217886952965,0.02354336285955294,15066314.285714285,-0.2698371872016023
2020-03-04,MSFT,-0.019292224283085857,0.031679565017856376,49997023.809523806,-0.08965095924973587
2020-03-05,AAPL,-0.07914322726097966,0.033758459647589834,179833257.14285713,-0.17584997999538898
2020-03-05,AMZN,-0.061297651100667094,0.022404418627856058,100139428.57142857,-0.00906432486502251
2020-03-05,GOOGL,-0.09038935987680308,0.02512457008654333,41769047.61904762,-0.16889789864203453
2020-03-05,JPM,-0.15758724062905827,0.024983224632029576,15821957.142857144,-0.25486174629728964
2020-03-05,MSFT,-0.07437202055390746,0.03114975478199857,50539119.047619045,-0.07481792679046739
2020-03-06,AAPL,-0.09872144638726221,0.03371618043754025,184945161.9047619,-0.09189380118392665
2020-03-06,AMZN,-0.0680337767341298,0.022490553923803565,100994095.23809524,0.050760403156501654
2020-03-06,GOOGL,-0.10394521312003846,0.02519747107840413,43114952.38095238,-0.08686145765484021
2020-03-06,JPM,-0.21447748808275613,0.02604277260646915,17155704.76190476,-0.16367854096861223
2020-03-06,MSFT,-0.09943701514193282,0.03161904746837684,52140776.190476194,0.022900419689960705
2020-03-09,AAPL,-0.17960166472373496,0.03719022403217403,193579409.52380952,-0.025322257784360924
2020-03-09,AMZN,-0.12175214959199965,0.02486400988868025,105403809.52380952,0.11717694825582492
2020-03-09,GOOGL,-0.1762772732301231,0.0273362963414994,44611619.047619045,-0.02733203871883083
2020-03-09,JPM,-0.32097951794758883,0.03743376481684951,18649023.80952381,-0.019885947428865736
2020-03-09,MSFT,-0.17752335618089998,0.03390391535302441,54172580.952380955,0.08544688272924938
2020-03-10,AAPL,-0.10839631052185239,0.04111560580458384,201560647.6190476,-0.06753323373310516
2020-03-10,AMZN,-0.09015614779996639,0.027472001648803982,107344761.90476191,0.0799124423546842
2020-03-10,GOOGL,-0.13788031295156022,0.030039467618341736,45874095.23809524,-0.05345951000588167
2020-03-10,JPM,-0.26587457505226886,0.0427678365187094,19826304.76190476,-0.05382395478593205
2020-03-10,MSFT,-0.12252136193634422,0.037826639228640935,55688071.428571425,0.026162099013624207
2020-03-11,AAPL,-0.14343002042305364,0.041564450786855875,208524933.33333334,-0.027012420069781662
2020-03-11,AMZN,-0.14670256470725018,0.027468563470746533,107886285.71428572,0.12186550651845929
2020-03-11,GOOGL,-0.19736729522425966,0.030840612490864176,46656476.190476194,-0.0035757124042625765
2020-03-11,JPM,-0.30332515807913707,0.04315711275387014,21358033.333333332,0.08199056398109006
2020-03-11,MSFT,-0.18362708002724748,0.038047860992565345,56665561.9047619,0.07492038602724649
2020-03-12,AAPL,-0.22333480203765899,0.04617780887532693,223960685.7142857,0.10079340817380023
2020-03-12,AMZN,-0.22047148011884377,0.03137942132766284,113219809.52380952,0.2936043519417071
2020-03-12,GOOGL,-0.2639033826833007,0.03447709317457688,49488571.428571425,0.08893881351537547
2020-03-12,JPM,-0.36195655789508696,0.04526603060025618,23412633.333333332,0.12674999039238122
2020-03-12,MSFT,-0.24398279691783953,0.042366747136588306,58573490.47619048,0.19020586236980064
2020-03-13,AAPL,-0.1504583340463006,0.0538986947934183,236198857.14285713,0.03266506124784341
2020-03-13,AMZN,-0.17361111111111116,0.035388655371404995,118434476.1904762,0.2791708724505426
2020-03-13,GOOGL,-0.20041756088694207,0.04143398909481685,51791333.333333336,0.041967674295611435
2020-03-13,JPM,-0.2470288678360424,0.06290628782972414,24869076.19047619,-0.07138514969087506
2020-03-13,MSFT,-0.13776271412010688,0.054150657519820844,60747990.47619048,0.09362189332588655
2020-03-16,AAPL,-0.2544404160525251,0.06014521752274349,247040571.42857143,0.17431122690015255
2020-03-16,AMZN,-0.2143013592925399,0.036719821865850676,124039714.28571428,0.36617834143464867
2020-03-16,GOOGL,-0.29099572351830827,0.04745754616343126,55296380.952380955,0.17176140704286613
2020-03-16,JPM,-0.35915266936901225,0.06965507784450098,26352038.095238097,0.03817828579900251
2020-03-16,MSFT,-0.26084687939699247,0.06235859039327959,63253233.333333336,0.2692375029804859
2020-03-17,AAPL,-0.22184945296205705,0.061341036055106116,258656876.19047618,0.1337893304041038
2020-03-17,AMZN,-0.1531849855236378,0.0407651154907767,131954857.14285715,0.3320814054183625
2020-03-17,GOOGL,-0.2638190931838168,0.04893403218379719,58153333.333333336,0.12465338582624019
2020-03-17,JPM,-0.3179104921856031,0.07175023450458685,27714523.80952381,-0.05890059283456894
2020-03-17,MSFT,-0.20706579526232782,0.06558942827043208,66010866.666666664,0.2078868278649344
2020-03-18,AAPL,-0.22673978156162433,0.06139719395164154,265690323.80952382,0.14647080657321832
2020-03-18,AMZN,-0.1510760048611921,0.04082070965707727,138335428.57142857,0.2978142076502732
2020-03-18,GOOGL,-0.2818473145619296,0.04888086235568719,61362952.38095238,0.17211488442315326
2020-03-18,JPM,-0.3815245618367157,0.07436088456003256,29263533.333333332,0.14637094868663536
2020-03-18,MSFT,-0.24807218738633152,0.06582006576890735,68572819.04761904,0.2720799893946666
2020-03-19,AAPL,-0.24361872564427545,0.06113863404455881,274160476.1904762,0.13134218594516645
2020-03-19,AMZN,-0.13329985177272985,0.04142979402707015,145800857.14285713,0.27256723790959625
2020-03-19,GOOGL,-0.27097388776253406,0.0492724954373861,63806666.666666664,0.1344643474752132
2020-03-19,JPM,-0.3795911071627507,0.07443573037388848,30458957.14285714,0.08631888376802199
2020-03-19,MSFT,-0.23798578365169898,0.0660325603531356,71235923.8095238,0.22668332677462133
2020-03-20,AAPL,-0.28429599296145536,0.06218229193005633,288499866.6666667,0.17069461976148537
2020-03-20,AMZN,-0.14258977463396905,0.04151928165573004,152169047.6190476,0.2611086383599337
2020-03-20,GOOGL,-0.29583586979534493,0.04953202027121477,66516952.38095238,0.13475824892247368
2020-03-20,JPM,-0.39268304945915244,0.07429672021965714,31541242.85714286,0.07754929007001965
2020-03-20,MSFT,-0.2552324897512982,0.0662870089293317,73521819.04761904,0.22184169448602975
2020-03-23,AAPL,-0.28327744801199994,0.0621733285664075,298366476.1904762,0.2305566119231337
2020-03-23,AMZN,-0.09214824329584659,0.04201398862850011,155180666.66666666,0.2420920056450533
2020-03-23,GOOGL,-0.28941115719106336,0.04950973530061684,68476571.42857143,0.19379025557892748
2020-03-23,JPM,-0.4180838289034231,0.07460306233501911,32625233.333333332,0.14220349563189494
2020-03-23,MSFT,-0.2385912278665806,0.0661322719619205,74969561.90476191,0.276069750624095
2020-03-24,AAPL,-0.17204374192117988,0.06640262823020361,301477714.28571427,0.1140229585214747
2020-03-24,AMZN,-0.03443508064157863,0.04138674791989763,155752190.47619048,0.23676621884427873
2020-03-24,GOOGL,-0.2041398394767856,0.05252388037334892,69567428.57142857,0.12491924053557701
2020-03-24,JPM,-0.3308868283634776,0.08074013375373673,33613080.952380955,0.02136036431877919
2020-03-24,MSFT,-0.13195611869651735,0.06925118229712439,75646019.04761904,0.15558815189415398
2020-03-25,AAPL,-0.14773685663949632,0.06611341738645157,304950495.2380952,0.1525336120980234
2020-03-25,AMZN,-0.0440504189603953,0.041645759936970894,155999809.52380952,0.27806178489091504
2020-03-25,GOOGL,-0.20536397241344984,0.05254510699054671,71412380.95238096,0.158838941182327
2020-03-25,JPM,-0.2734832587356333,0.08125926233155534,34437580.952380955,-0.0008438914541774034
2020-03-25,MSFT,-0.12584044677451922,0.0692072692235615,76006252.38095239,0.18806102636325095
2020-03-26,AAPL,-0.1168971688621967,0.06718535341172811,307523466.6666667,0.09568926683431012
2020-03-26,AMZN,-0.012174256621662716,0.04247003660793771,156949047.6190476,0.2150407877211804
2020-03-26,GOOGL,-0.1636496504975412,0.05439747798933393,72687904.76190476,0.09281798355633897
2020-03-26,JPM,-0.22520520033058133,0.08315325786502477,34675709.52380952,-0.025649820888112074
2020-03-26,MSFT,-0.08262330358438452,0.07065418973493363,76404442.85714285,0.11491901677252536
2020-03-27,AAPL,-0.0942527722730141,0.06628390618822423,301981142.85714287,0.12448533569831755
2020-03-27,AMZN,0.0083850867296551,0.04155092915690984,154324190.47619048,0.2178728038035751
2020-03-27,GOOGL,-0.155663740305369,0.05403972010029903,72711904.76190476,0.11018146920742433
2020-03-27,JPM,-0.24915558172643648,0.08398497778989228,35010757.14285714,0.05651510400334492
2020-03-27,MSFT,-0.053609863278412107,0.06950591135035421,74683842.85714285,0.13433515703472865
2020-03-30,AAPL,-0.06785899965436215,0.0666321574329311,289670019.04761904,0.12919455838926575
2020-03-30,AMZN,0.04257467430636197,0.042143317161373796,151129047.6190476,0.20813152540571433
2020-03-30,GOOGL,-0.14406597286920675,0.05444930336383371,71689904.76190476,0.1708700946410433
2020-03-30,JPM,-0.19472913421927251,0.08398051739271481,33854828.571428575,0.05750694288193414
2020-03-30,MSFT,-0.010986754092668138,0.07103190652985264,73084204.76190476,0.10734524240798748
2020-03-31,AAPL,-0.14899099366320334,0.06303540313355001,282794057.14285713,0.15537402926216903
2020-03-31,AMZN,-0.0021648667629229346,0.041438517399661125,149568952.3809524,0.2689001176660717
2020-03-31,GOOGL,-0.16184586501755382,0.05383647901976233,72156476.1904762,0.15900026726142946
2020-03-31,JPM,-0.25913445566979987,0.08329796261504871,33665490.47619048,0.07469860724817812
2020-03-31,MSFT,-0.08727352322511417,0.06954063801799527,73412604.76190476,0.13632603922887276
2020-04-01,AAPL,-0.16732334385168446,0.06362717886923785,275972285.71428573,0.19990869368951802
2020-04-01,AMZN,-0.0006757384864880533,0.04139797907577003,146318857.14285713,0.19832258104766787
2020-04-01,GOOGL,-0.17613565113935614,0.05438241587171698,71935904.76190476,0.19528169231120796
2020-04-01,JPM,-0.278727929523086,0.08388798247147829,33450342.85714286,0.1168685825682223
2020-04-01,MSFT,-0.07537577248139737,0.06918300987155895,72759885.71428572,0.14765644922461285
2020-04-02,AAPL,-0.19095596257538805,0.06271062693363731,273436838.0952381,0.19691368308492208
2020-04-02,AMZN,-0.028848621404965802,0.040675092034429566,145902761.9047619,0.20698031783717274
2020-04-02,GOOGL,-0.19149551995583058,0.05382374764267859,72355523.8095238,0.18430134519946328
2020-04-02,JPM,-0.2698371872016023,0.08420980246880438,33365680.95238095,0.06384914199368952
2020-04-02,MSFT,-0.08965095924973587,0.06882886366837791,72751138.09523809,0.15187415778519164
2020-04-03,AAPL,-0.17584997999538898,0.06248447895133092,270689561.9047619,0.232592018008551
2020-04-03,AMZN,-0.00906432486502251,0.0402789367792422,144818666.66666666,0.21567826818795455
2020-04-03,GOOGL,-0.16889789864203453,0.053151584110687655,72212380.95238096,0.2345749915927957
2020-04-03,JPM,-0.25486174629728964,0.08388178145146742,33183480.95238095,0.09458656547157673
2020-04-03,MSFT,-0.07481792679046739,0.06865179089752893,72438090.47619048,0.17506350299583584
2020-04-06,AAPL,-0.09189380118392665,0.06576741906424348,269529733.3333333,0.145387700152108
2020-04-06,AMZN,0.050760403156501654,0.04145701694866407,145294476.19047618,0.1770483628725592
2020-04-06,GOOGL,-0.08686145765484021,0.05663127280498569,72149523.8095238,0.1371209948414691
2020-04-06,JPM,-0.16367854096861223,0.08485525206395551,32643547.61904762,0.009054331912949465
2020-04-06,MSFT,0.022900419689960705,0.07028116914188998,72166214.28571428,0.10449553192965655
2020-04-07,AAPL,-0.025322257784360924,0.06344613117106142,265536514.2857143,0.17079750044290076
2020-04-07,AMZN,0.11717694825582492,0.03941939045945901,142723809.52380952,0.17697851101953677
2020-04-07,GOOGL,-0.02733203871883083,0.05499866918412061,71786095.23809524,0.15789470941901773
2020-04-07,JPM,-0.019885947428865736,0.07946159611426282,31796490.476190478,0.006288556835442494
2020-04-07,MSFT,0.08544688272924938,0.0684708324425927,71801914.28571428,0.12300440045545491
2020-04-08,AAPL,-0.06753323373310516,0.06161920766588513,259993904.76190478,0.1687506315735663
2020-04-08,AMZN,0.0799124423546842,0.038157435524533406,139718095.23809522,0.1647625794448504
2020-04-08,GOOGL,-0.05345951000588167,0.05408719314360558,71093809.52380952,0.1469262823484534
2020-04-08,JPM,-0.05382395478593205,0.07809027813196665,31406042.85714286,-0.016967472108871506
2020-04-08,MSFT,0.026162099013624207,0.06698700995687477,70990666.66666667,0.11839130126479214
2020-04-09,AAPL,-0.027012420069781662,0.06116676350548718,255528952.3809524,0.17863584912118768
2020-04-09,AMZN,0.12186550651845929,0.036959451156279736,138786380.95238096,0.17928681169024796
2020-04-09,GOOGL,-0.0035757124042625765,0.05290087264049224,71060285.71428572,0.16328918907791135
2020-04-09,JPM,0.08199056398109006,0.07963496809647062,31593133.333333332,-0.12446480104967717
2020-04-09,MSFT,0.07492038602724649,0.06606392451570522,70753214.28571428,0.13079818497545648
2020-04-13,AAPL,0.10079340817380023,0.05686729081234952,241840800.0,0.14273792596576462
2020-04-13,AMZN,0.2936043519417071,0.03329952585166531,134377333.33333334,0.08671803514107945
2020-04-13,GOOGL,0.08893881351537547,0.04934697403204831,68411523.8095238,0.13612748043481293
2020-04-13,JPM,0.12674999039238122,0.07792154762145476,30506785.714285713,-0.1136571746993934
2020-04-13,MSFT,0.19020586236980064,0.0619582268155192,68309352.38095239,0.10271231788502821
2020-04-14,AAPL,0.03266506124784341,0.051717646880717984,233472361.9047619,0.0746658600364305
2020-04-14,AMZN,0.2791708724505426,0.032466202397433905,133689238.09523809,0.037051340533652555
2020-04-14,GOOGL,0.041967674295611435,0.0461526091995052,67647619.04761904,0.06567966774345102
2020-04-14,JPM,-0.07138514969087506,0.06754575768103586,30869071.42857143,-0.12010489964134652
2020-04-14,MSFT,0.09362189332588655,0.054993941137058466,66411585.71428572,0.034830448159491656
2020-04-15,AAPL,0.17431122690015255,0.042232986618158164,224364304.76190478,0.09122794140543333
2020-04-15,AMZN,0.36617834143464867,0.028750682160024726,131736190.47619048,0.03517380636318901
2020-04-15,GOOGL,0.17176140704286613,0.03732975233442062,65062666.666666664,0.07918553061788813
2020-04-15,JPM,0.03817828579900251,0.059610987012077454,30465685.714285713,-0.03601717585372444
2020-04-15,MSFT,0.2692375029804859,0.04266568397201137,64175152.38095238,0.05032544246550308
2020-04-16,AAPL,0.1337893304041038,0.041445083390371215,216415219.04761904,0.07622472378224932
2020-04-16,AMZN,0.3320814054183625,0.026718963245133377,132803904.76190476,0.0006602327136566721
2020-04-16,GOOGL,0.12465338582624019,0.03654635504189886,63858000.0,0.0919574333800155
2020-04-16,JPM,-0.05890059283456894,0.05873949165577704,30332819.04761905,-0.016374838739658726
2020-04-16,MSFT,0.2078868278649344,0.0398006124893232,62718952.38095238,0.03456853826824968
2020-04-17,AAPL,0.14647080657321832,0.041100304928231746,212368380.95238096,0.11673486434826241
2020-04-17,AMZN,0.2978142076502732,0.027403399180980476,131170380.95238096,0.02158318770559209
2020-04-17,GOOGL,0.17211488442315326,0.03594089359481404,61858285.71428572,0.08301797713971193
2020-04-17,JPM,0.14637094868663536,0.05686887651187649,29793119.04761905,-0.0496951554277163
2020-04-17,MSFT,0.2720799893946666,0.037992794151098644,61346209.52380952,0.0353303938899312
2020-04-20,AAPL,0.13134218594516645,0.041436901915260074,205614000.0,0.13381623480543436
2020-04-20,AMZN,0.27256723790959625,0.027203260892981907,126761619.04761904,0.023278672807045764
2020-04-20,GOOGL,0.1344643474752132,0.03616834366320612,60012000.0,0.0897990831015274
2020-04-20,JPM,0.08631888376802199,0.05764077089009718,29388561.904761903,-0.03314801862793626
2020-04-20,MSFT,0.22668332677462133,0.03860912756099695,59000823.809523806,0.04895458280971887
2020-04-21,AAPL,0.17069461976148537,0.039229219237205695,195104400.0,0.192734202363817
2020-04-21,AMZN,0.2611086383599337,0.02775995455522806,124531904.76190476,0.07294301902786993
2020-04-21,GOOGL,0.13475824892247368,0.03615264248295997,58429619.047619045,0.16251970357086387
2020-04-21,JPM,0.07754929007001965,0.057848555102228943,29049714.285714287,0.0256035597233899
2020-04-21,MSFT,0.22184169448602975,0.03885351730523246,57635942.85714286,0.10938560773402073
2020-04-22,AAPL,0.2305566119231337,0.03886661815663829,184633428.57142857,0.15069796845273786
2020-04-22,AMZN,0.2420920056450533,0.02742582462690444,121106857.14285715,0.03522332221689095
2020-04-22,GOOGL,0.19379025557892748,0.0364787662935099,56649809.52380952,0.11787890377720855
2020-04-22,JPM,0.14220349563189494,0.05627535061149595,28293800.0,0.009290506927781106
2020-04-22,MSFT,0.276069750624095,0.03889091291015879,55523800.0,0.060056031698686674
2020-04-23,AAPL,0.1140229585214747,0.03306074062342311,176885009.52380952,0.16261218929816712
2020-04-23,AMZN,0.23676621884427873,0.02737177802734869,119125428.57142857,0.015599391950517738
2020-04-23,GOOGL,0.12491924053557701,0.03352466100763975,54827619.047619045,0.11176340747849056
2020-04-23,JPM,0.02136036431877919,0.05018853971977493,27449780.95238095,0.0008948424970736113
2020-04-23,MSFT,0.15558815189415398,0.0347702578219623,53155900.0,0.0735100863718181
2020-04-24,AAPL,0.1525336120980234,0.03332973045095107,168435447.6190476,0.1223356235680444
2020-04-24,AMZN,0.27806178489091504,0.02597024057672312,116597619.04761904,0.004829440671457075
2020-04-24,GOOGL,0.158838941182327,0.03275848691036827,52307523.809523806,0.11340289904107581
2020-04-24,JPM,-0.0008438914541774034,0.04963762582564401,26387757.14285714,0.05633350711083884
2020-04-24,MSFT,0.18806102636325095,0.034618065868253035,51186347.61904762,0.043115238142318546
2020-04-27,AAPL,0.09568926683431012,0.03168503833509043,162006895.23809522,0.1264298417571601
2020-04-27,AMZN,0.2150407877211804,0.02591925879434854,116049333.33333333,0.014473885829067834
2020-04-27,GOOGL,0.09281798355633897,0.03092093085370253,50765809.52380952,0.1175740374341161
2020-04-27,JPM,-0.025649820888112074,0.048119148266310946,26056514.285714287,0.07133797791703511
2020-04-27,MSFT,0.11491901677252536,0.032412487633945865,49692361.9047619,0.04749404526709
2020-04-28,AAPL,0.12448533569831755,0.030293337914462037,157615847.6190476,0.14549299411310646
2020-04-28,AMZN,0.2178728038035751,0.025757630440206514,115936476.1904762,0.03760455848796829
2020-04-28,GOOGL,0.11018146920742433,0.02985401624755206,51618476.190476194,0.150617935967708
2020-04-28,JPM,0.05651510400334492,0.04528519840096634,25589723.80952381,0.04795881754788245
2020-04-28,MSFT,0.13433515703472865,0.03139721220838996,48613809.52380952,0.07122781076328999
2020-04-29,AAPL,0.12919455838926575,0.03046742543838421,156154152.3809524,0.10798534347519695
2020-04-29,AMZN,0.20813152540571433,0.025435839589163622,114475047.61904761,0.029358849301649892
2020-04-29,GOOGL,0.1708700946410433,0.03457874162476913,53981428.571428575,0.06805365055934098
2020-04-29,JPM,0.05750694288193414,0.04530952695130833,25532852.38095238,-0.005620269191599414
2020-04-29,MSFT,0.10734524240798748,0.029223878272770235,48036014.28571428,0.035678366836409126
2020-04-30,AAPL,0.15537402926216903,0.03057128003835133,155490438.0952381,0.09843858656161864
2020-04-30,AMZN,0.2689001176660717,0.026131696091945617,118676000.0,-0.0011964025769467534
2020-04-30,GOOGL,0.15900026726142946,0.034569020443406526,53534476.190476194,0.0654709962536073
2020-04-30,JPM,0.07469860724817812,0.04473082430664426,25330390.476190478,0.02965699396460142
2020-04-30,MSFT,0.13632603922887276,0.028836615358572362,46890714.28571428,0.02304113291045029
2020-05-01,AAPL,0.19990869368951802,0.02791344877590287,158557028.57142857,0.12158030764059169
2020-05-01,AMZN,0.19832258104766787,0.03170177095925282,124057619.04761904,0.08152522742272761
2020-05-01,GOOGL,0.19528169231120796,0.0325802955015059,53386952.38095238,0.09488211387247514
2020-05-01,JPM,0.1168685825682223,0.04263307207958818,24878871.42857143,0.060911198758080376
2020-05-01,MSFT,0.14765644922461285,0.02820567731458978,46005028.571428575,0.06218157134875946
2020-05-04,AAPL,0.19691368308492208,0.027884338919327994,157015790.47619048,0.11202116454181787
2020-05-04,AMZN,0.20698031783717274,0.03170362034158256,124562285.71428572,0.07012550737669443
2020-05-04,GOOGL,0.18430134519946328,0.032578977215057786,52167714.28571428,0.08795059918814974
2020-05-04,JPM,0.06384914199368952,0.042182208775222635,24484009.523809522,0.1316476689996564
2020-05-04,MSFT,0.15187415778519164,0.028308844295449987,45087990.47619048,0.03934388766067909
2020-05-05,AAPL,0.232592018008551,0.027387996381230604,157866800.0,0.08614204061291875
2020-05-05,AMZN,0.21567826818795455,0.03156272923439758,124212380.95238096,0.06161014261154785
2020-05-05,GOOGL,0.2345749915927957,0.031897303980552544,51610190.47619048,0.048390518685247796
2020-05-05,JPM,0.09458656547157673,0.04151264504753775,24334709.523809522,0.15695660087433572
2020-05-05,MSFT,0.17506350299583584,0.028066719950205675,44878271.428571425,0.01476776740184138
2020-05-06,AAPL,0.145387700152108,0.02098751853294464,155034095.23809522,0.10566958052976472
2020-05-06,AMZN,0.1770483628725592,0.030377259885533164,121683428.57142857,0.056029514281646264
2020-05-06,GOOGL,0.1371209948414691,0.02734435001614803,50106000.0,0.07030467703300247
2020-05-06,JPM,0.009054331912949465,0.039495611116806564,24056480.95238095,0.2321920311153205
2020-05-06,MSFT,0.10449553192965655,0.023628072424254177,43212919.047619045,0.028385082592384592
2020-05-07,AAPL,0.17079750044290076,0.020574218312715695,150859238.0952381,0.10081866794523209
2020-05-07,AMZN,0.17697851101953677,0.030377382838860344,120047619.04761904,0.06607931275674095
2020-05-07,GOOGL,0.15789470941901773,0.02740030653944517,48631333.333333336,0.05751937169983057
2020-05-07,JPM,0.006288556835442494,0.039457930079907194,23780676.19047619,0.24383298719140334
2020-05-07,MSFT,0.12300440045545491,0.023349842913506287,41572300.0,0.028783152929485745
2020-05-08,AAPL,0.1687506315735663,0.020499992443084775,149189866.66666666,0.1091801520112794
2020-05-08,AMZN,0.1647625794448504,0.030336447353258817,119313619.04761904,0.09297742124212527
2020-05-08,GOOGL,0.1469262823484534,0.027246222553742105,48297619.047619045,0.048933035150965365
2020-05-08,JPM,-0.016967472108871506,0.03859828458473529,23665652.38095238,0.19244907984777315
2020-05-08,MSFT,0.11839130126479214,0.0233297749963007,40741804.76190476,0.030586013967081715
2020-05-11,AAPL,0.17863584912118768,0.020575094538885015,148433276.19047618,0.12009164328817468
2020-05-11,AMZN,0.17928681169024796,0.030297163293949502,117992380.95238096,0.09898298806495376
2020-05-11,GOOGL,0.16328918907791135,0.027234217013940538,47282857.14285714,0.04353841657593338
2020-05-11,JPM,-0.12446480104967717,0.033098376733487374,23182400.0,0.17883750353523942
2020-05-11,MSFT,0.13079818497545648,0.023323665867408826,39765976.190476194,0.05702163199524635
2020-05-12,AAPL,0.14273792596576462,0.02081655143280003,149922723.80952382,0.07864186829215769
2020-05-12,AMZN,0.08671803514107945,0.02834667546985564,114524000.0,0.08528393601971396
2020-05-12,GOOGL,0.13612748043481293,0.027894669447390802,47055047.61904762,0.019430118122474083
2020-05-12,JPM,-0.1136571746993934,0.03250398748806765,23232447.61904762,0.1169711257283923
2020-05-12,MSFT,0.10271231788502821,0.024149083374701993,39296114.28571428,0.023444253465241482
2020-05-13,AAPL,0.0746658600364305,0.018572391955932428,150190704.76190478,0.10125152181003849
2020-05-13,AMZN,0.037051340533652555,0.026092713537835484,111377047.61904761,0.07479133964897544
2020-05-13,GOOGL,0.06567966774345102,0.026952985093145813,45960285.71428572,0.047903930974122044
2020-05-13,JPM,-0.12010489964134652,0.03278066870219991,22722938.095238097,0.18850423796997995
2020-05-13,MSFT,0.034830448159491656,0.022230184806963725,38907409.52380952,0.04735936280404118
2020-05-14,AAPL,0.09122794140543333,0.018346780074239653,151513314.2857143,0.10806369326266552
2020-05-14,AMZN,0.03517380636318901,0.026065584212776462,108311809.52380952,0.07695339300071335
2020-05-14,GOOGL,0.07918553061788813,0.026867775706138824,45694761.9047619,0.047079303749708146
2020-05-14,JPM,-0.03601717585372444,0.0327134896134604,22962647.61904762,0.15687832650041766
2020-05-14,MSFT,0.05032544246550308,0.02205323562057969,38951842.85714286,0.04949983865186569
2020-05-15,AAPL,0.07622472378224932,0.018458945793923924,151952514.2857143,0.14419443306196156
2020-05-15,AMZN,0.0006602327136566721,0.02433924924556678,100880190.47619048,0.08527339218149299
2020-05-15,GOOGL,0.0919574333800155,0.02690670698360879,44916095.23809524,0.05346453412097785
2020-05-15,JPM,-0.016374838739658726,0.03187808635533111,22660238.095238097,0.18812566385408203
2020-05-15,MSFT,0.03456853826824968,0.02133779106155589,38767595.23809524,0.059778867221532694
2020-05-18,AAPL,0.11673486434826241,0.018503765313831928,148139580.95238096,0.11630052250124723
2020-05-18,AMZN,0.02158318770559209,0.024157144454262626,97477523.8095238,0.08849828228098588
2020-05-18,GOOGL,0.08301797713971193,0.02677245277028665,44727714.28571428,0.04862912874692227
2020-05-18,JPM,-0.0496951554277163,0.027351395212114687,22675119.04761905,0.09983399846118757
2020-05-18,MSFT,0.0353303938899312,0.021350545291782527,37934209.52380952,0.05338272760600149
2020-05-19,AAPL,0.13381623480543436,0.01771561865932398,146792647.6190476,0.12323552579339192
2020-05-19,AMZN,0.023278672807045764,0.024182508719545616,96096380.95238096,0.08355350936326711
2020-05-19,GOOGL,0.0897990831015274,0.02659714736968437,44551238.0952381,0.043451591203499174
2020-05-19,JPM,-0.03314801862793626,0.026529420054451643,22480733.333333332,0.11582288779860894
2020-05-19,MSFT,0.04895458280971887,0.02087554121595292,37464185.71428572,0.07208392857691814
2020-05-20,AAPL,0.192734202363817,0.015747629604542894,143483752.3809524,0.09551143501107973
2020-05-20,AMZN,0.07294301902786993,0.023563310209112752,92783428.57142857,0.0708864115329404
2020-05-20,GOOGL,0.16251970357086387,0.025014467858225246,44009047.61904762,0.010984998831987891
2020-05-20,JPM,0.0256035597233899,0.02656984308483229,22362514.285714287,0.07095135161067456
2020-05-20,MSFT,0.10938560773402073,0.018409066737499213,36276452.38095238,0.05111494382420578
2020-05-21,AAPL,0.15069796845273786,0.015399347946661032,142808819.04761904,0.13261804083491402
2020-05-21,AMZN,0.03522332221689095,0.023971159185873205,93642666.66666667,0.1091574625560221
2020-05-21,GOOGL,0.11787890377720855,0.02406528693673845,43275619.047619045,0.031213669781700926
2020-05-21,JPM,0.009290506927781106,0.02674585161577254,22265323.80952381,0.07297335727349785
2020-05-21,MSFT,0.060056031698686674,0.017518979444613454,36014514.28571428,0.09344164219057993
2020-05-22,AAPL,0.16261218929816712,0.015204458942174112,140760666.66666666,0.14939314469658216
2020-05-22,AMZN,0.015599391950517738,0.023805180396330946,91547904.76190476,0.13440549188160533
2020-05-22,GOOGL,0.11176340747849056,0.02404322618918261,43006190.47619048,0.03590317476390292
2020-05-22,JPM,0.0008948424970736113,0.02681084091384411,22118614.285714287,0.09455685789983215
2020-05-22,MSFT,0.0735100863718181,0.017191779457824904,35444804.76190476,0.10026703730055675
2020-05-26,AAPL,0.1223356235680444,0.014656958139582954,140730228.57142857,0.13680426055300288
2020-05-26,AMZN,0.004829440671457075,0.023840899170939622,91303428.57142857,0.12904956192395844
2020-05-26,GOOGL,0.11340289904107581,0.024042155994722987,43348476.190476194,0.007971032005398726
2020-05-26,JPM,0.05633350711083884,0.03082388595203558,23329314.285714287,-0.012106061304568927
2020-05-26,MSFT,0.043115238142318546,0.017107165043152683,35530328.571428575,0.08960728764377013
2020-05-27,AAPL,0.1264298417571601,0.01461745409360383,140532971.42857143,0.14689888667557915
2020-05-27,AMZN,0.014473885829067834,0.02363765255132184,90742761.90476191,0.14279434505820565
2020-05-27,GOOGL,0.1175740374341161,0.02397913048087207,42753142.85714286,0.014658992077296373
2020-05-27,JPM,0.07133797791703511,0.031935875983002564,24116542.85714286,-0.03363890428814076
2020-05-27,MSFT,0.04749404526709,0.01707015547003067,35831409.52380952,0.10191973704045254
2020-05-28,AAPL,0.14549299411310646,0.013793080797673602,141559447.6190476,0.11117035417572407
2020-05-28,AMZN,0.03760455848796829,0.022852224529797106,88762571.42857143,0.12151508317091753
2020-05-28,GOOGL,0.150617935967708,0.02262349253591083,40585047.61904762,-0.03927416713080789
2020-05-28,JPM,0.04795881754788245,0.032180888626127384,24329638.095238097,-0.0728018403794839
2020-05-28,MSFT,0.07122781076328999,0.015987915626272824,35803671.428571425,0.08230455739847997
2020-05-29,AAPL,0.10798534347519695,0.012485339722699176,142333333.33333334,0.13788761009017558
2020-05-29,AMZN,0.029358849301649892,0.02250295033213921,87732380.95238096,0.09745040645205316
2020-05-29,GOOGL,0.06805365055934098,0.012729845646411882,37189142.85714286,-0.025357386781492353
2020-05-29,JPM,-0.005620269191599414,0.03224203513293006,24618390.476190478,-0.04429157551783103
2020-05-29,MSFT,0.035678366836409126,0.013002641843157955,35367661.9047619,0.0828920793889345
2020-06-01,AAPL,0.09843858656161864,0.01205739410288913,137463200.0,0.13344686103008252
2020-06-01,AMZN,-0.0011964025769467534,0.02061324467227972,81441238.09523809,0.11646102112557766
2020-06-01,GOOGL,0.0654709962536073,0.01273941855011049,35728190.47619048,-0.011722261669067424
2020-06-01,JPM,0.02965699396460142,0.031963833962989976,24430257.14285714,-0.04604445171309324
2020-06-01,MSFT,0.02304113291045029,0.012887821338523137,33879400.0,0.11311039217183505
2020-06-02,AAPL,0.12158030764059169,0.011092248057632988,130178723.8095238,0.12609033349265464
2020-06-02,AMZN,0.08152522742272761,0.01100934175890423,74543428.57142857,0.1643295337102222
2020-06-02,GOOGL,0.09488211387247514,0.011389821795469674,34517238.0952381,-0.00021499000451341566
2020-06-02,JPM,0.060911198758080376,0.031309532343280044,24556319.04761905,-0.05731293776487334
2020-06-02,MSFT,0.06218157134875946,0.011463056052585718,33471023.80952381,0.10702455289518564
2020-06-03,AAPL,0.11202116454181787,0.010915665915030886,128794114.28571428,0.11992457715341343
2020-06-03,AMZN,0.07012550737669443,0.010802774843964826,72453047.61904761,0.16619594516637348
2020-06-03,GOOGL,0.08795059918814974,0.011478205108423003,34370857.14285714,0.021316742585108628
2020-06-03,JPM,0.1316476689996564,0.032968944553936085,25042757.14285714,-0.10268596409454978
2020-06-03,MSFT,0.03934388766067909,0.01034900560186004,33325219.04761905,0.1127531927820562
2020-06-04,AAPL,0.08614204061291875,0.011062346970258171,125927885.71428572,0.15987229235150746
2020-06-04,AMZN,0.06161014261154785,0.011032506871891631,72173238.09523809,0.24239621654458055
2020-06-04,GOOGL,0.048390518685247796,0.011796421657155024,33766857.14285714,0.06034784061540144
2020-06-04,JPM,0.15695660087433572,0.03306023584984175,25458023.80952381,-0.09878141651325623
2020-06-04,MSFT,0.01476776740184138,0.010637743036578834,32940580.95238095,0.15186954880163972
2020-06-05,AAPL,0.10566958052976472,0.012229476934966916,125685828.57142857,0.1242532404070571
2020-06-05,AMZN,0.056029514281646264,0.010813113169358284,72352857.14285715,0.20826415513843566
2020-06-05,GOOGL,0.07030467703300247,0.012225718794726757,34286380.952380955,0.03465206731448078
2020-06-05,JPM,0.2321920311153205,0.03345363535548422,26470071.42857143,-0.16192007653610208
2020-06-05,MSFT,0.028385082592384592,0.011585803338211817,33309833.333333332,0.1124466323248563
2020-06-08,AAPL,0.10081866794523209,0.012168271263944139,124754361.90476191,0.1436754555021451
2020-06-08,AMZN,0.06607931275674095,0.01119890101251458,72899809.52380952,0.2206959631669818
2020-06-08,GOOGL,0.05751937169983057,0.01178905886134161,34440000.0,0.03836912037159168
2020-06-08,JPM,0.24383298719140334,0.033516946092243254,26856257.14285714,-0.1695974859720415
2020-06-08,MSFT,0.028783152929485745,0.01159352087854222,33542957.14285714,0.12991081690431416
2020-06-09,AAPL,0.1091801520112794,0.012877743704096478,125415028.57142857,0.113433756446637
2020-06-09,AMZN,0.09297742124212527,0.01268857513823246,74775428.57142857,0.22368371339013504
2020-06-09,GOOGL,0.048933035150965365,0.011636393588455642,34454190.47619048,0.04585149549415757
2020-06-09,JPM,0.19244907984777315,0.03442101025417075,26691652.38095238,-0.16618883642236904
2020-06-09,MSFT,0.030586013967081715,0.01163378396193879,33490866.666666668,0.12918889694866076
2020-06-10,AAPL,0.12009164328817468,0.013464508514244133,126400990.47619048,0.08740530734823015
2020-06-10,AMZN,0.09898298806495376,0.012920565504519347,76381904.76190476,0.20871029066424573
2020-06-10,GOOGL,0.04353841657593338,0.01143112983887837,34408666.666666664,0.05073398469613277
2020-06-10,JPM,0.17883750353523942,0.035117187658877926,26358590.476190478,-0.08346114898126455
2020-06-10,MSFT,0.05702163199524635,0.013871580162054687,34108942.85714286,0.08550092499617401
2020-06-11,AAPL,0.07864186829215769,0.01751998545335365,128275333.33333333,0.13697554226527187
2020-06-11,AMZN,0.08528393601971396,0.014351492347367134,78977333.33333333,0.21346693273924533
2020-06-11,GOOGL,0.019430118122474083,0.014339514873778483,35038476.190476194,0.07870043479264122
2020-06-11,JPM,0.1169711257283923,0.03955627376764897,26753652.38095238,0.0143148942380118
2020-06-11,MSFT,0.023444253465241482,0.017808382565193626,35100204.76190476,0.11166581068493153
2020-06-12,AAPL,0.10125152181003849,0.017163420738508916,128252647.61904761,0.14589719426108982
2020-06-12,AMZN,0.07479133964897544,0.014485353369358632,79599428.57142857,0.21177827768655555
2020-06-12,GOOGL,0.047903930974122044,0.01360451720530752,34862666.666666664,0.07639489723118142
2020-06-12,JPM,0.18850423796997995,0.038682708924625574,26249138.095238097,-0.007038913201511177
2020-06-12,MSFT,0.04735936280404118,0.01745465566274902,35036495.23809524,0.10977952632998811
2020-06-15,AAPL,0.10806369326266552,0.0172423334909506,127294533.33333333,0.1396835116879276
2020-06-15,AMZN,0.07695339300071335,0.014529170381446046,79806095.23809524,0.16954688156497189
2020-06-15,GOOGL,0.047079303749708146,0.013593949965499272,34567809.52380952,0.06766883543743019
2020-06-15,JPM,0.15687832650041766,0.0379826926617146,25630142.85714286,-0.0054140924070488206
2020-06-15,MSFT,0.04949983865186569,0.01747207300586393,34602985.71428572,0.10109030633470018
2020-06-16,AAPL,0.14419443306196156,0.017658628750782928,127250742.85714285,0.09659756694380972
2020-06-16,AMZN,0.08527339218149299,0.014764222768922176,79187619.04761904,0.14707078425110187
2020-06-16,GOOGL,0.05346453412097785,0.013876891599417783,34048952.38095238,0.047322265022021304
2020-06-16,JPM,0.18812566385408203,0.03750726734515462,25444171.42857143,-0.010537445805127943
2020-06-16,MSFT,0.059778867221532694,0.017944823238940113,34409952.38095238,0.05346910599463994
2020-06-17,AAPL,0.11630052250124723,0.017294940938624343,126261600.0,0.09590716974753177
2020-06-17,AMZN,0.08849828228098588,0.014807272565138033,77856285.71428572,0.1215420033573058
2020-06-17,GOOGL,0.04862912874692227,0.013809223797801222,33264000.0,0.044274238764440144
2020-06-17,JPM,0.09983399846118757,0.03679179827331256,24736333.333333332,-0.0036537890676227036
2020-06-17,MSFT,0.05338272760600149,0.017881397985265828,33953919.047619045,0.04448107305450777
2020-06-18,AAPL,0.12323552579339192,0.01714728882656543,126027828.57142857,0.11855690259921259
2020-06-18,AMZN,0.08355350936326711,0.014758043856434623,76110857.14285715,0.20454554339979403
2020-06-18,GOOGL,0.043451591203499174,0.014028688285364058,33420000.0,0.09045261484435585
2020-06-18,JPM,0.11582288779860894,0.0364399219879973,24593219.04761905,-0.006992729039168366
2020-06-18,MSFT,0.07208392857691814,0.017824104732256166,33775942.85714286,0.07783215587551773
2020-06-19,AAPL,0.09551143501107973,0.017016516674990052,133312171.42857143,0.109458792558631
2020-06-19,AMZN,0.0708864115329404,0.014338605684573569,77805047.61904761,0.17318814398264637
2020-06-19,GOOGL,0.010984998831987891,0.013090260644256104,34111523.809523806,0.09214985070030735
2020-06-19,JPM,0.07095135161067456,0.03618852559227064,25536971.42857143,0.026262170991937506
2020-06-19,MSFT,0.05111494382420578,0.017770932679384458,34403552.38095238,0.06969021671091258
2020-06-22,AAPL,0.13261804083491402,0.01741309145073202,134872000.0,0.08420863221132113
2020-06-22,AMZN,0.1091574625560221,0.013431972091924847,75990190.47619048,0.14226813282212425
2020-06-22,GOOGL,0.031213669781700926,0.013628410521247745,34042380.952380955,0.0787158325114532
2020-06-22,JPM,0.07297335727349785,0.03614804741427911,25612947.61904762,0.02999153463625559
2020-06-22,MSFT,0.09344164219057993,0.01825738111010726,34579714.28571428,0.05574090201229476
2020-06-23,AAPL,0.14939314469658216,0.01772882401427967,141079257.14285713,0.013232220508147208
2020-06-23,AMZN,0.13440549188160533,0.01357755891799625,77289809.52380952,0.0803570689322275
2020-06-23,GOOGL,0.03590317476390292,0.013715867456227259,34480857.14285714,0.036045506777584
2020-06-23,JPM,0.09455685789983215,0.03608609908508868,25699780.95238095,0.02057101175234921
2020-06-23,MSFT,0.10026703730055675,0.018240039170782128,35060214.28571428,0.0031199683470619632
2020-06-24,AAPL,0.13680426055300288,0.018295232083209968,144274552.3809524,0.028883781399980935
2020-06-24,AMZN,0.12904956192395844,0.013825998950932453,78202571.42857143,0.10039126874062099
2020-06-24,GOOGL,0.007971032005398726,0.014572265520427837,33861904.76190476,0.05270482079141692
2020-06-24,JPM,-0.012106061304568927,0.03363999229606751,24827680.95238095,0.0483592030462221
2020-06-24,MSFT,0.08960728764377013,0.018754562082268757,35091976.190476194,0.017488651980939185
2020-06-25,AAPL,0.14689888667557915,0.01835166521555086,145444895.23809522,0.03946940073909255
2020-06-25,AMZN,0.14279434505820565,0.013611638157227698,76213809.52380952,0.10913818959190835
2020-06-25,GOOGL,0.014658992077296373,0.014615645077075854,33494000.0,0.061293460333476935
2020-06-25,JPM,-0.03363890428814076,0.03198944695560227,24177280.95238095,-0.0011818955055891145
2020-06-25,MSFT,0.10191973704045254,0.01882818000217303,34534204.76190476,0.01752033692251609
2020-06-26,AAPL,0.11117035417572407,0.020064301067281246,148858990.47619048,0.054803468109604125
2020-06-26,AMZN,0.12151508317091753,0.014859351490174878,79366761.90476191,0.1141755957278312
2020-06-26,GOOGL,-0.03927416713080789,0.018963674605478285,36468761.9047619,0.1035638749845682
2020-06-26,JPM,-0.0728018403794839,0.033972932613600675,24995490.476190478,0.06132754635510751
2020-06-26,MSFT,0.08230455739847997,0.019546288527343438,35527804.76190476,0.028981741204844536
2020-06-29,AAPL,0.13788761009017558,0.020375491632356288,147769161.9047619,0.050804637912067685
2020-06-29,AMZN,0.09745040645205316,0.01476999575106919,80046285.71428572,0.13175371843258898
2020-06-29,GOOGL,-0.025357386781492353,0.019701256545989372,36851142.85714286,0.09042572895985357
2020-06-29,JPM,-0.04429157551783103,0.033607938620872774,24613266.666666668,0.0822726645632379
2020-06-29,MSFT,0.0828920793889345,0.019555407945991175,34793100.0,0.028320932255440967
2020-06-30,AAPL,0.13344686103008252,0.020336215291963146,150599257.14285713,0.0547151741245131
2020-06-30,AMZN,0.11646102112557766,0.015664979474167062,80847047.61904761,0.10622657866322505
2020-06-30,GOOGL,-0.011722261669067424,0.020006081224933168,37571333.333333336,0.08484907341446113
2020-06-30,JPM,-0.04604445171309324,0.03356926464112993,24801847.61904762,0.041520543921683695
2020-06-30,MSFT,0.11311039217183505,0.02004629413895082,35349666.666666664,0.001916363625730222
2020-07-01,AAPL,0.12609033349265464,0.020410740389728437,151698990.47619048,0.1673400118851618
2020-07-01,AMZN,0.1643295337102222,0.017673101105592268,84498000.0,0.09934342734023938
2020-07-01,GOOGL,-0.00021499000451341566,0.02032892351978612,38463714.28571428,0.03186542171404505
2020-07-01,JPM,-0.05731293776487334,0.0335798486309462,24685690.476190478,0.04634016981466482
2020-07-01,MSFT,0.10702455289518564,0.019998868170240332,35409980.952380955,0.0015144828164932456
2020-07-02,AAPL,0.11992457715341343,0.02045098441936978,152153771.42857143,0.19675392473291087
2020-07-02,AMZN,0.16619594516637348,0.01765385298703167,88233619.04761904,0.07666677049309278
2020-07-02,GOOGL,0.021316742585108628,0.020743424774607153,39867809.52380952,0.008728293230411577
2020-07-02,JPM,-0.10268596409454978,0.031062125940153344,24776380.95238095,0.03712502067997692
2020-07-02,MSFT,0.1127531927820562,0.019997025417221197,35505447.61904762,0.04984018384121791
2020-07-06,AAPL,0.15987229235150746,0.020676119997055164,153634495.23809522,0.1733582102524387
2020-07-06,AMZN,0.24239621654458055,0.02041654756302174,91978285.71428572,0.02675459047933937
2020-07-06,GOOGL,0.06034784061540144,0.020683044802102438,40712095.23809524,-0.017570807601813843
2020-07-06,JPM,-0.09878141651325623,0.03125887161689287,24387838.095238097,0.005789476787758652
2020-07-06,MSFT,0.15186954880163972,0.01982824508730678,35654771.428571425,0.012292746869428495
2020-07-07,AAPL,0.1242532404070571,0.020201045967608865,152452304.76190478,0.18127678736561093
2020-07-07,AMZN,0.20826415513843566,0.021390211996415973,93836476.1904762,0.06830059385850151
2020-07-07,GOOGL,0.03465206731448078,0.020477159153272837,40698857.14285714,-0.007268591751703357
2020-07-07,JPM,-0.16192007653610208,0.029499096164582635,23603371.42857143,0.052967833957831445
2020-07-07,MSFT,0.1124466323248563,0.019848135753047686,35355109.52380952,0.022520895760081094
2020-07-08,AAPL,0.1436754555021451,0.020559133033799564,153473142.85714287,0.19466662056513306
2020-07-08,AMZN,0.2206959631669818,0.021687682889381565,94852571.42857143,0.04670072773061418
2020-07-08,GOOGL,0.03836912037159168,0.020525289641670916,40598285.71428572,0.0008977462604149444
2020-07-08,JPM,-0.1695974859720415,0.029125171134883124,23311961.904761903,0.04222914196492922
2020-07-08,MSFT,0.12991081690431416,0.020181249385209456,35373604.76190476,0.01653892909011523
2020-07-09,AAPL,0.113433756446637,0.01974890521674879,152422209.52380952,0.16250561721496837
2020-07-09,AMZN,0.22368371339013504,0.021814445882645615,96007523.8095238,-0.004766492770721831
2020-07-09,GOOGL,0.04585149549415757,0.020599649141660844,40989333.333333336,-0.01336034655471885
2020-07-09,JPM,-0.16618883642236904,0.029019593860443546,23720042.85714286,0.08873799962437334
2020-07-09,MSFT,0.12918889694866076,0.020179160776850485,35532547.61904762,-0.008585360025731625
2020-07-10,AAPL,0.08740530734823015,0.019195248259217118,148784380.95238096,0.1773428411475384
2020-07-10,AMZN,0.20871029066424573,0.021754443932645525,96521809.52380952,-0.01619997024536135
2020-07-10,GOOGL,0.05073398469613277,0.020697603573968305,41187238.0952381,-0.027413613372455292
2020-07-10,JPM,-0.08346114898126455,0.031080127118959144,23912466.666666668,0.04539308121204866
2020-07-10,MSFT,0.08550092499617401,0.018950035386732008,34689942.85714286,-0.025366083078543933
2020-07-13,AAPL,0.13697554226527187,0.015220635558981978,148307561.9047619,0.14762326106123558
2020-07-13,AMZN,0.21346693273924533,0.021390636377213185,98350666.66666667,-0.007516133564351879
2020-07-13,GOOGL,0.07870043479264122,0.01853453015515764,40987714.28571428,-0.020955912387464637
2020-07-13,JPM,0.0143148942380118,0.02532313598586965,23713419.04761905,0.06318492871582859
2020-07-13,MSFT,0.11166581068493153,0.01587674141263423,33989033.333333336,-0.017819991544508307
2020-07-14,AAPL,0.14589719426108982,0.015379976100340332,146919142.85714287,0.16646064096541746
2020-07-14,AMZN,0.21177827768655555,0.02143973785272327,100060952.38095239,0.025369666931897905
2020-07-14,GOOGL,0.07639489723118142,0.018516768950524416,41055904.76190476,-0.00895559364535703
2020-07-14,JPM,-0.007038913201511177,0.02462681650554749,24564604.76190476,0.048162174098728805
2020-07-14,MSFT,0.10977952632998811,0.015866485799127916,33713709.52380952,0.00403155520841425
2020-07-15,AAPL,0.1396835116879276,0.015323937714198144,147604342.85714287,0.17899582579985607
2020-07-15,AMZN,0.16954688156497189,0.02266294368369774,101893142.85714285,0.05056714537756357
2020-07-15,GOOGL,0.06766883543743019,0.01856128616228656,41082476.190476194,-0.000151614855615545
2020-07-15,JPM,-0.0054140924070488206,0.024676127898343773,24581500.0,0.02647146488622809
2020-07-15,MSFT,0.10109030633470018,0.01592728034682688,33685576.190476194,0.0031723766198765713
2020-07-16,AAPL,0.09659756694380972,0.015111591704179325,144992380.95238096,0.19262012657692096
2020-07-16,AMZN,0.14707078425110187,0.022683439535036893,104568000.0,0.0493750198370877
2020-07-16,GOOGL,0.047322265022021304,0.018267235338821436,40884190.47619048,-0.006792448455951172
2020-07-16,JPM,-0.010537445805127943,0.024618243001208403,24328800.0,0.02399757950818593
2020-07-16,MSFT,0.05346910599463994,0.016108672677510958,33084814.285714287,0.024421102446045895
2020-07-17,AAPL,0.09590716974753177,0.015124484257252156,143934304.76190478,0.19191429943373084
2020-07-17,AMZN,0.1215420033573058,0.023060217581922303,106284190.47619048,0.0744234648559523
2020-07-17,GOOGL,0.044274238764440144,0.018263721608865944,41058190.47619048,-0.0004023508582756685
2020-07-17,JPM,-0.0036537890676227036,0.02431566326788069,24352509.523809522,0.015790658928941603
2020-07-17,MSFT,0.04448107305450777,0.016194084390253473,33368028.57142857,0.036474574013801275
2020-07-20,AAPL,0.11855690259921259,0.015513492023157611,143624666.66666666,0.1770415816598987
2020-07-20,AMZN,0.20454554339979403,0.028092424379676163,111151238.09523809,0.03617635785919493
2020-07-20,GOOGL,0.09045261484435585,0.018953811879553993,40834571.428571425,-0.005153870460874566
2020-07-20,JPM,-0.006992729039168366,0.024364432085045195,24250900.0,0.01048285716687869
2020-07-20,MSFT,0.07783215587551773,0.01842023044707429,34026276.190476194,-0.0005199098883668096
2020-07-21,AAPL,0.109458792558631,0.015900414064151835,135955961.9047619,0.19501126393845314
2020-07-21,AMZN,0.17318814398264637,0.028731471588389467,111479142.85714285,0.03893519639960874
2020-07-21,GOOGL,0.09214985070030735,0.01891224532407321,39629904.76190476,-0.007268858257313493
2020-07-21,JPM,0.026262170991937506,0.024661201106606346,23175990.476190478,-0.008650852522441577
2020-07-21,MSFT,0.06969021671091258,0.018688785722636787,33719100.0,0.006979235343686607
2020-07-22,AAPL,0.08420863221132113,0.015151037246999463,133744361.90476191,0.21810643735540958
2020-07-22,AMZN,0.14226813282212425,0.02902052304183996,112331904.76190476,0.06369863114842467
2020-07-22,GOOGL,0.0787158325114532,0.01864810219267029,39393714.28571428,0.007285062024959155
2020-07-22,JPM,0.02999153463625559,0.02458345667445825,23083338.095238097,-0.013375255983658851
2020-07-22,MSFT,0.05574090201229476,0.018031333944490847,34518471.428571425,0.015814653629713238
2020-07-23,AAPL,0.013232220508147208,0.018062108518936224,133022876.1904762,0.3419597354156638
2020-07-23,AMZN,0.0803570689322275,0.03035895986223692,113689238.09523809,0.09983755907604563
2020-07-23,GOOGL,0.036045506777584,0.02005200443658212,39210761.9047619,0.0387804733388879
2020-07-23,JPM,0.02057101175234921,0.02446849759109207,22963757.14285714,-0.016771106339452557
2020-07-23,MSFT,0.0031199683470619632,0.02062143885753117,36258452.38095238,0.054285537314120225
2020-07-24,AAPL,0.028883781399980935,0.017584962401183468,132680761.90476191,0.36138258954189895
2020-07-24,AMZN,0.10039126874062099,0.03016991749605347,114742380.95238096,0.0992220168047453
2020-07-24,GOOGL,0.05270482079141692,0.0194239773711201,39130285.71428572,0.05101410606455681
2020-07-24,JPM,0.0483592030462221,0.023248768960504068,22479204.76190476,0.018111615933097402
2020-07-24,MSFT,0.017488651980939185,0.02014546652333955,36405423.809523806,0.06411605687117161
2020-07-27,AAPL,0.03946940073909255,0.018074191904016164,131904171.42857143,0.3189544073373092
2020-07-27,AMZN,0.10913818959190835,0.03025212154620238,115886952.38095239,0.09533875280282933
2020-07-27,GOOGL,0.061293460333476935,0.019574224097205075,39281047.61904762,0.049966597148314085
2020-07-27,JPM,-0.0011818955055891145,0.022274917133213126,21822800.0,0.0371517621629458
2020-07-27,MSFT,0.01752033692251609,0.02014637686173591,36517661.9047619,0.06447509849282884
2020-07-28,AAPL,0.054803468109604125,0.017018113555808668,127064590.47619048,0.35921930966801874
2020-07-28,AMZN,0.1141755957278312,0.030063229533225537,112673523.8095238,0.14715717804875994
2020-07-28,GOOGL,0.1035638749845682,0.01529745049779154,36103428.571428575,0.09342613937933097
2020-07-28,JPM,0.06132754635510751,0.01837011054689795,20387466.666666668,0.018187210541208643
2020-07-28,MSFT,0.028981741204844536,0.01970931239512209,35021261.9047619,0.09733989719510983
2020-07-29,AAPL,0.050804637912067685,0.01680578498491316,125144742.85714285,0.31771215522817586
2020-07-29,AMZN,0.13175371843258898,0.029991493202138463,111483714.28571428,0.12080646493440672
2020-07-29,GOOGL,0.09042572895985357,0.014695569917594365,35036857.14285714,0.06892629410328954
2020-07-29,JPM,0.0822726645632379,0.018947488062184253,20113361.904761903,0.026785540655421602
2020-07-29,MSFT,0.028320932255440967,0.019694666020147612,34684642.85714286,0.1130440635761969
2020-07-30,AAPL,0.0547151741245131,0.016890824723283817,125997447.61904761,0.29984968910906473
2020-07-30,AMZN,0.10622657866322505,0.029528173573234843,113730000.0,0.11465721371145143
2020-07-30,GOOGL,0.08484907341446113,0.014549335734060451,34834761.9047619,0.06569270415282835
2020-07-30,JPM,0.041520543921683695,0.019991841342165077,19908495.23809524,0.05926621653538211
2020-07-30,MSFT,0.001916363625730222,0.018910656077868654,34245085.71428572,0.12537212936522613
2020-07-31,AAPL,0.1673400118851618,0.027884295313493235,138549809.52380952,0.21656913506742304
2020-07-31,AMZN,0.09934342734023938,0.029139330821787254,115370095.23809524,0.09046103369298208
2020-07-31,GOOGL,0.03186542171404505,0.016280589181511013,37181714.28571428,0.09515108009597162
2020-07-31,JPM,0.04634016981466482,0.019894670415228653,19707509.523809522,0.03673433897926115
2020-07-31,MSFT,0.0015144828164932456,0.01890490196944882,35149028.571428575,0.10275205720960101
2020-08-03,AAPL,0.19675392473291087,0.028075515543675066,147793123.80952382,0.23393629560269713
2020-08-03,AMZN,0.07666677049309278,0.029518842705063247,113923714.28571428,0.12443560832990674
2020-08-03,GOOGL,0.008728293230411577,0.015791473208127252,36622857.14285714,0.11621565747125961
2020-08-03,JPM,0.03712502067997692,0.019967937252600345,18998804.76190476,0.042039580194524584
2020-08-03,MSFT,0.04984018384121791,0.02249083027741836,37514133.333333336,0.0520890696209968
2020-08-04,AAPL,0.1733582102524387,0.02777939361505905,150384361.9047619,0.20035497192622254
2020-08-04,AMZN,0.02675459047933937,0.026874726511207186,111841523.8095238,0.125084805350695
2020-08-04,GOOGL,-0.017570807601813843,0.015188816815383368,36265714.28571428,0.16567594474764036
2020-08-04,JPM,0.005789476787758652,0.01929115909331055,18748371.42857143,0.063840946549794
2020-08-04,MSFT,0.012292746869428495,0.02236288870326963,38341871.428571425,0.08870523868841151
2020-08-05,AAPL,0.18127678736561093,0.027683622023951273,150829714.2857143,0.10026542506417435
2020-08-05,AMZN,0.06830059385850151,0.026778138373835976,110564380.95238096,0.05084819031974308
2020-08-05,GOOGL,-0.007268591751703357,0.01516157292023621,35635714.28571428,0.10169739708285652
2020-08-05,JPM,0.052967833957831445,0.01845126826738399,18248547.61904762,0.042382702877536316
2020-08-05,MSFT,0.022520895760081094,0.022190516177525658,38113571.428571425,0.022941833109393794
2020-08-06,AAPL,0.19466662056513306,0.028109742762959824,154893371.42857143,0.06387567973235897
2020-08-06,AMZN,0.04670072773061418,0.026244695658903246,109519619.04761904,0.02158761431080425
2020-08-06,GOOGL,0.0008977462604149444,0.015523356057151874,35709047.61904762,0.0506728183672398
2020-08-06,JPM,0.04222914196492922,0.018364865062913818,17854257.14285714,0.06458259035935243
2020-08-06,MSFT,0.01653892909011523,0.021948705384090394,38068657.14285714,-0.007312370985107841
2020-08-07,AAPL,0.16250561721496837,0.02893641477117858,158341123.80952382,0.015367427105151599
2020-08-07,AMZN,-0.004766492770721831,0.025631234670597688,107183809.52380952,-0.005562796044717766
2020-08-07,GOOGL,-0.01336034655471885,0.015383397668638919,35036761.9047619,0.016838114483181954
2020-08-07,JPM,0.08873799962437334,0.018005854744772256,17337252.38095238,0.005433566445454563
2020-08-07,MSFT,-0.008585360025731625,0.02227844525898358,37816214.28571428,-0.04391060674415859
2020-08-10,AAPL,0.1773428411475384,0.02894207660984237,164157619.04761904,0.0407397871016677
2020-08-10,AMZN,-0.01619997024536135,0.02563397027895318,104975523.8095238,0.03826038875362303
2020-08-10,GOOGL,-0.027413613372455292,0.015048835610077416,34304761.9047619,0.03367806595715428
2020-08-10,JPM,0.04539308121204866,0.01401072880731327,16672285.714285715,0.0022856206813286484
2020-08-10,MSFT,-0.025366083078543933,0.022687216660875385,38318066.666666664,0.017050254397605435
2020-08-11,AAPL,0.14762326106123558,0.0299979692978351,163979200.0,0.03762282398299477
2020-08-11,AMZN,-0.007516133564351879,0.02520533203351472,101163809.52380952,0.030655671236274662
2020-08-11,GOOGL,-0.020955912387464637,0.014762591822093852,33740190.47619048,0.030738891818856473
2020-08-11,JPM,0.06318492871582859,0.015212619370674472,16645590.476190476,-0.0384317759985392
2020-08-11,MSFT,-0.017819991544508307,0.022247448011147565,38237633.333333336,0.012225495351936067
2020-08-12,AAPL,0.16646064096541746,0.030480793886018105,163722476.19047618,-0.008937186339736058
2020-08-12,AMZN,0.025369666931897905,0.025805352712081592,97630666.66666667,-0.014552942725111317
2020-08-12,GOOGL,-0.00895559364535703,0.015274792181233577,32997523.80952381,0.005652986758256873
2020-08-12,JPM,0.048162174098728805,0.01540126504946219,15526976.19047619,-0.018166048419530845
2020-08-12,MSFT,0.00403155520841425,0.023109362261014444,37781504.76190476,-0.022309064011601154
2020-08-13,AAPL,0.17899582579985607,0.030555988761694394,166431238.0952381,0.003043049738602477
2020-08-13,AMZN,0.05056714537756357,0.025125197235385765,95116476.1904762,-0.018364302864540827
2020-08-13,GOOGL,-0.000151614855615545,0.015330344779024181,32586190.476190478,-0.00515609303311948
2020-08-13,JPM,0.02647146488622809,0.015187243629832403,15102700.0,0.0009766595394724575
2020-08-13,MSFT,0.0031723766198765713,0.023113685028049644,37324814.28571428,-0.013384745899602812
2020-08-14,AAPL,0.19262012657692096,0.03027127657815715,169049695.23809522,0.005504463208817478
2020-08-14,AMZN,0.0493750198370877,0.02513907514605085,91647428.57142857,0.0025762372336901596
2020-08-14,GOOGL,-0.006792448455951172,0.015428590593285765,32369904.76190476,0.020264139396017233
2020-08-14,JPM,0.02399757950818593,0.015184837778347659,14876390.476190476,-0.030563481135056247
2020-08-14,MSFT,0.024421102446045895,0.022645445112131297,36754252.38095238,0.001841433461672315
2020-08-17,AAPL,0.19191429943373084,0.0302821508458873,170353257.14285713,-0.021617194292766206
2020-08-17,AMZN,0.0744234648559523,0.024950267283441938,89675904.76190476,-0.03277704583596608
2020-08-17,GOOGL,-0.0004023508582756685,0.015523338103874034,31690190.476190478,-0.002737026149617572
2020-08-17,JPM,0.015790658928941603,0.0157813772435659,14821642.857142856,-0.00010059245208815515
2020-08-17,MSFT,0.036474574013801275,0.022621728499995494,36208990.47619048,-0.022514363180693664
2020-08-18,AAPL,0.1770415816598987,0.03015169242426007,171082571.42857143,-0.04519228804172337
2020-08-18,AMZN,0.03617635785919493,0.020060452483897397,87530952.38095239,-0.09170143224381488
2020-08-18,GOOGL,-0.005153870460874566,0.015065959948385086,31605047.61904762,-0.04418371237680385
2020-08-18,JPM,0.01048285716687869,0.01597857904830843,14763947.61904762,0.0024411152836407712
2020-08-18,MSFT,-0.0005199098883668096,0.02061517899862224,35468580.952380955,-0.03825006163832778
2020-08-19,AAPL,0.19501126393845314,0.029778766311328506,173087561.9047619,-0.07663698793471607
2020-08-19,AMZN,0.03893519639960874,0.019936584833191686,85686952.38095239,-0.09371934944230786
2020-08-19,GOOGL,-0.007268858257313493,0.01510755966283189,31747238.095238097,-0.06054616678002345
2020-08-19,JPM,-0.008650852522441577,0.015244033418663348,14560847.61904762,-0.00202939464273022
2020-08-19,MSFT,0.006979235343686607,0.020432683957274253,34975114.28571428,-0.04439683746416856
2020-08-20,AAPL,0.21810643735540958,0.029879759206365444,174892590.47619048,-0.06928755390173835
2020-08-20,AMZN,0.06369863114842467,0.01975702135940218,84952000.0,-0.10217234490304417
2020-08-20,GOOGL,0.007285062024959155,0.0157290960597935,31837714.285714287,-0.09269472301651371
2020-08-20,JPM,-0.013375255983658851,0.015386014821658807,14532342.857142856,-0.021156481638164415
2020-08-20,MSFT,0.015814653629713238,0.02082274275606046,33897771.428571425,-0.056109791975342604
2020-08-21,AAPL,0.3419597354156638,0.02835409693869327,181609276.19047618,-0.10098904776436135
2020-08-21,AMZN,0.09983755907604563,0.017646955091231566,82970095.23809524,-0.047410430004729
2020-08-21,GOOGL,0.0387804733388879,0.014020697385097307,31881904.76190476,-0.07346548462910896
2020-08-21,JPM,-0.016771106339452557,0.015365548608243762,14501776.19047619,-0.03133996584124721
2020-08-21,MSFT,0.054285537314120225,0.018304769200628658,32411690.476190478,-0.026288546889268738
2020-08-24,AAPL,0.36138258954189895,0.028096401671303423,189252076.19047618,-0.14887856456865267
2020-08-24,AMZN,0.0992220168047453,0.017642913546480607,82050000.0,-0.09300190950540632
2020-08-24,GOOGL,0.05101410606455681,0.01393855891473621,31678857.14285714,-0.11087916079637583
2020-08-24,JPM,0.018111615933097402,0.016514224559927612,14747209.523809524,-0.07315591929706444
2020-08-24,MSFT,0.06411605687117161,0.018193388040842154,31727552.38095238,-0.061303923920564274
2020-08-25,AAPL,0.3189544073373092,0.028471622678428236,193551200.0,-0.1330260871462715
2020-08-25,AMZN,0.09533875280282933,0.017551004230198414,81880761.90476191,-0.09762462818415618
2020-08-25,GOOGL,0.049966597148314085,0.013898172175207137,31584857.14285714,-0.11395225719649515
2020-08-25,JPM,0.0371517621629458,0.016161795871143265,14827676.19047619,-0.07800992496466241
2020-08-25,MSFT,0.06447509849282884,0.018202505307181135,31388638.095238097,-0.06134789979548527
2020-08-26,AAPL,0.35921930966801874,0.027627520120876804,196379619.04761904,-0.11256898982954755
2020-08-26,AMZN,0.14715717804875994,0.0175071405231209,85101714.28571428,-0.10073651471229506
2020-08-26,GOOGL,0.09342613937933097,0.013913561637235042,32598095.23809524,-0.12472869485148419
2020-08-26,JPM,0.018187210541208643,0.016514356086040658,14841871.42857143,-0.05671629710205661
2020-08-26,MSFT,0.09733989719510983,0.01840789543777927,32167180.95238095,-0.060275935892350696
2020-08-27,AAPL,0.31771215522817586,0.028225066543576066,199485485.7142857,-0.08039359118326728
2020-08-27,AMZN,0.12080646493440672,0.01794587597473163,86330952.38095239,-0.06645588594324447
2020-08-27,GOOGL,0.06892629410328954,0.014072332409430555,33011142.85714286,-0.10430333970610106
2020-08-27,JPM,0.026785540655421602,0.01721647643317515,15290461.904761905,-0.06047872452719316
2020-08-27,MSFT,0.1130440635761969,0.018888100623133484,33975257.14285714,-0.07564677371909634
2020-08-28,AAPL,0.29984968910906473,0.02841937990093644,200890247.6190476,-0.08587253965963215
2020-08-28,AMZN,0.11465721371145143,0.017979323633369886,83253523.8095238,-0.07552468292416858
2020-08-28,GOOGL,0.06569270415282835,0.014017679119242012,32362380.95238095,-0.10577442564024409
2020-08-28,JPM,0.05926621653538211,0.015971085542426128,15239123.80952381,-0.07220012294839062
2020-08-28,MSFT,0.12537212936522613,0.01886481179963134,34033033.333333336,-0.09457859729837914
2020-08-31,AAPL,0.21656913506742304,0.019919974086847297,193812433.33333334,-0.10252646120463083
2020-08-31,AMZN,0.09046103369298208,0.016619109929068756,79539619.04761904,-0.08757859185260553
2020-08-31,GOOGL,0.09515108009597162,0.011599262588670731,29264952.38095238,-0.10059984166184166
2020-08-31,JPM,0.03673433897926115,0.017053564821353784,15224095.238095239,-0.039125736795371124
2020-08-31,MSFT,0.10275205720960101,0.019392393551468774,32972566.666666668,-0.06739688292137724
2020-09-01,AAPL,0.23393629560269713,0.02073359786877431,186374190.47619048,-0.12960227198722962
2020-09-01,AMZN,0.12443560832990674,0.016022644928742277,77975333.33333333,-0.07940848336931827
2020-09-01,GOOGL,0.11621565747125961,0.011701116475365866,28177809.523809522,-0.10101027587067646
2020-09-01,JPM,0.042039580194524584,0.01697847944434828,15158990.476190476,-0.03165587262495051
2020-09-01,MSFT,0.0520890696209968,0.015452888175729743,30436495.23809524,-0.06516470160905163
2020-09-02,AAPL,0.20035497192622254,0.021804685779740138,187662161.9047619,-0.13987846142361604
2020-09-02,AMZN,0.125084805350695,0.016028482176083707,77248857.14285715,-0.11509433880739084
2020-09-02,GOOGL,0.16567594474764036,0.013331821619796989,28764000.0,-0.15243495424431863
2020-09-02,JPM,0.063840946549794,0.017105603698352834,15211823.80952381,-0.036989738568186215
2020-09-02,MSFT,0.08870523868841151,0.015317109115913293,29712719.04761905,-0.10990709704749546
2020-09-03,AAPL,0.10026542506417435,0.029215851493123297,194129914.2857143,-0.03623443951988292
2020-09-03,AMZN,0.05084819031974308,0.019227882885818802,81291333.33333333,-0.050118690549390776
2020-09-03,GOOGL,0.10169739708285652,0.018479492740826525,30411238.095238097,-0.09001460888478074
2020-09-03,JPM,0.042382702877536316,0.016832829804180438,15593742.857142856,-0.01352986502954212
2020-09-03,MSFT,0.022941833109393794,0.021043295445899536,31121952.38095238,-0.031845262883684056
2020-09-04,AAPL,0.06387567973235897,0.02840699115568193,200328885.7142857,-0.06448397628766267
2020-09-04,AMZN,0.02158761431080425,0.019918723859668357,85902000.0,-0.05908421331199665
2020-09-04,GOOGL,0.0506728183672398,0.019682622504759023,31484761.904761903,-0.08233569801674434
2020-09-04,JPM,0.06458259035935243,0.017352584104531662,16348190.476190476,-0.044343427411052794
2020-09-04,MSFT,-0.007312370985107841,0.021014044841727572,32408014.285714287,-0.03892657346925499
2020-09-08,AAPL,0.015367427105151599,0.03190158435950534,201915600.0,0.020031722464510793
2020-09-08,AMZN,-0.005562796044717766,0.021884299463885013,87957333.33333333,0.014556267388636135
2020-09-08,GOOGL,0.016838114483181954,0.02141324273022243,32737809.523809522,-0.04230758537227741
2020-09-08,JPM,0.005433566445454563,0.018639826142646705,16698900.0,0.007360119944672894
2020-09-08,MSFT,-0.04391060674415859,0.023838963526808064,33603438.0952381,0.03537930940568512
2020-09-09,AAPL,0.0407397871016677,0.032894795771356004,200226880.95238096,-0.020030548648383717
2020-09-09,AMZN,0.03826038875362303,0.023318355992119507,89882476.1904762,-0.023881710992148752
2020-09-09,GOOGL,0.03367806595715428,0.02163720183231195,33628095.23809524,-0.041235225896670835
2020-09-09,JPM,0.0022856206813286484,0.01854821387932767,16624809.523809524,0.018384488038631908
2020-09-09,MSFT,0.017050254397605435,0.025327334498157508,34030223.809523806,-0.003360340494658276
2020-09-10,AAPL,0.03762282398299477,0.03304266057647325,199958880.95238096,0.030663605497009083
2020-09-10,AMZN,0.030655671236274662,0.023728184454913707,91418285.71428572,0.03512956306107151
2020-09-10,GOOGL,0.030738891818856473,0.021728126319194595,33719809.52380952,-0.01022272364851351
2020-09-10,JPM,-0.0384317759985392,0.01721596747352552,15882152.38095238,0.023129830961979403
2020-09-10,MSFT,0.012225495351936067,0.02557043700395806,33983319.047619045,0.05083493741465572
2020-09-11,AAPL,-0.008937186339736058,0.032414667815417714,200685657.14285713,0.11071437734083878
2020-09-11,AMZN,-0.014552942725111317,0.023410206283945502,92915333.33333333,0.10484172817574366
2020-09-11,GOOGL,0.005652986758256873,0.021466224365638248,34110000.0,0.03221456553278368
2020-09-11,JPM,-0.018166048419530845,0.01740898655944946,15622319.047619049,0.02295990387903557
2020-09-11,MSFT,-0.022309064011601154,0.02480687452230241,34250319.047619045,0.08513466169922057
2020-09-14,AAPL,0.003043049738602477,0.032857088485703616,197355566.66666666,0.04975735327335262
2020-09-14,AMZN,-0.018364302864540827,0.023424992148491586,94230190.47619048,0.1097851730539472
2020-09-14,GOOGL,-0.00515609303311948,0.02145102515370188,35075333.333333336,0.038599453336737755
2020-09-14,JPM,0.0009766595394724575,0.017653611283045722,15880357.142857144,-0.007366307195202704
2020-09-14,MSFT,-0.013384745899602812,0.024857664116586714,34621123.809523806,0.08495166979140523
2020-09-15,AAPL,0.005504463208817478,0.03285562615252317,198263985.7142857,0.04890063026506941
2020-09-15,AMZN,0.0025762372336901596,0.023723447662874604,95439523.8095238,0.06577040607301843
2020-09-15,GOOGL,0.020264139396017233,0.02169608567505586,35127714.28571428,0.018447815128099565
2020-09-15,JPM,-0.030563481135056247,0.018930100248705936,16430290.476190476,0.018835394215402923
2020-09-15,MSFT,0.001841433461672315,0.025125201289696048,34805171.428571425,0.05786007374020996
2020-09-16,AAPL,-0.021617194292766206,0.033512579428703226,199936242.85714287,0.0765183152083635
2020-09-16,AMZN,-0.03277704583596608,0.02420265358105685,97173809.52380952,0.08464634963918449
2020-09-16,GOOGL,-0.002737026149617572,0.02191924133313157,35229523.809523806,0.02868883187669713
2020-09-16,JPM,-0.00010059245208815515,0.01806256859651351,16634223.80952381,0.029728149197181697
2020-09-16,MSFT,-0.022514363180693664,0.025388756576096655,35097709.52380952,0.07125096833258993
2020-09-17,AAPL,-0.04519228804172337,0.03361178617518367,203382785.7142857,0.07866582078458406
2020-09-17,AMZN,-0.09170143224381488,0.022578165308631958,98224380.95238096,0.08773805391740308
2020-09-17,GOOGL,-0.04418371237680385,0.02136048074711317,35783333.333333336,0.0542422291198188
2020-09-17,JPM,0.0024411152836407712,0.017972853733361837,16874395.23809524,0.03948807283282485
2020-09-17,MSFT,-0.03825006163832778,0.025426468069639874,35701285.71428572,0.08254896185255389
2020-09-18,AAPL,-0.07663698793471607,0.03423362673492672,210124066.66666666,0.08554823664920175
2020-09-18,AMZN,-0.09371934944230786,0.02263821776811547,102707714.28571428,0.08538334912274514
2020-09-18,GOOGL,-0.06054616678002345,0.021884851264580202,37334952.38095238,0.05434531645376128
2020-09-18,JPM,-0.00202939464273022,0.017973594027497274,17188138.095238097,0.02415932349518335
2020-09-18,MSFT,-0.04439683746416856,0.0255205920202946,37015461.9047619,0.06901525926221286
2020-09-21,AAPL,-0.06928755390173835,0.03457989940085121,213400571.42857143,0.06749633397136479
2020-09-21,AMZN,-0.10217234490304417,0.022402575403797545,105360476.1904762,0.08665513230362487
2020-09-21,GOOGL,-0.09269472301651371,0.02135222220355122,38788571.428571425,0.08456543302134523
2020-09-21,JPM,-0.021156481638164415,0.019050156799381473,17888433.333333332,0.06286210559813465
2020-09-21,MSFT,-0.056109791975342604,0.025045745214776028,37627757.14285714,0.05979080526095393
2020-09-22,AAPL,-0.10098904776436135,0.03259029280576875,206019647.6190476,0.04525550436323811
2020-09-22,AMZN,-0.047410430004729,0.026153487111359553,108572761.90476191,0.01788117397767741
2020-09-22,GOOGL,-0.07346548462910896,0.022038645021750847,38746285.71428572,0.08642838616602178
2020-09-22,JPM,-0.03133996584124721,0.01917585297846107,18223133.333333332,0.06388140848179136
2020-09-22,MSFT,-0.026288546889268738,0.02567085199403831,37497652.38095238,0.0355800581864425
2020-09-23,AAPL,-0.14887856456865267,0.033339893122200905,196723509.52380952,0.08056380797839946
2020-09-23,AMZN,-0.09300190950540632,0.027416560455018144,109512190.47619048,0.05884948851676719
2020-09-23,GOOGL,-0.11087916079637583,0.022930435229518653,39321904.76190476,0.13996852729008347
2020-09-23,JPM,-0.07315591929706444,0.01818280207568982,18320961.904761903,0.11963165596422365
2020-09-23,MSFT,-0.061303923920564274,0.026574239953290037,37752114.28571428,0.07128982489460656
2020-09-24,AAPL,-0.1330260871462715,0.03355256348143506,194640066.66666666,0.06301969651945583
2020-09-24,AMZN,-0.09762462818415618,0.02728812151527087,110975619.04761904,0.061133384428566195
2020-09-24,GOOGL,-0.11395225719649515,0.02280242019222389,39769619.047619045,0.1476744513346382
2020-09-24,JPM,-0.07800992496466241,0.018105314963958712,18545609.523809522,0.13072825761934803
2020-09-24,MSFT,-0.06134789979548527,0.026572842147884745,38140628.571428575,0.06417627728096265
2020-09-25,AAPL,-0.11256898982954755,0.03464730179872012,194019066.66666666,0.024670725588624487
2020-09-25,AMZN,-0.10073651471229506,0.027083733208447442,109172285.71428572,0.03615683187403973
2020-09-25,GOOGL,-0.12472869485148419,0.022154185438154762,38728571.428571425,0.10092017598563752
2020-09-25,JPM,-0.05671629710205661,0.01813778616513178,18604690.476190478,0.09317931082573216
2020-09-25,MSFT,-0.060275935892350696,0.026627327886981956,37656652.38095238,0.01087479341567521
2020-09-28,AAPL,-0.08039359118326728,0.03517036162267994,193167638.0952381,0.01426590035858366
2020-09-28,AMZN,-0.06645588594324447,0.027801906081883456,109133619.04761904,0.035374354119668716
2020-09-28,GOOGL,-0.10430333970610106,0.02254720779450291,38701619.047619045,0.09612945576293064
2020-09-28,JPM,-0.06047872452719316,0.017752585820289966,18544223.80952381,0.04255106861520597
2020-09-28,MSFT,-0.07564677371909634,0.0260165355209753,36437733.333333336,0.018191409623188104
2020-09-29,AAPL,-0.08587253965963215,0.03517939380764519,188965361.9047619,-0.025330776514648434
2020-09-29,AMZN,-0.07552468292416858,0.027822832757006987,109703904.76190476,0.005691818153324091
2020-09-29,GOOGL,-0.10577442564024409,0.022507208717878046,39149142.85714286,0.030545180131694938
2020-09-29,JPM,-0.07220012294839062,0.01771890912963432,18500961.904761903,0.021875782180515113
2020-09-29,MSFT,-0.09457859729837914,0.025863311991498453,36339114.28571428,-0.02209811264431849
2020-09-30,AAPL,-0.10252646120463083,0.03440493909191806,185011671.42857143,-0.004231194162019336
2020-09-30,AMZN,-0.08757859185260553,0.02754771700504385,110380285.71428572,0.019779490854505477
2020-09-30,GOOGL,-0.10059984166184166,0.02252976949828916,39839714.28571428,0.06228200845096454
2020-09-30,JPM,-0.039125736795371124,0.01720710528173229,18604828.57142857,0.018714946594038828
2020-09-30,MSFT,-0.06739688292137724,0.026074930849978143,36579823.809523806,-0.026672139846508847
2020-10-01,AAPL,-0.12960227198722962,0.03303463298837934,183305590.47619048,-0.06789933929252345
2020-10-01,AMZN,-0.07940848336931827,0.02791234392388646,111846666.66666667,-0.0574651423320236
2020-10-01,GOOGL,-0.10101027587067646,0.022508928950438274,40326952.38095238,0.08616843218792636
2020-10-01,JPM,-0.03165587262495051,0.017318687574303986,18804023.80952381,0.0204160922961496
2020-10-01,MSFT,-0.06516470160905163,0.0261296909017657,36648057.14285714,-0.04702071347365855
2020-10-02,AAPL,-0.13987846142361604,0.03338566146349416,180667161.9047619,-0.03760362242538595
2020-10-02,AMZN,-0.11509433880739084,0.02831786123483981,113448190.47619048,-0.03856640624999996
2020-10-02,GOOGL,-0.15243495424431863,0.02055191366794048,39455523.809523806,0.11591109414137324
2020-10-02,JPM,-0.036989738568186215,0.01709442122863175,18836114.285714287,0.03361195383981341
2020-10-02,MSFT,-0.10990709704749546,0.02623070908037903,36603961.9047619,-0.018720773595255258
2020-10-05,AAPL,-0.03623443951988292,0.029757697651491045,173459742.85714287,-0.05201699482215405
2020-10-05,AMZN,-0.050118690549390776,0.027373179038801525,109271238.09523809,-0.04713368772464044
2020-10-05,GOOGL,-0.09001460888478074,0.018727624188079512,37449619.047619045,0.10981007710666901
2020-10-05,JPM,-0.01352986502954212,0.017795275188041342,18388052.38095238,0.04412355213729047
2020-10-05,MSFT,-0.031845262883684056,0.02331230610403794,34838785.71428572,-0.018775630362975915
2020-10-06,AAPL,-0.06448397628766267,0.030342147949627692,165311695.23809522,0.015818235790548973
2020-10-06,AMZN,-0.05908421331199665,0.027776551013669007,105752285.71428572,0.04554895875141729
2020-10-06,GOOGL,-0.08233569801674434,0.018253159605520097,36032761.9047619,0.20318820981703478
2020-10-06,JPM,-0.044343427411052794,0.017164234882559803,18049714.285714287,0.02275055809505
2020-10-06,MSFT,-0.03892657346925499,0.023561398356934504,33357366.666666668,0.0508961101895935
2020-10-07,AAPL,0.020031722464510793,0.0267334965570702,158906095.23809522,0.034324088243959716
2020-10-07,AMZN,0.014556267388636135,0.026986307162285388,104052476.1904762,0.03952514778730398
2020-10-07,GOOGL,-0.04230758537227741,0.016752782341722696,35179238.0952381,0.20790324986595388
2020-10-07,JPM,0.007360119944672894,0.015918462557006175,17775900.0,0.046325016643274264
2020-10-07,MSFT,0.03537930940568512,0.020641601847118204,32060071.42857143,0.06414734311947345
2020-10-08,AAPL,-0.020030548648383717,0.025228148578351758,154455461.9047619,0.034137399211025654
2020-10-08,AMZN,-0.023881710992148752,0.025645344007526,102133809.52380952,0.03786808233619898
2020-10-08,GOOGL,-0.041235225896670835,0.01681366813171063,34552285.71428572,0.18625760215190423
2020-10-08,JPM,0.018384488038631908,0.016407128454813326,17881852.38095238,0.011593347075725235
2020-10-08,MSFT,-0.003360340494658276,0.018430372969820186,30833728.57142857,0.06239918075974016
2020-10-09,AAPL,0.030663605497009083,0.024405718592170608,150561771.42857143,-0.003841548556160146
2020-10-09,AMZN,0.03512956306107151,0.025667983439338078,101731142.85714285,-0.04348201132901164
2020-10-09,GOOGL,-0.01022272364851351,0.017130502326937923,34549523.809523806,0.16615607283039768
2020-10-09,JPM,0.023129830961979403,0.01627858508261521,17775485.714285713,0.155138359534559
2020-10-09,MSFT,0.05083493741465572,0.018016788926976418,30404990.476190478,0.01195518824806352
2020-10-12,AAPL,0.11071437734083878,0.027596393932458083,153388747.6190476,-0.06615699305011813
2020-10-12,AMZN,0.10484172817574366,0.027043526264595052,104845619.04761904,-0.11847753278224482
2020-10-12,GOOGL,0.03221456553278368,0.018777293120403823,35722761.9047619,0.1106554120809744
2020-10-12,JPM,0.02295990387903557,0.0162728384058452,17883757.14285714,0.13744657593624066
2020-10-12,MSFT,0.08513466169922057,0.01858360218762582,30730766.666666668,-0.04692859650338277
2020-10-13,AAPL,0.04975735327335262,0.027830119783192424,159206861.9047619,-0.011592445635749016
2020-10-13,AMZN,0.1097851730539472,0.026983857672641588,106002857.14285715,-0.0889293923380775
2020-10-13,GOOGL,0.038599453336737755,0.018722790593091312,35551904.76190476,0.11496611913031818
2020-10-13,JPM,-0.007366307195202704,0.016426236952897615,18011371.42857143,0.13891666164731786
2020-10-13,MSFT,0.08495166979140523,0.018582405403069536,30662909.523809522,-0.028313352461654895
2020-10-14,AAPL,0.04890063026506941,0.027832338332709046,157591147.6190476,-0.014640926452320513
2020-10-14,AMZN,0.06577040607301843,0.027531075769538015,107708761.90476191,-0.07534236570631736
2020-10-14,GOOGL,0.018447815128099565,0.018400998321845743,36034380.952380955,0.11473451263347978
2020-10-14,JPM,0.018835394215402923,0.014897028876927936,17607614.285714287,0.13121132918594203
2020-10-14,MSFT,0.05786007374020996,0.018564306809956112,30738995.23809524,-0.024540334134565245
2020-10-15,AAPL,0.0765183152083635,0.026899099584335322,155585442.85714287,-0.010307688936471271
2020-10-15,AMZN,0.08464634963918449,0.026899738745497784,108386095.23809524,-0.06285168821311127
2020-10-15,GOOGL,0.02868883187669713,0.018093824065742066,36466857.14285714,0.1393727767522559
2020-10-15,JPM,0.029728149197181697,0.015194898028307053,17507642.85714286,0.1215101263996261
2020-10-15,MSFT,0.07125096833258993,0.0180622159365025,30567804.76190476,-0.014340407994994364
2020-10-16,AAPL,0.07866582078458406,0.026830087994729714,152603671.42857143,0.012498603553248389
2020-10-16,AMZN,0.08773805391740308,0.02676772244324572,108410190.47619048,-0.04328219950436474
2020-10-16,GOOGL,0.0542422291198188,0.01765389826107375,36190000.0,0.1316130301377476
2020-10-16,JPM,0.03948807283282485,0.014931210473561655,17268828.57142857,0.155551136927778
2020-10-16,MSFT,0.08254896185255389,0.017803076312264292,30189071.42857143,-0.011062823761057716
2020-10-19,AAPL,0.08554823664920175,0.02645055472554872,144676738.0952381,0.03117779179057023
2020-10-19,AMZN,0.08538334912274514,0.02685990427787613,104915904.76190476,-0.022309105403493623
2020-10-19,GOOGL,0.05434531645376128,0.017646654769053943,34603238.0952381,0.15144961301500337
2020-10-19,JPM,0.02415932349518335,0.015468027887952826,16869023.80952381,0.16342684430464316
2020-10-19,MSFT,0.06901525926221286,0.01855803946638917,28874809.523809522,0.001120422205705962
2020-10-20,AAPL,0.06749633397136479,0.025863677366957043,141281971.42857143,0.006157933141483163
2020-10-20,AMZN,0.08665513230362487,0.026855948945359562,103384285.71428572,-0.034675052824560626
2020-10-20,GOOGL,0.08456543302134523,0.017351433571309086,33877619.047619045,0.12221144914817184
2020-10-20,JPM,0.06286210559813465,0.013614083839852497,16053704.761904761,0.14825113958414682
2020-10-20,MSFT,0.05979080526095393,0.01848203327385433,28061180.95238095,-0.014057165572446184
2020-10-21,AAPL,0.04525550436323811,0.02577323971546916,136848190.47619048,0.016896356078460073
2020-10-21,AMZN,0.01788117397767741,0.024131929450616846,101140380.95238096,-0.0213253387586978
2020-10-21,GOOGL,0.08642838616602178,0.017439985524043237,35133428.571428575,0.10881528318213007
2020-10-21,JPM,0.06388140848179136,0.013567128050587657,15647680.952380951,0.16292639098446982
2020-10-21,MSFT,0.0355800581864425,0.01783649822202574,27547266.666666668,-0.008491437599982277
2020-10-22,AAPL,0.08056380797839946,0.023885976220060036,134527680.95238096,0.01548537626375901
2020-10-22,AMZN,0.05884948851676719,0.02212876856645573,99768285.71428572,-0.02424131674831209
2020-10-22,GOOGL,0.13996852729008347,0.015102218987871915,34789904.76190476,0.08073875774460948
2020-10-22,JPM,0.11963165596422365,0.014535432291166304,15404085.714285715,0.11362775145111148
2020-10-22,MSFT,0.07128982489460656,0.015975704533172496,27144776.19047619,-0.018377620982464427
2020-10-23,AAPL,0.06301969651945583,0.02393766769532526,130471933.33333333,-0.008636936811849183
2020-10-23,AMZN,0.061133384428566195,0.02215190853089669,97803809.52380952,-0.03308267726509018
2020-10-23,GOOGL,0.1476744513346382,0.015247051654839977,34599238.0952381,0.0579185612558335
2020-10-23,JPM,0.13072825761934803,0.014479372408130983,15247947.61904762,0.13543982770415885
2020-10-23,MSFT,0.06417627728096265,0.01584140575014724,26557971.42857143,-0.02575922959168153
2020-10-26,AAPL,0.024670725588624487,0.02261021330241402,128656185.71428572,0.0027696579547351607
2020-10-26,AMZN,0.03615683187403973,0.021578232481652682,99028571.42857143,-0.027745241643954865
2020-10-26,GOOGL,0.10092017598563752,0.01714555800072212,34861142.85714286,0.11336931152214369
2020-10-26,JPM,0.09317931082573216,0.01593088211167336,15205928.57142857,0.21809582727910448
2020-10-26,MSFT,0.01087479341567521,0.016583042405024215,26923414.285714287,0.02065814050538628
2020-10-27,AAPL,0.01426590035858366,0.022203840248666083,126494490.47619048,-0.0031716262598717737
2020-10-27,AMZN,0.035374354119668716,0.021536531447771325,99092190.47619048,-0.030812508833515384
2020-10-27,GOOGL,0.09612945576293064,0.01705798899138056,34628666.666666664,0.10335328230207352
2020-10-27,JPM,0.04255106861520597,0.015671635041819953,14705814.285714285,0.22853116825568254
2020-10-27,MSFT,0.018191409623188104,0.016815034589534653,27147004.76190476,0.005533016090424336
2020-10-28,AAPL,-0.025330776514648434,0.02444026790202697,128616185.71428572,0.05028012337789356
2020-10-28,AMZN,0.005691818153324091,0.023101453281616703,101085047.61904761,0.010294681544352757
2020-10-28,GOOGL,0.030545180131694938,0.021447723211627016,35264761.9047619,0.18283006134575253
2020-10-28,JPM,0.021875782180515113,0.016873452090084524,14874447.61904762,0.2556452217127021
2020-10-28,MSFT,-0.02209811264431849,0.020010274967001862,28431466.666666668,0.06470043073983534
2020-10-29,AAPL,-0.004231194162019336,0.025602944083059596,128780661.90476191,0.0341259571135577
2020-10-29,AMZN,0.019779490854505477,0.02332437441506576,102704476.1904762,-0.013382167640292542
2020-10-29,GOOGL,0.06228200845096454,0.022341900490361676,35954380.952380955,0.12686907699757222
2020-10-29,JPM,0.018714946594038828,0.01680859251245454,14770076.19047619,0.21313154987413085
2020-10-29,MSFT,-0.026672139846508847,0.01985043842166276,28317347.61904762,0.0484094021121968
2020-10-30,AAPL,-0.06789933929252345,0.028277688056829307,132311719.04761904,0.1292642837147402
2020-10-30,AMZN,-0.0574651423320236,0.025704228792851988,105956380.95238096,0.06058003050803018
2020-10-30,GOOGL,0.08616843218792636,0.023485840576999324,39144571.428571425,0.11091460290154775
2020-10-30,JPM,0.0204160922961496,0.016843852362050844,14742257.142857144,0.22133834073369285
2020-10-30,MSFT,-0.04702071347365855,0.01978822770782115,28783790.476190478,0.07065798128204515
2020-11-02,AAPL,-0.03760362242538595,0.027468589039411077,131271476.1904762,0.13351412890623027
2020-11-02,AMZN,-0.03856640624999996,0.025009158016630263,107522380.95238096,0.0662510614438887
2020-11-02,GOOGL,0.11591109414137324,0.02272287817996913,39763904.76190476,0.12352862353142102
2020-11-02,JPM,0.03361195383981341,0.01740065581304604,14735685.714285715,0.21735656426172945
2020-11-02,MSFT,-0.018720773595255258,0.018765215554530215,28673666.666666668,0.06723578380157291
2020-11-03,AAPL,-0.05201699482215405,0.026759606677213534,131337219.04761904,0.11510405881596086
2020-11-03,AMZN,-0.04713368772464044,0.024623687213503172,108591523.8095238,0.045374475799952574
2020-11-03,GOOGL,0.10981007710666901,0.02259295777731595,40232000.0,0.10705746715656361
2020-11-03,JPM,0.04412355213729047,0.018113039676307386,14907623.80952381,0.17242034734904643
2020-11-03,MSFT,-0.018775630362975915,0.018762020063639903,28967971.42857143,0.04055105876039766
2020-11-04,AAPL,0.015818235790548973,0.02760703957606672,130229471.42857143,0.0653405184150706
2020-11-04,AMZN,0.04554895875141729,0.027493191116775777,110260190.47619048,-0.024244411797300636
2020-11-04,GOOGL,0.20318820981703478,0.02477193408920074,42386571.428571425,0.04462589847760068
2020-11-04,JPM,0.02275055809505,0.019312595629797185,14891723.80952381,0.22034911776706934
2020-11-04,MSFT,0.0508961101895935,0.020962640888926156,29623090.476190478,-0.006787917129352783
2020-11-05,AAPL,0.034324088243959716,0.028423071938633714,131636047.61904761,0.04144740692876758
2020-11-05,AMZN,0.03952514778730398,0.027215582416111654,111669619.04761904,-0.04936792237033938
2020-11-05,GOOGL,0.20790324986595388,0.024758670260084322,42560380.952380955,0.030939159014854445
2020-11-05,JPM,0.046325016643274264,0.02090814945040647,14962147.61904762,0.16799228522252352
2020-11-05,MSFT,0.06414734311947345,0.021643610686183052,30118280.95238095,-0.03779397197787804
2020-11-06,AAPL,0.034137399211025654,0.028424034300884096,133111319.04761904,0.0479399619726848
2020-11-06,AMZN,0.03786808233619898,0.027228926217693412,113072666.66666667,-0.04049076294361553
2020-11-06,GOOGL,0.18625760215190423,0.024808515847035154,42681619.047619045,0.029322663267932203
2020-11-06,JPM,0.011593347075725235,0.020740764721868435,14814233.333333334,0.18492634283280718
2020-11-06,MSFT,0.06239918075974016,0.021645131243914408,30370952.38095238,-0.03193489864382215
2020-11-09,AAPL,-0.003841548556160146,0.028580048877333453,135683147.6190476,0.046939407558225454
2020-11-09,AMZN,-0.04348201132901164,0.028736782873300264,115246476.1904762,-0.012577311041103378
2020-11-09,GOOGL,0.16615607283039768,0.024754962105812087,43656571.428571425,0.009333324704726698
2020-11-09,JPM,0.155138359534559,0.03587609610608761,16438200.0,0.03550056697024151
2020-11-09,MSFT,0.01195518824806352,0.021807030098734338,31225095.23809524,-0.027636390031909208
2020-11-10,AAPL,-0.06615699305011813,0.02462420148028546,130816319.04761904,0.06268853702351285
2020-11-10,AMZN,-0.11847753278224482,0.02724603444782034,113557714.28571428,0.02190091777362113
2020-11-10,GOOGL,0.1106554120809744,0.02427941707985843,43069809.52380952,0.017223419567294673
2020-11-10,JPM,0.13744657593624066,0.03593225725229358,16651595.238095239,0.03218300993002754
2020-11-10,MSFT,-0.04692859650338277,0.022256363158596963,31395747.61904762,0.0002898604943717409
2020-11-11,AAPL,-0.011592445635749016,0.025027666930087806,123671771.42857143,0.024437172825659603
2020-11-11,AMZN,-0.0889293923380775,0.028555881859992718,112245523.8095238,-0.006683948407680496
2020-11-11,GOOGL,0.11496611913031818,0.024264566697073785,42725333.333333336,0.01577929511037568
2020-11-11,JPM,0.13891666164731786,0.03589272287689178,16306171.42857143,0.041644842120259096
2020-11-11,MSFT,-0.028313352461654895,0.02303795233580655,31419080.95238095,-0.012614810857117353
2020-11-12,AAPL,-0.014640926452320513,0.025030574743697305,121407500.0,0.021558517430919855
2020-11-12,AMZN,-0.07534236570631736,0.028242096555630893,110863904.76190476,0.01501143177737796
2020-11-12,GOOGL,0.11473451263347978,0.024267936313358524,42406285.71428572,0.005416345606706452
2020-11-12,JPM,0.13121132918594203,0.03603820593655899,16632785.714285715,0.0434862212359417
2020-11-12,MSFT,-0.024540334134565245,0.022987552082144126,31332042.85714286,-0.0031527667533510773
2020-11-13,AAPL,-0.010307688936471271,0.02501768375405342,119932390.47619048,0.07227896334029982
2020-11-13,AMZN,-0.06285168821311127,0.028296107864772106,109466571.42857143,0.011604991375261609
2020-11-13,GOOGL,0.1393727767522559,0.024263753872570144,42336476.190476194,-0.006308449637224989
2020-11-13,JPM,0.1215101263996261,0.035985650200663064,16379295.238095239,0.054698433177289285
2020-11-13,MSFT,-0.014340407994994364,0.022997716579457834,31136233.333333332,-0.008403474685158674
2020-11-16,AAPL,0.012498603553248389,0.024881641203862832,118779495.23809524,0.06242717713421464
2020-11-16,AMZN,-0.04328219950436474,0.028030875822695315,106927809.52380952,0.03510000188111784
2020-11-16,GOOGL,0.1316130301377476,0.024290881220058114,41920952.38095238,-0.009492567919231032
2020-11-16,JPM,0.155551136927778,0.03624985201189604,16692800.0,0.028729826860496077
2020-11-16,MSFT,-0.011062823761057716,0.023012305169290582,31083633.333333332,0.012079862540386621
2020-11-17,AAPL,0.03117779179057023,0.02422748634998867,116571480.95238096,0.07797958635717639
2020-11-17,AMZN,-0.022309105403493623,0.027720522295582774,105233619.04761904,0.03202512990111561
2020-11-17,GOOGL,0.15144961301500337,0.02349905322504493,41520000.0,-0.012005885423119977
2020-11-17,JPM,0.16342684430464316,0.03605378707485058,16827442.85714286,0.030660503880953982
2020-11-17,MSFT,0.001120422205705962,0.022517054434733882,30918314.285714287,0.025806408654202917
2020-11-18,AAPL,0.006157933141483163,0.024240617818792318,114280928.57142857,0.07311708365284852
2020-11-18,AMZN,-0.034675052824560626,0.02777262308377494,103716571.42857143,0.03097453795809746
2020-11-18,GOOGL,0.12221144914817184,0.02379561307236026,40493238.0952381,-0.008284386136128918
2020-11-18,JPM,0.14825113958414682,0.036205482755242706,16890019.04761905,0.03323199675510935
2020-11-18,MSFT,-0.014057165572446184,0.0227025564506215,31185900.0,0.0355789555085837
2020-11-19,AAPL,0.016896356078460073,0.02421946430747244,113526976.1904762,0.08083276984597187
2020-11-19,AMZN,-0.0213253387586978,0.027719867661923907,102209523.8095238,0.028604294305840217
2020-11-19,GOOGL,0.10881528318213007,0.023513890195269695,38578190.47619048,-0.01365324933669576
2020-11-19,JPM,0.16292639098446982,0.03601040579166622,16864876.19047619,0.0691415211337445
2020-11-19,MSFT,-0.008491437599982277,0.022749995690431634,31284366.666666668,0.04787704097353496
2020-11-20,AAPL,0.01548537626375901,0.024251550526754814,112175371.42857143,0.12391358058509372
2020-11-20,AMZN,-0.02424131674831209,0.02773828530319151,101411809.52380952,0.03456154588260829
2020-11-20,GOOGL,0.08073875774460948,0.023751359211189146,38444000.0,-0.0093066386947942
2020-11-20,JPM,0.11362775145111148,0.03560441899249034,16764004.761904761,0.061970766766615615
2020-11-20,MSFT,-0.018377620982464427,0.022841281464759864,31307776.19047619,0.06440428321841218
2020-11-23,AAPL,-0.008636936811849183,0.02513074994835866,114336642.85714285,0.15028549134621394
2020-11-23,AMZN,-0.03308267726509018,0.027651436504223893,102594857.14285715,0.028040430998175436
2020-11-23,GOOGL,0.0579185612558335,0.023652214056370247,38062190.47619048,0.00038778356059854246
2020-11-23,JPM,0.13543982770415885,0.035956342088761854,16674557.142857144,0.061084209247788124
2020-11-23,MSFT,-0.02575922959168153,0.022787110042300315,31631771.42857143,0.05192497783210226
2020-11-24,AAPL,0.0027696579547351607,0.02526038284052664,114433000.0,0.14587165522670653
2020-11-24,AMZN,-0.027745241643954865,0.027698252826363456,100405238.09523809,0.017520550276742597
2020-11-24,GOOGL,0.11336931152214369,0.022714308517833612,37688761.9047619,-0.016860463136141535
2020-11-24,JPM,0.21809582727910448,0.036192549419617144,17041742.85714286,0.009730537906147196
2020-11-24,MSFT,0.02065814050538628,0.022231348267671258,31482633.333333332,0.04156970916603542
2020-11-25,AAPL,-0.0031716262598717737,0.0251391544356138,113681685.71428572,0.17805704049476456
2020-11-25,AMZN,-0.030812508833515384,0.027556918567920263,99928476.1904762,0.031048008127366522
2020-11-25,GOOGL,0.10335328230207352,0.022724018197826035,37388666.666666664,0.0055723584059337306
2020-11-25,JPM,0.22853116825568254,0.03590232289051519,17104785.714285713,0.027124648627848247
2020-11-25,MSFT,0.005533016090424336,0.022002944718237334,30735614.285714287,0.05185404398284987
2020-11-27,AAPL,0.05028012337789356,0.02277932779649893,109050900.0,0.15678877759585053
2020-11-27,AMZN,0.010294681544352757,0.026265296088838295,96885238.09523809,0.03963902357960314
2020-11-27,GOOGL,0.18283006134575253,0.018122120071999752,35941809.52380952,-0.016373472645209386
2020-11-27,JPM,0.2556452217127021,0.0350465975180647,16609266.666666666,0.031265376167280534
2020-11-27,MSFT,0.06470043073983534,0.01879102615124094,28988785.714285713,0.04144421984757263
2020-11-30,AAPL,0.0341259571135577,0.021818384224809157,110159519.04761904,0.12322563209329629
2020-11-30,AMZN,-0.013382167640292542,0.026124413270074722,94473238.09523809,0.03718705065285888
2020-11-30,GOOGL,0.12686907699757222,0.01824231435730312,34847142.85714286,-0.010345361361963956
2020-11-30,JPM,0.21313154987413085,0.036060436573786915,16618933.333333334,0.06345428740337256
2020-11-30,MSFT,0.0484094021121968,0.018809558936195354,29066509.523809522,0.035549173026872216
2020-12-01,AAPL,0.1292642837147402,0.0182436776625205,107181214.28571428,0.08124181749206638
2020-12-01,AMZN,0.06058003050803018,0.023194336673524146,90807142.85714285,0.011443807634853531
2020-12-01,GOOGL,0.11091460290154775,0.01719784426227145,31869619.04761905,-0.023794600934435528
2020-12-01,JPM,0.22133834073369285,0.03608290184708785,16498666.666666666,0.06121580766279178
2020-12-01,MSFT,0.07065798128204515,0.018617930260441132,28778452.38095238,0.02872190172314526
2020-12-02,AAPL,0.13351412890623027,0.018192086057836534,105568704.76190476,0.05142976672126354
2020-12-02,AMZN,0.0662510614438887,0.023068858639160778,86875619.04761904,-0.005275438213937722
2020-12-02,GOOGL,0.12352862353142102,0.01737462808959787,31164666.666666668,-0.05415987051323046
2020-12-02,JPM,0.21735656426172945,0.036032975108894784,16298652.38095238,0.031383264107225806
2020-12-02,MSFT,0.06723578380157291,0.018666185324155798,28439514.285714287,0.010772304713245529
2020-12-03,AAPL,0.11510405881596086,0.01813039711257937,104204095.23809524,0.06564170369240574
2020-12-03,AMZN,0.045374475799952574,0.022989058097682927,84965238.09523809,0.009972633363393824
2020-12-03,GOOGL,0.10705746715656361,0.01735913534936285,30845428.57142857,-0.04489422061325765
2020-12-03,JPM,0.17242034734904643,0.03585318778375278,16080642.857142856,0.043837805011951225
2020-12-03,MSFT,0.04055105876039766,0.018331913059634337,28325652.38095238,0.017083495674746763
2020-12-04,AAPL,0.0653405184150706,0.01632939075898943,101348138.09523809,0.03558282137599811
2020-12-04,AMZN,-0.024244411797300636,0.01833796803993027,81226761.90476191,-0.0076519264138231735
2020-12-04,GOOGL,0.04462589847760068,0.0117230774252641,28426476.19047619,-0.05531450815547301
2020-12-04,JPM,0.22034911776706934,0.034737753229639304,15828128.57142857,0.08302569074834065
2020-12-04,MSFT,-0.006787917129352783,0.014968415924415886,27485376.19047619,-0.009843209951474918
2020-12-07,AAPL,0.04144740692876758,0.014737903471738036,99458847.61904761,0.057939541579849374
2020-12-07,AMZN,-0.04936792237033938,0.01734842024984796,78333428.57142857,0.0013173389521241585
2020-12-07,GOOGL,0.030939159014854445,0.011661317872341679,27594571.42857143,-0.023494546045200293
2020-12-07,JPM,0.16799228522252352,0.03411753644740452,15441790.476190476,0.12281359806216985
2020-12-07,MSFT,-0.03779397197787804,0.013040267881326794,26939657.14285714,0.018666230538040063
2020-12-08,AAPL,0.0479399619726848,0.014733473566078896,97923971.42857143,0.061666002289652244
2020-12-08,AMZN,-0.04049076294361553,0.01744194438255369,77037238.09523809,0.0017026620194280362
2020-12-08,GOOGL,0.029322663267932203,0.011687023048072455,27180952.38095238,-0.007453032348944677
2020-12-08,JPM,0.18492634283280718,0.03381320824344416,15300804.761904761,0.1229475037280694
2020-12-08,MSFT,-0.03193489864382215,0.013193350660082865,26846904.76190476,0.016712221475940314
2020-12-09,AAPL,0.046939407558225454,0.014805536885096659,96046538.09523809,0.059123075134031255
2020-12-09,AMZN,-0.012577311041103378,0.014344257659184567,74094761.90476191,0.0032245877172898396
2020-12-09,GOOGL,0.009333324704726698,0.012470594802992537,26147047.61904762,-0.012132505172395724
2020-12-09,JPM,0.03550056697024151,0.01744915364338125,13647542.857142856,0.14865089601227033
2020-12-09,MSFT,-0.027636390031909208,0.012855570258060368,26277647.61904762,0.02686500515680068
2020-12-10,AAPL,0.06268853702351285,0.014898543608336872,93346004.76190476,0.04511531014882619
2020-12-10,AMZN,0.02190091777362113,0.01204126105500778,70703523.8095238,0.006235780474235675
2020-12-10,GOOGL,0.017223419567294673,0.012147973331551338,25464476.19047619,-0.0170959752246439
2020-12-10,JPM,0.03218300993002754,0.017509234681544382,13320357.142857144,0.17427357016380296
2020-12-10,MSFT,0.0002898604943717409,0.010566085223955192,25453276.19047619,0.02094813471961854
2020-12-11,AAPL,0.024437172825659603,0.013639653239262072,92138614.28571428,0.06927571013716394
2020-12-11,AMZN,-0.006683948407680496,0.00951096062382043,69463333.33333333,0.015873954710614147
2020-12-11,GOOGL,0.01577929511037568,0.012124984244710656,24835428.57142857,-0.015522893686100936
2020-12-11,JPM,0.041644842120259096,0.017189483401363167,13107890.476190476,0.18234138123614718
2020-12-11,MSFT,-0.012614810857117353,0.00923671960725224,25526542.85714286,0.01444254625968644
2020-12-14,AAPL,0.021558517430919855,0.013690093310088303,90996814.28571428,0.058548282158237486
2020-12-14,AMZN,0.01501143177737796,0.009729960869832802,69266952.38095239,-0.009344345286342537
2020-12-14,GOOGL,0.005416345606706452,0.01246373282056094,25148571.42857143,-0.012178683993228523
2020-12-14,JPM,0.0434862212359417,0.017120593868711172,12634052.38095238,0.2019155350989792
2020-12-14,MSFT,-0.0031527667533510773,0.009235562132806213,25869614.285714287,-0.00550881099709144
2020-12-15,AAPL,0.07227896334029982,0.0173636637199233,94599757.14285715,-0.0057864279693944365
2020-12-15,AMZN,0.011604991375261609,0.009667388088536625,68851047.61904761,-0.019231516473323662
2020-12-15,GOOGL,-0.006308449637224989,0.011933233500359129,24748952.38095238,-0.01899966271959963
2020-12-15,JPM,0.054698433177289285,0.01741005846044537,12669400.0,0.16055847559654923
2020-12-15,MSFT,-0.008403474685158674,0.009162030586694266,26268638.095238097,-0.006911451894414444
2020-12-16,AAPL,0.06242717713421464,0.017341326744550214,94934309.52380952,0.0001566716931142853
2020-12-16,AMZN,0.03510000188111784,0.010930351814925179,69440476.1904762,-0.03708783577517771
2020-12-16,GOOGL,-0.009492567919231032,0.011937197983834736,24711238.095238097,0.01552478656125067
2020-12-16,JPM,0.028729826860496077,0.016400052886088177,12255628.57142857,0.15218442177019242
2020-12-16,MSFT,0.012079862540386621,0.010584858411862814,26748161.904761903,-0.012951418587746955
2020-12-17,AAPL,0.07797958635717639,0.0171866663150376,95890919.04761904,0.025874242064434005
2020-12-17,AMZN,0.03202512990111561,0.010952759912467238,69468666.66666667,0.00843616650982315
2020-12-17,GOOGL,-0.012005885423119977,0.012019092749886693,25357238.095238097,0.0801833811882322
2020-12-17,JPM,0.030660503880953982,0.01633913022582647,12115857.142857144,0.14439082503710665
2020-12-17,MSFT,0.025806408654202917,0.010132418899413742,27146338.095238097,0.022422839757163304
2020-12-18,AAPL,0.07311708365284852,0.01740883992310736,101425176.1904762,0.08060947161493126
2020-12-18,AMZN,0.03097453795809746,0.011006341435406235,72400952.38095239,0.03290177346333345
2020-12-18,GOOGL,-0.008284386136128918,0.011868691629781372,28459523.80952381,0.09148882875813191
2020-12-18,JPM,0.03323199675510935,0.01627996934700702,12896028.57142857,0.14041869568051357
2020-12-18,MSFT,0.0355789555085837,0.009658841196963749,28812152.38095238,0.029186971900716285
2020-12-21,AAPL,0.08083276984597187,0.017514398739252632,103669871.42857143,0.08453563034263012
2020-12-21,AMZN,0.028604294305840217,0.010994673287961228,73188095.23809524,0.02683873070378473
2020-12-21,GOOGL,-0.01365324933669576,0.011682309112696257,29119904.76190476,0.09108961800850057
2020-12-21,JPM,0.0691415211337445,0.018065863939228984,13758938.095238095,0.09067995742029988
2020-12-21,MSFT,0.04787704097353496,0.010277973561052325,29402114.285714287,0.015095050432465618
2020-12-22,AAPL,0.12391358058509372,0.01795473515666998,108207990.47619048,0.08371235862603887
2020-12-22,AMZN,0.03456154588260829,0.010881164519821376,72230952.38095239,0.027281868256064268
2020-12-22,GOOGL,-0.0093066386947942,0.011495392494842643,28771142.85714286,0.10118471056163725
2020-12-22,JPM,0.061970766766615615,0.018341207192408473,13714619.047619049,0.09370822832637571
2020-12-22,MSFT,0.06440428321841218,0.009938205365411559,29391119.04761905,0.02496206110869892
2020-12-23,AAPL,0.15028549134621394,0.016318538228624956,106315819.04761904,0.09315822191289524
2020-12-23,AMZN,0.028040430998175436,0.011025044868594729,69740380.95238096,0.04422230510717462
2020-12-23,GOOGL,0.00038778356059854246,0.011492811969288742,28792285.714285713,0.10399079520343757
2020-12-23,JPM,0.061084209247788124,0.01828171311407761,13798619.047619049,0.05962723739942044
2020-12-23,MSFT,0.05192497783210226,0.010506873403974035,29058552.38095238,0.05117200405732003
2020-12-24,AAPL,0.14587165522670653,0.016283637973747603,103508957.14285715,0.07645676496401332
2020-12-24,AMZN,0.017520550276742597,0.011021809783709136,67692571.42857143,0.018876672222184254
2020-12-24,GOOGL,-0.016860463136141535,0.010485897955212776,27903142.85714286,0.048888408039785114
2020-12-24,JPM,0.009730537906147196,0.015404576482281964,13038776.19047619,0.03421811810963349
2020-12-24,MSFT,0.04156970916603542,0.009988142963180577,27942880.95238095,0.0455666372133392
2020-12-28,AAPL,0.17805704049476456,0.017483136010261923,105794052.38095239,0.002926652580742539
2020-12-28,AMZN,0.031048008127366522,0.012579567270632343,69498666.66666667,-0.014111020660020346
2020-12-28,GOOGL,0.0055723584059337306,0.011695204991269194,28286476.19047619,0.04466857626000986
2020-12-28,JPM,0.027124648627848247,0.015242339738537796,12865300.0,0.045532081795152335
2020-12-28,MSFT,0.05185404398284987,0.010123663841723099,27796242.85714286,0.0620997940357364
2020-12-29,AAPL,0.15678877759585053,0.01808443658462458,109334814.28571428,-0.021576226923423425
2020-12-29,AMZN,0.03963902357960314,0.012766670488937888,71860571.42857143,-0.034858569128007555
2020-12-29,GOOGL,-0.016373472645209386,0.011493237841632871,28521523.80952381,0.03959584165273866
2020-12-29,JPM,0.031265376167280534,0.015161788714178451,12979852.38095238,0.036690176867050894
2020-12-29,MSFT,0.04144421984757263,0.010165031998079237,27933909.523809522,0.03484288243385647
2020-12-30,AAPL,0.12322563209329629,0.018094376852631794,105860619.04761904,0.00314081404455524
2020-12-30,AMZN,0.03718705065285888,0.012872346865575937,71046666.66666667,0.017356249001005297
2020-12-30,GOOGL,-0.010345361361963956,0.011102741504046703,27979047.61904762,0.09032107984849835
2020-12-30,JPM,0.06345428740337256,0.013613827339368022,12645861.904761905,0.0414286175114269
2020-12-30,MSFT,0.035549173026872216,0.010439776357046255,27324742.85714286,0.08106304723198532
2020-12-31,AAPL,0.08124181749206638,0.017357803631633074,104498161.90476191,0.017333648419505243
2020-12-31,AMZN,0.011443807634853531,0.012615512575427113,69542095.23809524,0.03778714032616004
2020-12-31,GOOGL,-0.023794600934435528,0.009970177559577941,27203809.523809522,0.09498810626098897
2020-12-31,JPM,0.06121580766279178,0.013521325675251534,12451161.904761905,0.05904013014657994
2020-12-31,MSFT,0.02872190172314526,0.010275525063392115,26850342.85714286,0.0768365157461477
2021-01-04,AAPL,0.05142976672126354,0.01844695774343821,107083766.66666667,0.03500525296200263
2021-01-04,AMZN,-0.005275438213937722,0.013472060515517,70763142.85714285,0.03950881200434897
2021-01-04,GOOGL,-0.05415987051323046,0.009559763437031004,27580000.0,0.1927723616523147
2021-01-04,JPM,0.031383264107225806,0.013238090183500684,12737285.714285715,0.08137933728048719
2021-01-04,MSFT,0.010772304713245529,0.011364738422911237,27488704.76190476,0.11626637763246994
2021-01-05,AAPL,0.06564170369240574,0.018546991050331158,107974114.28571428,0.0486982510898295
2021-01-05,AMZN,0.009972633363393824,0.013595041097964649,70537904.76190476,0.034950932136743385
2021-01-05,GOOGL,-0.04489422061325765,0.009839359176588274,27372000.0,0.18021324348994394
2021-01-05,JPM,0.043837805011951225,0.013129002044536165,12776657.142857144,0.10027869793749322
2021-01-05,MSFT,0.017083495674746763,0.011286299471057509,27426900.0,0.1106470943868918
2021-01-06,AAPL,0.03558282137599811,0.020153311112477278,111632571.42857143,0.08186722225322574
2021-01-06,AMZN,-0.0076519264138231735,0.014601426813441053,71948571.42857143,0.06811470496829775
2021-01-06,GOOGL,-0.05531450815547301,0.009950171346617407,28612190.476190478,0.21240601839881057
2021-01-06,JPM,0.08302569074834065,0.016340905169999677,13315961.904761905,0.048878863505599
2021-01-06,MSFT,-0.009843209951474918,0.012712558671687831,27963314.285714287,0.14110692320857843
2021-01-07,AAPL,0.057939541579849374,0.02125207913313704,112721438.09523809,0.04731591472885066
2021-01-07,AMZN,0.0013173389521241585,0.014697354629273816,72675428.57142857,0.050845000746011726
2021-01-07,GOOGL,-0.023494546045200293,0.012213660449247776,29547809.523809522,0.1748142543094684
2021-01-07,JPM,0.12281359806216985,0.017397304756274087,13897680.952380951,0.0314268870923311
2021-01-07,MSFT,0.018666230538040063,0.014186417606996033,28109719.04761905,0.11077023885348458
2021-01-08,AAPL,0.061666002289652244,0.02128435681881335,113813471.42857143,0.031527534994687745
2021-01-08,AMZN,0.0017026620194280362,0.014705423068299417,72914857.14285715,0.03842652907435373
2021-01-08,GOOGL,-0.007453032348944677,0.012591401756507744,30288190.476190478,0.15438610891648752
2021-01-08,JPM,0.1229475037280694,0.01739571562551283,14014014.285714285,0.0261728735814315
2021-01-08,MSFT,0.016712221475940314,0.014144586925806831,28094104.76190476,0.10996284650508814
2021-01-11,AAPL,0.059123075134031255,0.02142212326970921,113113247.61904761,0.051266053163180114
2021-01-11,AMZN,0.0032245877172898396,0.014591520127129153,72517333.33333333,0.055349511002001694
2021-01-11,GOOGL,-0.012132505172395724,0.0129608547719167,30434285.714285713,0.1880042580253929
2021-01-11,JPM,0.14865089601227033,0.0172218225808554,14150395.238095239,0.011662208074128877
2021-01-11,MSFT,0.02686500515680068,0.013589888149303793,27646042.85714286,0.11646519147519663
2021-01-12,AAPL,0.04511531014882619,0.02133887365179113,113619861.90476191,0.050714055032181626
2021-01-12,AMZN,0.006235780474235675,0.01459460844981769,72978666.66666667,0.04527643136310022
2021-01-12,GOOGL,-0.0170959752246439,0.013106890471010707,30474285.714285713,0.20220677318646096
2021-01-12,JPM,0.17427357016380296,0.01705043355231503,14358257.142857144,-0.006775151771559185
2021-01-12,MSFT,0.02094813471961854,0.013801521875049547,27480138.095238097,0.1375331353070146
2021-01-13,AAPL,0.06927571013716394,0.021439842321829758,113700671.42857143,0.035772182579023815
2021-01-13,AMZN,0.015873954710614147,0.014888401146008513,73222952.38095239,0.03532026449230519
2021-01-13,GOOGL,-0.015522893686100936,0.013140865547752333,30703047.61904762,0.19904438411466896
2021-01-13,JPM,0.18234138123614718,0.016839503799116914,14588504.761904761,0.006412821679556702
2021-01-13,MSFT,0.01444254625968644,0.013592674232959083,26961457.14285714,0.1324304963677576
2021-01-14,AAPL,0.058548282158237486,0.021747472054687,114226257.14285715,0.034745431081188105
2021-01-14,AMZN,-0.009344345286342537,0.014873080143653418,72189714.28571428,0.045237777873622154
2021-01-14,GOOGL,-0.012178683993228523,0.013006957610354801,30520285.714285713,0.21940947758398055
2021-01-14,JPM,0.2019155350989792,0.01630178903577824,14895800.0,0.024651182215042367
2021-01-14,MSFT,-0.00550881099709144,0.014005658472643186,26993952.38095238,0.14402398103369607
2021-01-15,AAPL,-0.0057864279693944365,0.019130324630506783,112052676.1904762,0.03063934068225871
2021-01-15,AMZN,-0.019231516473323662,0.01493488950919617,73070190.47619048,0.06584207677423715
2021-01-15,GOOGL,-0.01899966271959963,0.01294728105199622,31000857.14285714,0.2263229300262639
2021-01-15,JPM,0.16055847559654923,0.017191101150922764,15623933.333333334,0.046596015079904074
2021-01-15,MSFT,-0.006911451894414444,0.01400982824282316,27219947.61904762,0.15101067747475994
2021-01-19,AAPL,0.0001566716931142853,0.019167767121310363,111697852.38095239,0.016223308505866507
2021-01-19,AMZN,-0.03708783577517771,0.013907008492429901,72001142.85714285,0.06648063299950158
2021-01-19,GOOGL,0.01552478656125067,0.014883590237122477,31809619.04761905,0.18007585674197557
2021-01-19,JPM,0.15218442177019242,0.01735431025284027,16037000.0,0.054694427782474575
2021-01-19,MSFT,-0.012951418587746955,0.013527579258370316,27003642.85714286,0.12895723035188067
2021-01-20,AAPL,0.025874242064434005,0.020417826531787864,112172123.8095238,-0.014889982838389382
2021-01-20,AMZN,0.00843616650982315,0.017333980608540987,73749238.09523809,-0.004130755255276064
2021-01-20,GOOGL,0.0801833811882322,0.018594687216434026,33203523.80952381,0.11102789443679462
2021-01-20,JPM,0.14439082503710665,0.01770619174093392,16247038.095238095,0.08862238468085426
2021-01-20,MSFT,0.022422839757163304,0.015761912360956882,27254190.476190478,0.07660242488685176
2021-01-21,AAPL,0.08060947161493126,0.021389783935711223,108724952.38095239,-0.07804287260140841
2021-01-21,AMZN,0.03290177346333345,0.017351199693807384,72740095.23809524,-0.03817670995155653
2021-01-21,GOOGL,0.09148882875813191,0.01839519223842066,31935809.523809522,0.09028487916352868
2021-01-21,JPM,0.14041869568051357,0.0178341335405885,15506890.476190476,0.10813602210230067
2021-01-21,MSFT,0.029186971900716285,0.0157238489686086,25699642.85714286,0.04480663813849528
2021-01-22,AAPL,0.08453563034263012,0.021477578681235357,108401514.28571428,-0.09363588587315852
2021-01-22,AMZN,0.02683873070378473,0.017403106501238802,71773523.8095238,-0.029684985482452242
2021-01-22,GOOGL,0.09108961800850057,0.018394872310147366,31877238.095238097,0.08853588314862293
2021-01-22,JPM,0.09067995742029988,0.016576452507901736,14774014.285714285,0.12571935769306553
2021-01-22,MSFT,0.015095050432465618,0.015266222064221562,25365871.42857143,0.034774177349848445
2021-01-25,AAPL,0.08371235862603887,0.021433910162902702,107863747.61904761,-0.12162534292870186
2021-01-25,AMZN,0.027281868256064268,0.01740175085396328,73088190.47619048,-0.04082268128706357
2021-01-25,GOOGL,0.10118471056163725,0.018188797014286,33316095.23809524,0.1000537840065523
2021-01-25,JPM,0.09370822832637571,0.016425786466530548,14889471.42857143,0.16000575993961985
2021-01-25,MSFT,0.02496206110869892,0.015580013321163851,25867771.42857143,0.02422410196457281
2021-01-26,AAPL,0.09315822191289524,0.02129397745976207,108347885.71428572,-0.15359859345361748
2021-01-26,AMZN,0.04422230510717462,0.017389893001891397,73908571.42857143,-0.08086575882715785
2021-01-26,GOOGL,0.10399079520343757,0.018196677189988995,33720285.71428572,0.05660524206248008
2021-01-26,JPM,0.05962723739942044,0.01559654450886639,14714928.57142857,0.14895867652560857
2021-01-26,MSFT,0.05117200405732003,0.01539168526985641,27318723.80952381,-0.01210594312041724
2021-01-27,AAPL,0.07645676496401332,0.021441125843787087,112439014.28571428,-0.1451415053058197
2021-01-27,AMZN,0.018876672222184254,0.018577451616602972,76964095.23809524,-0.043200776246025696
2021-01-27,GOOGL,0.048888408039785114,0.0213964193459652,37206000.0,0.11158697458944355
2021-01-27,JPM,0.03421811810963349,0.01696343261073195,15354880.952380951,0.15102423086053451
2021-01-27,MSFT,0.0455666372133392,0.01534312723599152,30143485.714285713,6.541405170779058e-05
2021-01-28,AAPL,0.002926652580742539,0.02171289627826343,113302580.95238096,-0.06644581330799992
2021-01-28,AMZN,-0.014111020660020346,0.016870171329366242,74547333.33333333,-0.028255261341914917
2021-01-28,GOOGL,0.04466857626000986,0.021217769369579795,38521619.047619045,0.11680338548539293
2021-01-28,JPM,0.045532081795152335,0.017287829569155446,15625795.238095239,0.1567133464483661
2021-01-28,MSFT,0.0620997940357364,0.016119214604909705,31628138.095238097,-0.006044775679546643
2021-01-29,AAPL,-0.021576226923423425,0.02306714761917927,115991938.09523809,-0.0504171723328074
2021-01-29,AMZN,-0.034858569128007555,0.016744267654098383,73995619.04761904,-0.034829369214538275
2021-01-29,GOOGL,0.03959584165273866,0.02137276227489246,39702761.9047619,0.1297610711307342
2021-01-29,JPM,0.036690176867050894,0.01750390194723989,15931457.142857144,0.165850504863728
2021-01-29,MSFT,0.03484288243385647,0.01754520689143154,32823371.42857143,0.010556196019099406
2021-02-01,AAPL,0.00314081404455524,0.023293247166499623,116458019.04761904,-0.08869546357629865
2021-02-01,AMZN,0.017356249001005297,0.019152554766263968,74901238.09523809,-0.10107450746758084
2021-02-01,GOOGL,0.09032107984849835,0.022326340702859403,40618285.71428572,0.06251224115973653
2021-02-01,JPM,0.0414286175114269,0.01754471350822158,16106823.80952381,0.179678966547127
2021-02-01,MSFT,0.08106304723198532,0.018553018579631406,33444414.285714287,-0.04826139358959236
2021-02-02,AAPL,0.017333648419505243,0.02325025501000688,115705104.76190476,-0.10875239914732171
2021-02-02,AMZN,0.03778714032616004,0.01913616305466902,78845428.57142857,-0.11906216412606319
2021-02-02,GOOGL,0.09498810626098897,0.022395277030526975,42773619.047619045,0.059824086088686945
2021-02-02,JPM,0.05904013014657994,0.018483124422853554,16281747.61904762,0.12686176750848555
2021-02-02,MSFT,0.0768365157461477,0.01857849333673941,33681280.952380955,-0.0511786596351369
2021-02-03,AAPL,0.03500525296200263,0.02259512687826887,113161247.61904761,-0.09211997797613236
2021-02-03,AMZN,0.03950881200434897,0.01903942263729082,81395333.33333333,-0.09420896295710779
2021-02-03,GOOGL,0.1927723616523147,0.02639484351306657,45657333.333333336,0.018548782120099583
2021-02-03,JPM,0.08137933728048719,0.018347547390024022,15985600.0,0.11669398887827298
2021-02-03,MSFT,0.11626637763246994,0.01780066945445857,33206423.80952381,-0.04471846958387249
2021-02-04,AAPL,0.0486982510898295,0.023089372767748393,112519257.14285715,-0.15180193475465498
2021-02-04,AMZN,0.034950932136743385,0.01897094402679179,82362190.47619048,-0.11379465050960502
2021-02-04,GOOGL,0.18021324348994394,0.02651013396001337,47001904.76190476,-0.022462819746579044
2021-02-04,JPM,0.10027869793749322,0.018816479602968474,15923138.095238095,0.10603959158817156
2021-02-04,MSFT,0.1106470943868918,0.017897166455242988,33276571.42857143,-0.05824669158239004
2021-02-05,AAPL,0.08186722225322574,0.021610512404539296,108738580.95238096,-0.11458048832212309
2021-02-05,AMZN,0.06811470496829775,0.017970794470264364,81625047.61904761,-0.0863027996713499
2021-02-05,GOOGL,0.21240601839881057,0.026240955493549607,46205619.047619045,-0.023204393406645263
2021-02-05,JPM,0.048878863505599,0.01616902080195378,15215623.80952381,0.10037696865069257
2021-02-05,MSFT,0.14110692320857843,0.01646919494315678,32425338.095238097,-0.03254130391848975
2021-02-08,AAPL,0.04731591472885066,0.020479016675382905,106915676.1904762,-0.12365810059605842
2021-02-08,AMZN,0.050845000746011726,0.018127637517153135,81380190.47619048,-0.07983893260939645
2021-02-08,GOOGL,0.1748142543094684,0.025927196080006716,45581428.571428575,-0.02318519930773244
2021-02-08,JPM,0.0314268870923311,0.014939484821767353,14653528.57142857,0.10696445058519988
2021-02-08,MSFT,0.11077023885348458,0.015704079270093377,32164261.904761903,-0.039240648605609385
2021-02-09,AAPL,0.031527534994687745,0.02051658971609105,105564057.14285715,-0.10330124964604248
2021-02-09,AMZN,0.03842652907435373,0.01818292180955124,80109523.8095238,-0.05791525328574132
2021-02-09,GOOGL,0.15438610891648752,0.026034595063418556,44934190.47619048,0.012118173512050356
2021-02-09,JPM,0.0261728735814315,0.014988985476014354,14490657.142857144,0.10560245085957254
2021-02-09,MSFT,0.10996284650508814,0.01570265201060762,32193252.38095238,-0.02499853112006767
2021-02-10,AAPL,0.051266053163180114,0.019773021628962835,104262252.38095239,-0.10606382190727559
2021-02-10,AMZN,0.055349511002001694,0.017472779386896307,79603047.61904761,-0.059968067123111535
2021-02-10,GOOGL,0.1880042580253929,0.0251035501161807,44472571.428571425,-0.017484006167559962
2021-02-10,JPM,0.011662208074128877,0.014662159107099226,14223290.476190476,0.118072196491664
2021-02-10,MSFT,0.11646519147519663,0.01547877341549803,32153033.333333332,-0.026879996267134
2021-02-11,AAPL,0.050714055032181626,0.019778609482853156,102944580.95238096,-0.08243942521827241
2021-02-11,AMZN,0.04527643136310022,0.017612937705176704,78447619.04761904,-0.05531665729284896
2021-02-11,GOOGL,0.20220677318646096,0.02478019353382023,44041714.28571428,-0.016426124806247167
2021-02-11,JPM,-0.006775151771559185,0.014262183151217637,13802695.238095239,0.1156023583863417
2021-02-11,MSFT,0.1375331353070146,0.014972704745321412,31795976.19047619,-0.03738067070645923
2021-02-12,AAPL,0.035772182579023815,0.019528583634858244,101587833.33333333,-0.07239395500302415
2021-02-12,AMZN,0.03532026449230519,0.017403761109797876,77508666.66666667,-0.05670114707087259
2021-02-12,GOOGL,0.19904438411466896,0.024805283907890205,43830190.47619048,-0.005317423805221155
2021-02-12,JPM,0.006412821679556702,0.014606655057999815,13493542.857142856,0.08679637361536297
2021-02-12,MSFT,0.1324304963677576,0.0150005889320599,31628071.42857143,-0.02748076334807792
2021-02-16,AAPL,0.034745431081188105,0.019572151761276208,101128523.8095238,-0.06329300666497062
2021-02-16,AMZN,0.045237777873622154,0.017145588051708606,77036095.23809524,-0.040753120771269136
2021-02-16,GOOGL,0.21940947758398055,0.02445334679649816,43915523.809523806,-0.013493212123485532
2021-02-16,JPM,0.024651182215042367,0.015462413460728488,13187114.285714285,0.0721744842075116
2021-02-16,MSFT,0.14402398103369607,0.014432316194136593,31497009.523809522,-0.02508852587508692
2021-02-17,AAPL,0.03063934068225871,0.019745395015958792,100477095.23809524,-0.07879844848265016
2021-02-17,AMZN,0.06584207677423715,0.017125345995683237,76134666.66666667,-0.0848233754101736
2021-02-17,GOOGL,0.2263229300262639,0.02434919567771514,43384571.428571425,-0.04591669507111973
2021-02-17,JPM,0.046596015079904074,0.014824917198124834,12374214.285714285,0.08649177646134287
2021-02-17,MSFT,0.15101067747475994,0.014318659679610784,31016390.476190478,-0.055200665171290964
2021-02-18,AAPL,0.016223308505866507,0.019848172784948766,100767542.85714285,-0.07493643881435053
2021-02-18,AMZN,0.06648063299950158,0.01712961231064841,75870190.47619048,-0.0760974932568882
2021-02-18,GOOGL,0.18007585674197557,0.024001364468595857,42474380.952380955,-0.037443918683306876
2021-02-18,JPM,0.054694427782474575,0.014748479266539574,11933452.38095238,0.06559495340523847
2021-02-18,MSFT,0.12895723035188067,0.014201078655388494,30370900.0,-0.05512931144012567
2021-02-19,AAPL,-0.014889982838389382,0.018457685009633646,99974652.38095239,-0.04989615792792468
2021-02-19,AMZN,-0.004130755255276064,0.015082655300425607,74913428.57142857,-0.04277973179762895
2021-02-19,GOOGL,0.11102789443679462,0.021845572230852185,41226095.23809524,-0.027824534329936812
2021-02-19,JPM,0.08862238468085426,0.014472070907277696,11740166.666666666,0.019929727223485516
2021-02-19,MSFT,0.07660242488685176,0.012827692707702563,29774961.904761903,-0.020666618695521444
2021-02-22,AAPL,-0.07804287260140841,0.01742732736767938,99201580.95238096,-0.027460319210041773
2021-02-22,AMZN,-0.03817670995155653,0.015428333839714424,73560666.66666667,-0.013594336718045441
2021-02-22,GOOGL,0.09028487916352868,0.02235311636321352,39837142.85714286,-0.00629421430787791
2021-02-22,JPM,0.10813602210230067,0.014219862486285345,11648580.952380951,0.0003347585844968304
2021-02-22,MSFT,0.04480663813849528,0.014445075856693449,30048176.19047619,0.013090996238035668
2021-02-23,AAPL,-0.09363588587315852,0.01684534348362234,101287942.85714285,-0.04584443899942081
2021-02-23,AMZN,-0.029684985482452242,0.015469898412399716,75327619.04761904,-0.03362971064044595
2021-02-23,GOOGL,0.08853588314862293,0.022355502694228077,39928285.71428572,-0.013392240939056221
2021-02-23,JPM,0.12571935769306553,0.013928233461137024,11805780.952380951,6.64415166553578e-05
2021-02-23,MSFT,0.034774177349848445,0.014525802031018631,30050842.85714286,0.009388412990240846
2021-02-24,AAPL,-0.12162534292870186,0.015148512941484654,99070238.09523809,-0.037973739770796766
2021-02-24,AMZN,-0.04082268128706357,0.015603349213347635,74624285.71428572,-0.03585025540057962
2021-02-24,GOOGL,0.1000537840065523,0.02239502671615244,38596000.0,-0.02464241786002397
2021-02-24,JPM,0.16000575993961985,0.013499802562803599,11846190.476190476,-0.004632128203793551
2021-02-24,MSFT,0.02422410196457281,0.014194650777406803,29726442.85714286,-0.00942219927738741
2021-02-25,AAPL,-0.15359859345361748,0.016267062645430496,101442090.47619048,0.0018180756882966165
2021-02-25,AMZN,-0.08086575882715785,0.01670609698738848,76127714.28571428,-0.001678029552086846
2021-02-25,GOOGL,0.05660524206248008,0.02381660446750002,39076285.71428572,0.00435532561749663
2021-02-25,JPM,0.14895867652560857,0.014043294723194561,12170947.61904762,0.02586356133592904
2021-02-25,MSFT,-0.01210594312041724,0.014950359001899066,29267995.23809524,0.032708723618533275
2021-02-26,AAPL,-0.1451415053058197,0.016413301870295275,102571452.38095239,0.0010721607961634572
2021-02-26,AMZN,-0.043200776246025696,0.016063648047453805,75761714.28571428,-0.005561073883910028
2021-02-26,GOOGL,0.11158697458944355,0.020943761110445054,37053904.76190476,0.01181047712733796
2021-02-26,JPM,0.15102423086053451,0.013829145280808757,12276914.285714285,0.037439914868922175
2021-02-26,MSFT,6.541405170779058e-05,0.01530986710444977,27741738.095238097,0.012307343483757505
2021-03-01,AAPL,-0.06644581330799992,0.019983631583971817,101318442.85714285,-0.06174185509752095
2021-03-01,AMZN,-0.028255261341914917,0.016590056699689628,75361619.04761904,-0.02887672378806183
2021-03-01,GOOGL,0.11680338548539293,0.02112399103177718,35662571.428571425,-0.011204779086198657
2021-03-01,JPM,0.1567133464483661,0.01406680178498946,12328519.047619049,0.026445502654605102
2021-03-01,MSFT,-0.006044775679546643,0.014835987188986367,26609014.285714287,-0.021482280523218433
2021-03-02,AAPL,-0.0504171723328074,0.018857282306211004,97734495.23809524,-0.02373731938321244
2021-03-02,AMZN,-0.034829369214538275,0.01682387675291733,73744666.66666667,-0.00014546127298242784
2021-03-02,GOOGL,0.1297610711307342,0.020742031421783373,34759428.571428575,-0.0009496169522630327
2021-03-02,JPM,0.165850504863728,0.013661160597176076,12300595.238095239,0.014798867096034396
2021-03-02,MSFT,0.010556196019099406,0.013624371315596177,25671366.666666668,0.008123995278718876
2021-03-03,AAPL,-0.08869546357629865,0.018933168640560955,98054804.76190476,0.007701197819098615
2021-03-03,AMZN,-0.10107450746758084,0.014516469708209998,73581333.33333333,0.051913497848637746
2021-03-03,GOOGL,0.06251224115973653,0.020657431826331656,34456571.428571425,0.05884922977388718
2021-03-03,JPM,0.179678966547127,0.013906084578395166,12455042.857142856,0.005231938001134306
2021-03-03,MSFT,-0.04826139358959236,0.012727790129881648,25705428.57142857,0.06499344150839348
2021-03-04,AAPL,-0.10875239914732171,0.018931188628317483,102571452.38095239,0.04803133183350883
2021-03-04,AMZN,-0.11906216412606319,0.01406125678492941,72041333.33333333,0.08367902882277889
2021-03-04,GOOGL,0.059824086088686945,0.020598687404795868,33641523.809523806,0.09097171006363425
2021-03-04,JPM,0.12686176750848555,0.013770330121201874,12828390.476190476,0.02633351839332909
2021-03-04,MSFT,-0.0511786596351369,0.012724997118301655,26601214.285714287,0.09853141365809881
2021-03-05,AAPL,-0.09211997797613236,0.019238650851255014,105613628.57142857,0.039449769496442855
2021-03-05,AMZN,-0.09420896295710779,0.01397527301844223,70422095.23809524,0.07444191650714349
2021-03-05,GOOGL,0.018548782120099583,0.014681993772336178,31509047.61904762,0.053498535164140604
2021-03-05,JPM,0.11669398887827298,0.013726803939695676,13202880.952380951,0.016754372074184065
2021-03-05,MSFT,-0.04471846958387249,0.013264086328938371,27301914.285714287,0.07020715181677084
2021-03-08,AAPL,-0.15180193475465498,0.01957492097102571,108956176.1904762,0.09917476314144347
2021-03-08,AMZN,-0.11379465050960502,0.013988589952334582,70911904.76190476,0.11092324471851911
2021-03-08,GOOGL,-0.022462819746579044,0.017508310817980932,30950571.42857143,0.11533264407353472
2021-03-08,JPM,0.10603959158817156,0.013256336228950377,13427347.61904762,0.019177975932169966
2021-03-08,MSFT,-0.05824669158239004,0.013718736482117274,27776738.095238097,0.09899286364531612
2021-03-09,AAPL,-0.11458048832212309,0.02222904346418888,111519604.76190476,0.07655470331613023
2021-03-09,AMZN,-0.0863027996713499,0.016719090340721266,71301619.04761904,0.07719930369087469
2021-03-09,GOOGL,-0.023204393406645263,0.017469248611083118,31143619.04761905,0.10295726275948036
2021-03-09,JPM,0.10037696865069257,0.013434013356659842,13721990.476190476,0.02768615619599646
2021-03-09,MSFT,-0.03254130391848975,0.015278418161401195,28492247.61904762,0.08328357948002196
2021-03-10,AAPL,-0.12365810059605842,0.02218850886600873,113455133.33333333,0.10851819639594695
2021-03-10,AMZN,-0.07983893260939645,0.016693510808812977,71068380.95238096,0.1028767051508217
2021-03-10,GOOGL,-0.02318519930773244,0.017469187813209205,31061333.333333332,0.11515630638366114
2021-03-10,JPM,0.10696445058519988,0.013744941128899103,13922266.666666666,0.013346460000597693
2021-03-10,MSFT,-0.039240648605609385,0.015294818311659351,28851052.38095238,0.10080886705030134
2021-03-11,AAPL,-0.10330124964604248,0.02272535257129239,114705242.85714285,0.0760905694271885
2021-03-11,AMZN,-0.05791525328574132,0.01736884695343602,71614000.0,0.08536764899027816
2021-03-11,GOOGL,0.012118173512050356,0.018829719585470323,31338000.0,0.06859201725624442
2021-03-11,JPM,0.10560245085957254,0.013787315017212405,14072585.714285715,0.016514405666292697
2021-03-11,MSFT,-0.02499853112006767,0.015974067427117485,29153080.95238095,0.07919700509699101
2021-03-12,AAPL,-0.10606382190727559,0.02273266858186484,115422314.28571428,0.11071647762512415
2021-03-12,AMZN,-0.059968067123111535,0.017393232152616744,70919047.61904761,0.10050524312349673
2021-03-12,GOOGL,-0.017484006167559962,0.019550032579389278,31753047.61904762,0.09972195428051611
2021-03-12,JPM,0.118072196491664,0.013830799402143996,14192885.714285715,-0.007380110594665035
2021-03-12,MSFT,-0.026879996267134,0.015996490082080247,29175319.04761905,0.09645795876852947
2021-03-15,AAPL,-0.08243942521827241,0.023627131554161067,116761542.85714285,0.06484378075396924
2021-03-15,AMZN,-0.05531665729284896,0.017360670906603003,71502095.23809524,0.08155288214584822
2021-03-15,GOOGL,-0.016426124806247167,0.01955625583883765,32023904.76190476,0.09125102243244343
2021-03-15,JPM,0.1156023583863417,0.013904354489946568,14330985.714285715,-0.021042291537976654
2021-03-15,MSFT,-0.03738067070645923,0.015898436203593085,29665023.80952381,0.08849711748309863
2021-03-16,AAPL,-0.07239395500302415,0.023877001708132825,119384533.33333333,0.07111566716384976
2021-03-16,AMZN,-0.05670114707087259,0.017332498737351154,71695904.76190476,0.09289874545559162
2021-03-16,GOOGL,-0.005317423805221155,0.01981538687194118,32638666.666666668,0.09662697713104218
2021-03-16,JPM,0.08679637361536297,0.014236432094205123,14544366.666666666,-0.0028908772747552325
2021-03-16,MSFT,-0.02748076334807792,0.016176182193364214,30214123.80952381,0.09166632747246051
2021-03-17,AAPL,-0.06329300666497062,0.023710567948757755,120877690.47619048,0.07534468352968604
2021-03-17,AMZN,-0.040753120771269136,0.017716847476584287,72213904.76190476,0.08409844712880377
2021-03-17,GOOGL,-0.013493212123485532,0.01973997785121778,32418571.42857143,0.0963058083098618
2021-03-17,JPM,0.0721744842075116,0.01357041280392322,14631119.047619049,-0.00572037052912755
2021-03-17,MSFT,-0.02508852587508692,0.016154241355123927,30349057.14285714,0.09998316074216662
2021-03-18,AAPL,-0.07879844848265016,0.024471435041222955,121987747.61904761,0.11872575542108832
2021-03-18,AMZN,-0.0848233754101736,0.018758608571950063,72549238.09523809,0.11361324265645711
2021-03-18,GOOGL,-0.04591669507111973,0.02067840453079464,32961714.285714287,0.13279326075752462
2021-03-18,JPM,0.08649177646134287,0.013867146098889211,15159138.095238095,-0.026012787451044406
2021-03-18,MSFT,-0.055200665171290964,0.017026315943029835,30976652.38095238,0.1214459446152083
2021-03-19,AAPL,-0.07493643881435053,0.02444560474372817,126211214.28571428,0.10934230729036343
2021-03-19,AMZN,-0.0760974932568882,0.019126505820908274,74071142.85714285,0.08446611259256986
2021-03-19,GOOGL,-0.037443918683306876,0.02068241514559391,34082000.0,0.12434864247699151
2021-03-19,JPM,0.06559495340523847,0.014537205284970165,17246328.57142857,-0.03216976604462596
2021-03-19,MSFT,-0.05512931144012567,0.017026519434776986,32381657.14285714,0.12116336459522414
2021-03-22,AAPL,-0.04989615792792468,0.025400287913833215,127365666.66666667,0.08193550077510392
2021-03-22,AMZN,-0.04277973179762895,0.018831546804100905,72734952.38095239,0.08073300967587915
2021-03-22,GOOGL,-0.027824534329936812,0.020640635955258592,33872380.952380955,0.12195858493797074
2021-03-22,JPM,0.019929727223485516,0.015577063203966365,17626090.476190478,0.0030243387481887485
2021-03-22,MSFT,-0.020666618695521444,0.017869397764164158,32613295.23809524,0.10419933781658353
2021-03-23,AAPL,-0.027460319210041773,0.024632795470946184,126963319.04761904,0.07670980484018264
2021-03-23,AMZN,-0.013594336718045441,0.01841816500357909,73022190.47619048,0.05467407712898398
2021-03-23,GOOGL,-0.00629421430787791,0.02037350741029639,33826857.14285714,0.10345708132661735
2021-03-23,JPM,0.0003347585844968304,0.015632975511366172,17892180.95238095,-0.008176542622313376
2021-03-23,MSFT,0.013090996238035668,0.016905489708946432,32384319.04761905,0.08245646210441171
2021-03-24,AAPL,-0.04584443899942081,0.02497781872563781,123642247.61904761,0.11849470648020488
2021-03-24,AMZN,-0.03362971064044595,0.018687462337724524,71385809.52380952,0.08221715705401222
2021-03-24,GOOGL,-0.013392240939056221,0.020381541434523986,33377333.333333332,0.13156015412398991
2021-03-24,JPM,6.64415166553578e-05,0.0156262545711583,17741961.904761903,0.0030178937649825155
2021-03-24,MSFT,0.009388412990240846,0.016988878978264926,32164861.904761903,0.1091054411779564
2021-03-25,AAPL,-0.037973739770796766,0.025007349713566964,123061523.8095238,0.11717407121161583
2021-03-25,AMZN,-0.03585025540057962,0.018751615002255743,71911714.28571428,0.11907711742704485
2021-03-25,GOOGL,-0.02464241786002397,0.020198219246416762,33996761.9047619,0.13651938799677898
2021-03-25,JPM,-0.004632128203793551,0.015391991106826954,17768004.76190476,-0.007232362672724202
2021-03-25,MSFT,-0.00942219927738741,0.01720903801960981,32532585.714285713,0.12572076538226096
2021-03-26,AAPL,0.0018180756882966165,0.023844785875181816,120483985.71428572,0.1087366406906094
2021-03-26,AMZN,-0.001678029552086846,0.017375102576158433,70748952.38095239,0.11972362065303765
2021-03-26,GOOGL,0.00435532561749663,0.01888252047997575,33350571.42857143,0.13149888601013604
2021-03-26,JPM,0.02586356133592904,0.015482795737128886,17702609.523809522,-0.019016013247363794
2021-03-26,MSFT,0.032708723618533275,0.01676637407772745,31862952.38095238,0.1077890651167932
2021-03-29,AAPL,0.0010721607961634572,0.02384240652231239,116496309.52380952,0.10041996256627739
2021-03-29,AMZN,-0.005561073883910028,0.017264197840425672,69291904.76190476,0.12444853189227967
2021-03-29,GOOGL,0.01181047712733796,0.019002860117837864,32705333.333333332,0.1531195412724322
2021-03-29,JPM,0.037439914868922175,0.014658217861101724,17595042.85714286,0.0029248115131654817
2021-03-29,MSFT,0.012307343483757505,0.016550339829935146,31263347.61904762,0.08212874501324396
2021-03-30,AAPL,-0.06174185509752095,0.020559711534740694,115037452.38095239,0.11326106657422086
2021-03-30,AMZN,-0.02887672378806183,0.016846765524742034,68919047.61904761,0.13616390389762878
2021-03-30,GOOGL,-0.011204779086198657,0.018265858667893868,32764952.38095238,0.16921321024215596
2021-03-30,JPM,0.026445502654605102,0.014069255250823762,17515938.095238097,0.010512903821629394
2021-03-30,MSFT,-0.021482280523218433,0.016270012091257967,31238014.285714287,0.08910950271950657
2021-03-31,AAPL,-0.02373731938321244,0.020638683453466842,115802352.38095239,0.07621826634565743
2021-03-31,AMZN,-0.00014546127298242784,0.016735166623787132,69393428.57142857,0.12066273709568343
2021-03-31,GOOGL,-0.0009496169522630327,0.018344982878856313,33574761.9047619,0.1410799745681679
2021-03-31,JPM,0.014798867096034396,0.014464791043468334,17635700.0,0.016330304223037606
2021-03-31,MSFT,0.008123995278718876,0.016468146623453125,32229014.285714287,0.06960172663971287
2021-04-01,AAPL,0.007701197819098615,0.019976844926983556,113998676.1904762,0.07756080457074499
2021-04-01,AMZN,0.051913497848637746,0.015964853911271674,68394952.38095239,0.07133495816987212
2021-04-01,GOOGL,0.05884922977388718,0.018651981283028148,33859904.76190476,0.10015115547981823
2021-04-01,JPM,0.005231938001134306,0.013993511273208697,17742242.85714286,0.003599135333429704
2021-04-01,MSFT,0.06499344150839348,0.01624038575392946,32053228.57142857,0.039240758595768366
2021-04-05,AAPL,0.04803133183350883,0.020211016001927908,109736590.47619048,0.0154883288114529
2021-04-05,AMZN,0.08367902882277889,0.01620540978694532,66350476.190476194,0.02638586884817662
2021-04-05,GOOGL,0.09097171006363425,0.020449443545390814,33826285.71428572,0.03959972234835418
2021-04-05,JPM,0.02633351839332909,0.013553219581290238,17428628.57142857,0.012107870053267078
2021-04-05,MSFT,0.09853141365809881,0.017010883375975266,31680980.95238095,-0.005139129055159675
2021-04-06,AAPL,0.039449769496442855,0.02012142571426495,106232052.38095239,0.014975022872514288
2021-04-06,AMZN,0.07444191650714349,0.016214994790228785,63635428.571428575,0.01449211567830666
2021-04-06,GOOGL,0.053498535164140604,0.019580185323967863,32975809.523809522,0.04775810512398748
2021-04-06,JPM,0.016754372074184065,0.013671978697758927,17171795.23809524,0.03264702585969537
2021-04-06,MSFT,0.07020715181677084,0.01667346350382248,30779033.333333332,-0.005607855429466402
2021-04-07,AAPL,0.09917476314144347,0.017566027062154876,102855390.47619048,0.01438645616807821
2021-04-07,AMZN,0.11092324471851911,0.015817623102744083,62836571.428571425,0.008227133964054278
2021-04-07,GOOGL,0.11533264407353472,0.016695570499932644,32369428.57142857,0.04391192201765182
2021-04-07,JPM,0.019177975932169966,0.013790900920791741,17160852.38095238,0.037178218249690476
2021-04-07,MSFT,0.09899286364531612,0.01594724816863915,30181528.57142857,-0.0006804369210057226
2021-04-08,AAPL,0.07655470331613023,0.015916332019707376,100918190.47619048,0.0005459719848350808
2021-04-08,AMZN,0.07719930369087469,0.01397501212843903,61676666.666666664,-0.0023307427353215227
2021-04-08,GOOGL,0.10295726275948036,0.016503458481722747,32119142.85714286,0.04510254289738702
2021-04-08,JPM,0.02768615619599646,0.013666784869288353,16974980.95238095,0.03945309710164602
2021-04-08,MSFT,0.08328357948002196,0.015169016726939486,29731276.19047619,-0.0031196870263500154
2021-04-09,AAPL,0.10851819639594695,0.016027070426208375,100667876.1904762,-0.044620669790310985
2021-04-09,AMZN,0.1028767051508217,0.01447600372117483,62942380.952380955,-0.05388467446906231
2021-04-09,GOOGL,0.11515630638366114,0.016450076140873352,32073714.285714287,0.009283692588065495
2021-04-09,JPM,0.013346460000597693,0.012940464921460379,16869276.19047619,0.031609894462303556
2021-04-09,MSFT,0.10080886705030134,0.01505811833263092,29473180.95238095,-0.033887075366275
2021-04-12,AAPL,0.0760905694271885,0.01627539943799753,100115185.71428572,-0.03898295923435002
2021-04-12,AMZN,0.08536764899027816,0.014146944102176545,63423714.28571428,-0.046008316186673115
2021-04-12,GOOGL,0.06859201725624442,0.01567788934270556,31946190.476190478,0.011333694261671745
2021-04-12,JPM,0.016514405666292697,0.012886860765519818,16893176.19047619,0.016607331269949288
2021-04-12,MSFT,0.07919700509699101,0.014651229807887658,29341804.76190476,-0.03782581943765606
2021-04-13,AAPL,0.11071647762512415,0.016658944832971055,100265728.57142857,-0.08518542732458367
2021-04-13,AMZN,0.10050524312349673,0.013892540099003196,64275047.61904762,-0.07295882281135113
2021-04-13,GOOGL,0.09972195428051611,0.014372020419522792,31558761.904761903,-0.02403267372796325
2021-04-13,JPM,-0.007380110594665035,0.012917092873091562,17048609.523809522,0.021805276237562676
2021-04-13,MSFT,0.09645795876852947,0.014543092535364835,29398176.19047619,-0.07539946963862743
2021-04-14,AAPL,0.06484378075396924,0.01676476280862809,100019014.28571428,-0.051864830473469015
2021-04-14,AMZN,0.08155288214584822,0.014812402507340741,64495619.047619045,-0.05146410215230879
2021-04-14,GOOGL,0.09125102243244343,0.014536095875134589,31312761.904761903,-0.0057404490064921765
2021-04-14,JPM,-0.021042291537976654,0.01349997515198236,17421871.42857143,0.0680510478036025
2021-04-14,MSFT,0.08849711748309863,0.014836643320829403,29257033.333333332,-0.04914117449291089
2021-04-15,AAPL,0.07111566716384976,0.016984865038177206,98786595.23809524,-0.050806818606127346
2021-04-15,AMZN,0.09289874545559162,0.014970370622519817,65157333.333333336,-0.046222468756666246
2021-04-15,GOOGL,0.09662697713104218,0.014748498622099782,31182952.38095238,-0.003006246189447004
2021-04-15,JPM,-0.0028908772747552325,0.013341474538031698,17654657.14285714,0.07780772750100073
2021-04-15,MSFT,0.09166632747246051,0.014931731088672209,29139666.666666668,-0.04373814640088969
2021-04-16,AAPL,0.07534468352968604,0.016892264937801344,97500395.23809524,-0.05721171033323602
2021-04-16,AMZN,0.08409844712880377,0.014807092899550383,65221523.809523806,-0.03796213132171411
2021-04-16,GOOGL,0.0963058083098618,0.014753899948733693,31178190.476190478,0.0027029098844244537
2021-04-16,JPM,-0.00572037052912755,0.013244638312497805,17646133.333333332,0.07416845615289813
2021-04-16,MSFT,0.09998316074216662,0.014842627690340775,28916642.85714286,-0.059676304094953836
2021-04-19,AAPL,0.11872575542108832,0.014543172527695138,96216323.8095238,-0.07251524573878765
2021-04-19,AMZN,0.11361324265645711,0.01230565622438002,64341333.333333336,-0.04143817013807627
2021-04-19,GOOGL,0.13279326075752462,0.01258616865143204,31111047.61904762,-0.011918417596020081
2021-04-19,JPM,-0.026012787451044406,0.012699561327719234,17170023.80952381,0.06354393381760248
2021-04-19,MSFT,0.1214459446152083,0.013341923461261515,28363133.333333332,-0.060524177934790147
2021-04-20,AAPL,0.10934230729036343,0.014937256224059042,91895504.76190476,-0.06166477883480903
2021-04-20,AMZN,0.08446611259256986,0.01255735571107309,62434285.71428572,-0.030854447176893562
2021-04-20,GOOGL,0.12434864247699151,0.012786763093488739,29978476.19047619,-0.003295249353917451
2021-04-20,JPM,-0.03216976604462596,0.013126066144363107,15231828.57142857,0.07931948024953361
2021-04-20,MSFT,0.12116336459522414,0.013348785742561707,27091333.333333332,-0.05644966848243793
2021-04-21,AAPL,0.08193550077510392,0.013954296109081636,89844780.95238096,-0.04474732620745203
2021-04-21,AMZN,0.08073300967587915,0.012472816911893031,61776190.47619048,-0.03400928792710167
2021-04-21,GOOGL,0.12195858493797074,0.012827065451864354,29486476.19047619,0.012553064770441713
2021-04-21,JPM,0.0030243387481887485,0.011917294744991693,14864776.19047619,0.06835418381807057
2021-04-21,MSFT,0.10419933781658353,0.012659959690881465,26801019.04761905,-0.051925800590235105
2021-04-22,AAPL,0.07670980484018264,0.014176349328268755,89325704.76190476,-0.0477258610185225
2021-04-22,AMZN,0.05467407712898398,0.013118801540964996,60598380.952380955,-0.03202130542092263
2021-04-22,GOOGL,0.10345708132661735,0.01334801278094982,29278666.666666668,0.018472583677950905
2021-04-22,JPM,-0.008176542622313376,0.012614813873687163,14778100.0,0.10375279976236462
2021-04-22,MSFT,0.08245646210441171,0.013234830883832833,26513771.42857143,-0.04446042917129045
2021-04-23,AAPL,0.11849470648020488,0.013417749596854147,88855561.90476191,-0.05214524830133105
2021-04-23,AMZN,0.08221715705401222,0.012470392691906529,60821047.61904762,-0.028702076731306647
2021-04-23,GOOGL,0.13156015412398991,0.013628332579626257,29461904.76190476,0.0265704089112766
2021-04-23,JPM,0.0030178937649825155,0.013209085469953464,14823914.285714285,0.0888877823621439
2021-04-23,MSFT,0.1091054411779564,0.013126755181705663,26315795.23809524,-0.037491393231995906
2021-04-26,AAPL,0.11717407121161583,0.013425847871704543,87334628.57142857,-0.056446349983422794
2021-04-26,AMZN,0.11907711742704485,0.012326906108321087,62075523.809523806,-0.0439864927710758
2021-04-26,GOOGL,0.13651938799677898,0.013564872386477406,29291523.80952381,0.022918493166991016
2021-04-26,JPM,-0.007232362672724202,0.012905544353695226,14594904.761904761,0.07498683709861242
2021-04-26,MSFT,0.12572076538226096,0.012478051317981216,25634909.523809522,-0.0353612125288445
2021-04-27,AAPL,0.1087366406906094,0.01353423397416834,85998657.14285715,-0.0545018444323927
2021-04-27,AMZN,0.11972362065303765,0.012319216722983486,62565238.0952381,-0.0445569324094377
2021-04-27,GOOGL,0.13149888601013604,0.013759701420677898,30072857.14285714,0.03899219788925201
2021-04-27,JPM,-0.019016013247363794,0.012372319343754243,14407609.523809524,0.06995048628311351
2021-04-27,MSFT,0.1077890651167932,0.012190888090492959,25898447.61904762,-0.037787629944554646
2021-04-28,AAPL,0.10041996256627739,0.013730034655136098,87281557.14285715,-0.06054197053642629
2021-04-28,AMZN,0.12444853189227967,0.012393532750378458,64361333.333333336,-0.0660373554209357
2021-04-28,GOOGL,0.1531195412724322,0.014683244256758324,32673523.80952381,0.0015429190599902665
2021-04-28,JPM,0.0029248115131654817,0.011991502966528652,13996819.047619049,0.0796169189594429
2021-04-28,MSFT,0.08212874501324396,0.014050049881478727,26930619.04761905,-0.018362196376069284
2021-04-29,AAPL,0.11326106657422086,0.013241039515118269,90397228.57142857,-0.0648664070260061
2021-04-29,AMZN,0.13616390389762878,0.012080978549764258,69451619.04761904,-0.07151191991341554
2021-04-29,GOOGL,0.16921321024215596,0.014686680390708964,33336476.19047619,-0.01500780802325008
2021-04-29,JPM,0.010512903821629394,0.012468062408291163,13986942.857142856,0.05831545749173239
2021-04-29,MSFT,0.08910950271950657,0.013700819407343946,27682857.14285714,-0.008924464840041613
2021-04-30,AAPL,0.07621826634565743,0.013567546649768888,89993214.28571428,-0.053011984473721574
2021-04-30,AMZN,0.12066273709568343,0.012083848618043654,73180571.42857143,-0.0717450261141439
2021-04-30,GOOGL,0.1410799745681679,0.01559004798014587,33445333.333333332,0.011761223867874149
2021-04-30,JPM,0.016330304223037606,0.01218184972196609,13747342.857142856,0.07957879077896135
2021-04-30,MSFT,0.06960172663971287,0.013427448748073683,27079123.80952381,-0.016689347549078137
2021-05-03,AAPL,0.07756080457074499,0.013585892523587748,89995404.76190476,-0.05483304048422355
2021-05-03,AMZN,0.07133495816987212,0.01303173791314015,75976000.0,-0.04503187841594691
2021-05-03,GOOGL,0.10015115547981823,0.01453835216379045,32891142.85714286,0.011740948099802528
2021-05-03,JPM,0.003599135333429704,0.01203261802915308,13520657.142857144,0.08281178058267846
2021-05-03,MSFT,0.039240758595768366,0.012207349143856648,26569057.14285714,-0.01583787569580808
2021-05-04,AAPL,0.0154883288114529,0.015252488765138409,92324619.04761904,-0.032069868311639826
2021-05-04,AMZN,0.02638586884817662,0.013510663089306763,77980285.71428572,-0.03770082312232126
2021-05-04,GOOGL,0.03959972234835418,0.012430934658226943,32715333.333333332,0.017664873364491296
2021-05-04,JPM,0.012107870053267078,0.01235136607718446,13495404.761904761,0.06875480505877252
2021-05-04,MSFT,-0.005139129055159675,0.01128754909193045,26371223.80952381,-0.0061046205187829106
2021-05-05,AAPL,0.014975022872514288,0.015250200114022516,92506980.95238096,-0.015583014779746995
2021-05-05,AMZN,0.01449211567830666,0.013838447311306457,79097904.76190476,-0.019666405552722588
2021-05-05,GOOGL,0.04775810512398748,0.012349747565392873,32305619.04761905,0.03404220007021985
2021-05-05,JPM,0.03264702585969537,0.012506949400896777,13373266.666666666,0.05662788895155302
2021-05-05,MSFT,-0.005607855429466402,0.011297715292631001,26322147.61904762,0.019876811910591874
2021-05-06,AAPL,0.01438645616807821,0.015226500255846112,92252771.42857143,-0.02794950587187306
2021-05-06,AMZN,0.008227133964054278,0.013529278901920393,80146952.38095239,-0.032773097842013654
2021-05-06,GOOGL,0.04391192201765182,0.01220723001523546,32355904.76190476,0.027787873849099975
2021-05-06,JPM,0.037178218249690476,0.012792057996193578,13213214.285714285,0.030928972051428305
2021-05-06,MSFT,-0.0006804369210057226,0.011534390158837442,26501733.333333332,0.01868460560660279
2021-05-07,AAPL,0.0005459719848350808,0.014676785124620164,91782709.52380952,-0.02664934948672948
2021-05-07,AMZN,-0.0023307427353215227,0.013506802787541815,81954761.90476191,-0.008354573932676135
2021-05-07,GOOGL,0.04510254289738702,0.012223738152620216,32367047.61904762,0.019775130451492373
2021-05-07,JPM,0.03945309710164602,0.012795955678451933,13304752.38095238,0.02331953364600059
2021-05-07,MSFT,-0.0031196870263500154,0.011402860340617693,26664004.76190476,0.0027460080429828615
2021-05-10,AAPL,-0.044620669790310985,0.01495790010249195,90896257.14285715,0.0022073486064424497
2021-05-10,AMZN,-0.05388467446906231,0.014086933501122794,83380571.42857143,0.028415631093610783
2021-05-10,GOOGL,0.009283692588065495,0.013519631601684972,32594095.23809524,0.05069915980642903
2021-05-10,JPM,0.031609894462303556,0.012738330025988304,13394842.857142856,0.010668799462859813
2021-05-10,MSFT,-0.033887075366275,0.012001679878505268,26900819.04761905,0.028301472416811135
2021-05-11,AAPL,-0.03898295923435002,0.014793572828852245,92549723.8095238,0.001588217166968331
2021-05-11,AMZN,-0.046008316186673115,0.014340608775624698,84654857.14285715,0.0390023464356859
2021-05-11,GOOGL,0.011333694261671745,0.013437378771874939,33030380.95238095,0.07271616142246029
2021-05-11,JPM,0.016607331269949288,0.013327495044940338,13546190.476190476,0.011732346848933206
2021-05-11,MSFT,-0.03782581943765606,0.012003990422644472,27210004.76190476,0.04712632058581301
2021-05-12,AAPL,-0.08518542732458367,0.01434684483096687,93545238.09523809,0.03730554058893154
2021-05-12,AMZN,-0.07295882281135113,0.014855971367399303,86198285.71428572,0.061831804085037634
2021-05-12,GOOGL,-0.02403267372796325,0.015038060716239037,34015809.52380952,0.10451089498195132
2021-05-12,JPM,0.021805276237562676,0.013129075629399535,13463719.047619049,0.01803764603063751
2021-05-12,MSFT,-0.07539946963862743,0.013094045186059899,27821761.904761903,0.08152925174794334
2021-05-13,AAPL,-0.051864830473469015,0.014754148349930132,94432785.71428572,0.04409072194727126
2021-05-13,AMZN,-0.05146410215230879,0.014437981956317961,86394190.47619048,0.07034699051740412
2021-05-13,GOOGL,-0.0057404490064921765,0.015306593486097624,34596857.14285714,0.09863874474354484
2021-05-13,JPM,0.0680510478036025,0.013355293837051096,13247309.523809524,-0.024334539422354418
2021-05-13,MSFT,-0.04914117449291089,0.013701524959230181,28133828.57142857,0.07184346119453844
2021-05-14,AAPL,-0.050806818606127346,0.014837423848564901,94079019.04761904,0.01718350542305913
2021-05-14,AMZN,-0.046222468756666246,0.014800306388550476,86481238.09523809,0.049716030008714274
2021-05-14,GOOGL,-0.003006246189447004,0.015496144834017383,34731238.0952381,0.0658407233771483
2021-05-14,JPM,0.07780772750100073,0.013611019458604177,12908733.333333334,-0.053838310841011205
2021-05-14,MSFT,-0.04373814640088969,0.014123497831811743,28051619.04761905,0.04354868389728539
2021-05-17,AAPL,-0.05721171033323602,0.014913407491198207,93570552.38095239,0.030727925645088083
2021-05-17,AMZN,-0.03796213132171411,0.015158529655379463,86993523.8095238,0.04429438802942842
2021-05-17,GOOGL,0.0027029098844244537,0.015526728785063266,34508190.47619048,0.0552793680496666
2021-05-17,JPM,0.07416845615289813,0.01358421265935266,12723657.142857144,-0.051011163471163745
2021-05-17,MSFT,-0.059676304094953836,0.014192367049401815,28055980.95238095,0.05218342124203024
2021-05-18,AAPL,-0.07251524573878765,0.014913698237862129,92098109.52380952,0.05558645766176151
2021-05-18,AMZN,-0.04143817013807627,0.015253333867111092,87091619.04761904,0.07949810863109086
2021-05-18,GOOGL,-0.011918417596020081,0.015720402880348355,34123142.85714286,0.07619992182500557
2021-05-18,JPM,0.06354393381760248,0.014027597938954365,12685461.904761905,-0.06522909364917773
2021-05-18,MSFT,-0.060524177934790147,0.014208960355492564,27911157.14285714,0.0757876189246347
2021-05-19,AAPL,-0.06166477883480903,0.01476352258309095,91993333.33333333,0.046274860446386956
2021-05-19,AMZN,-0.030854447176893562,0.015110710797811755,87145619.04761904,0.078934372002468
2021-05-19,GOOGL,-0.003295249353917451,0.015717483198468944,34189619.047619045,0.05754791308014506
2021-05-19,JPM,0.07931948024953361,0.013049072252493278,12664614.285714285,-0.0818697055717097
2021-05-19,MSFT,-0.05644966848243793,0.01425577553564025,28197676.19047619,0.06708650071310074
2021-05-20,AAPL,-0.04474732620745203,0.015624102962711101,92374761.90476191,0.03919563618069333
2021-05-20,AMZN,-0.03400928792710167,0.01502342036855506,87547523.8095238,0.06351608034506295
2021-05-20,GOOGL,0.012553064770441713,0.016083355616241544,34625238.0952381,0.05604788466378152
2021-05-20,JPM,0.06835418381807057,0.013052744347027795,12578390.476190476,-0.06466480185643309
2021-05-20,MSFT,-0.051925800590235105,0.014490575427527025,28091500.0,0.06552264651408501
2021-05-21,AAPL,-0.0477258610185225,0.01573311140399027,92123757.14285715,0.06816521786107632
2021-05-21,AMZN,-0.03202130542092263,0.014933793198375919,88999238.09523809,0.09439661550137934
2021-05-21,GOOGL,0.018472583677950905,0.015915329760298372,35410285.71428572,0.0664653115686118
2021-05-21,JPM,0.10375279976236462,0.011902989827061982,12339957.142857144,-0.07654024774836188
2021-05-21,MSFT,-0.04446042917129045,0.014302999244610684,27913257.14285714,0.08296289837459958
2021-05-24,AAPL,-0.05214524830133105,0.015460537825226784,91382585.71428572,0.05192742595769739
2021-05-24,AMZN,-0.028702076731306647,0.015080427702963972,88265904.76190476,0.07976294586484589
2021-05-24,GOOGL,0.0265704089112766,0.016514150615763497,35542000.0,0.034518698171862816
2021-05-24,JPM,0.0888877823621439,0.011443221763851751,12120833.333333334,-0.0759450580396187
2021-05-24,MSFT,-0.037491393231995906,0.014838437568007174,27910823.80952381,0.05777917973297875
2021-05-25,AAPL,-0.056446349983422794,0.015412732201988157,91625652.38095239,0.05130058347635558
2021-05-25,AMZN,-0.0439864927710758,0.014314559027749372,86723428.57142857,0.05830837450739779
2021-05-25,GOOGL,0.022918493166991016,0.01650043665418795,35084952.38095238,0.03687466104313075
2021-05-25,JPM,0.07498683709861242,0.011868988931383422,12207023.80952381,-0.05770777321444309
2021-05-25,MSFT,-0.0353612125288445,0.014870519131513146,27812776.19047619,0.05947107543034469
2021-05-26,AAPL,-0.0545018444323927,0.015420587974146853,91176133.33333333,0.049349553781233846
2021-05-26,AMZN,-0.0445569324094377,0.014305719154882067,85349047.61904761,0.04174375911042949
2021-05-26,GOOGL,0.03899219788925201,0.01640610783736231,33998571.428571425,0.02934905474232452
2021-05-26,JPM,0.06995048628311351,0.011892248237643269,12218314.285714285,-0.04807526348992086
2021-05-26,MSFT,-0.037787629944554646,0.014853454905518312,27182176.19047619,0.05379928278179724
2021-05-27,AAPL,-0.06054197053642629,0.015553825919216693,90550680.95238096,0.0758301001662236
2021-05-27,AMZN,-0.0660373554209357,0.014044622992203793,83376952.38095239,0.06618357314483991
2021-05-27,GOOGL,0.0015429190599902665,0.015222934671451634,31813714.285714287,0.03726281215798011
2021-05-27,JPM,0.0796169189594429,0.01217624624948394,12540400.0,-0.06096770018689268
2021-05-27,MSFT,-0.018362196376069284,0.013669330694519826,26111847.61904762,0.07785493315906344
2021-05-28,AAPL,-0.0648664070260061,0.01555508558036224,86751161.90476191,0.09405362629172065
2021-05-28,AMZN,-0.07151191991341554,0.013959414651076335,78279238.09523809,0.06983090050179164
2021-05-28,GOOGL,-0.01500780802325008,0.014881731427374542,30873142.85714286,0.03759263160185711
2021-05-28,JPM,0.05831545749173239,0.011657951446394019,12412514.285714285,-0.061495556881102864
2021-05-28,MSFT,-0.008924464840041613,0.01357416264454021,25049047.61904762,0.08699163380765484
2021-06-01,AAPL,-0.053011984473721574,0.015307705911085908,84741523.8095238,0.10202763853399466
2021-06-01,AMZN,-0.0717450261141439,0.01395744414858099,73918000.0,0.06882078402013403
2021-06-01,GOOGL,0.011761223867874149,0.014603901522508454,29849238.095238097,0.025453729883014864
2021-06-01,JPM,0.07957879077896135,0.011470520212575443,12304909.523809524,-0.06329454259117495
2021-06-01,MSFT,-0.016689347549078137,0.013708788237284046,24680866.666666668,0.0949878905969812
2021-06-02,AAPL,-0.05483304048422355,0.015245710299105332,83986466.66666667,0.09763320262654673
2021-06-02,AMZN,-0.04503187841594691,0.013285748775247125,70240857.14285715,0.06152774456650456
2021-06-02,GOOGL,0.011740948099802528,0.014604249595749425,29511904.76190476,0.03302982035038671
2021-06-02,JPM,0.08281178058267846,0.011402384991135888,12242885.714285715,-0.054076998983884406
2021-06-02,MSFT,-0.01583787569580808,0.013708328993223499,24670395.23809524,0.09826153666786253
2021-06-03,AAPL,-0.032069868311639826,0.013486943299217319,81065728.57142857,0.13291211279905535
2021-06-03,AMZN,-0.03770082312232126,0.012815399418870584,67344571.42857143,0.10165328729888579
2021-06-03,GOOGL,0.017664873364491296,0.014337674293580727,28268000.0,0.06712025133726329
2021-06-03,JPM,0.06875480505877252,0.01118686691108864,12260823.80952381,-0.055610939864571995
2021-06-03,MSFT,-0.0061046205187829106,0.013317487442324416,24315709.523809522,0.12999060280463648
2021-06-04,AAPL,-0.015583014779746995,0.01419871743535751,80645176.1904762,0.12812803687425345
2021-06-04,AMZN,-0.019666405552722588,0.012676234824175504,65952571.428571425,0.14644033937481526
2021-06-04,GOOGL,0.03404220007021985,0.014900984536390683,28164285.714285713,0.05440830435664279
2021-06-04,JPM,0.05662788895155302,0.01095764096363353,12165780.952380951,-0.07297510463976087
2021-06-04,MSFT,0.019876811910591874,0.014008467196792591,24476652.38095238,0.10714190891884634
2021-06-07,AAPL,-0.02794950587187306,0.013863411804691353,80308476.1904762,0.1482924918898163
2021-06-07,AMZN,-0.032773097842013654,0.012385679421830668,63826952.38095238,0.15590006106359433
2021-06-07,GOOGL,0.027787873849099975,0.014795166957450097,28113333.333333332,0.05294097014917232
2021-06-07,JPM,0.030928972051428305,0.010300965601644042,11866961.904761905,-0.0675175249631842
2021-06-07,MSFT,0.01868460560660279,0.01395920858673007,24314180.95238095,0.10291179388080507
2021-06-08,AAPL,-0.02664934948672948,0.013898406340339144,80090880.95238096,0.1301879361293079
2021-06-08,AMZN,-0.008354573932676135,0.013268969210926518,62594952.38095238,0.14316300287326778
2021-06-08,GOOGL,0.019775130451492373,0.014766194540859952,27891523.80952381,0.04271119054463601
2021-06-08,JPM,0.02331953364600059,0.010358555267982414,11681861.904761905,-0.07994073685557501
2021-06-08,MSFT,0.0027460080429828615,0.013821134292787909,24096185.714285713,0.09838816448386489
2021-06-09,AAPL,0.0022073486064424497,0.012720297902000622,78605485.71428572,0.14143025040002222
2021-06-09,AMZN,0.028415631093610783,0.011326864689578938,59372952.38095238,0.13354769379125409
2021-06-09,GOOGL,0.05069915980642903,0.013451645004189204,27273809.523809522,0.04253845351248131
2021-06-09,JPM,0.010668799462859813,0.010777252641548747,11603914.285714285,-0.03849496388625484
2021-06-09,MSFT,0.028301472416811135,0.01295893348254586,23555123.80952381,0.0960209479006715
2021-06-10,AAPL,0.001588217166968331,0.012739286705624742,75988514.28571428,0.14582527087078812
2021-06-10,AMZN,0.0390023464356859,0.01195382265397104,58284095.23809524,0.11013095413475771
2021-06-10,GOOGL,0.07271616142246029,0.013294538125689658,26879428.57142857,0.04286425479047895
2021-06-10,JPM,0.011732346848933206,0.010696818518626881,11445233.333333334,-0.009286339219795714
2021-06-10,MSFT,0.04712632058581301,0.01319812437962625,23122838.095238097,0.07805953002559218
2021-06-11,AAPL,0.03730554058893154,0.011515953287312817,73195661.90476191,0.14361989442167866
2021-06-11,AMZN,0.061831804085037634,0.01062306054348426,56266000.0,0.09875905600610846
2021-06-11,GOOGL,0.10451089498195132,0.0108553483926261,25716666.666666668,0.04799189119773306
2021-06-11,JPM,0.01803764603063751,0.010564724451792141,11412000.0,-0.02335162182214634
2021-06-11,MSFT,0.08152925174794334,0.01103243126688516,22280709.523809522,0.08953451303699156
2021-06-14,AAPL,0.04409072194727126,0.012060503419919774,72769242.85714285,0.14308681401758094
2021-06-14,AMZN,0.07034699051740412,0.010771164894121532,55522000.0,0.0880087191278347
2021-06-14,GOOGL,0.09863874474354484,0.010712508283174086,25187809.523809522,0.04729864585234145
2021-06-14,JPM,-0.024334539422354418,0.009615089380555204,11627376.19047619,-0.009875752320537945
2021-06-14,MSFT,0.07184346119453844,0.010666096735549819,21781957.14285714,0.08703660015174997
2021-06-15,AAPL,0.01718350542305913,0.011479502429352362,71856304.76190476,0.14532512065615055
2021-06-15,AMZN,0.049716030008714274,0.010134239022788682,54666000.0,0.07332561177141295
2021-06-15,GOOGL,0.0658407233771483,0.010267361710748225,24690952.38095238,0.046001550554194415
2021-06-15,JPM,-0.053838310841011205,0.009282551475511575,12289352.38095238,0.0075773215402867855
2021-06-15,MSFT,0.04354868389728539,0.010032068191300985,21502804.76190476,0.08774581911590018
2021-06-16,AAPL,0.030727925645088083,0.011256075291223166,72692990.47619048,0.12477913940825891
2021-06-16,AMZN,0.04429438802942842,0.009875525361099806,55122095.23809524,0.04637438834158347
2021-06-16,GOOGL,0.0552793680496666,0.010421581007125983,24923047.61904762,0.051315567947308516
2021-06-16,JPM,-0.051011163471163745,0.009411630276994013,13024323.80952381,-0.022298401663710332
2021-06-16,MSFT,0.05218342124203024,0.009609383772127797,21609938.095238097,0.09079959996081066
2021-06-17,AAPL,0.05558645766176151,0.011107567738230597,74282457.14285715,0.08088636435236074
2021-06-17,AMZN,0.07949810863109086,0.010223666095582394,57320285.71428572,0.017296040019794345
2021-06-17,GOOGL,0.07619992182500557,0.00995604594641902,25096285.714285713,0.023282582025706544
2021-06-17,JPM,-0.06522909364917773,0.010777912816797533,13911195.238095239,-0.02598251688707165
2021-06-17,MSFT,0.0757876189246347,0.009558001369284353,21962200.0,0.061747640534409065
2021-06-18,AAPL,0.046274860446386956,0.011424837889872733,75060614.28571428,0.12026667214297393
2021-06-18,AMZN,0.078934372002468,0.010234120398293616,59766000.0,0.02474690338787222
2021-06-18,GOOGL,0.05754791308014506,0.010619460935798056,26164476.19047619,0.05077393135170616
2021-06-18,JPM,-0.0818697055717097,0.011787698510615636,15354852.38095238,0.0179339223203554
2021-06-18,MSFT,0.06708650071310074,0.009764255625297402,22508028.57142857,0.07666815464220744
2021-06-21,AAPL,0.03919563618069333,0.010946055671559153,75194242.85714285,0.09901720928839008
2021-06-21,AMZN,0.06351608034506295,0.010619659497677719,60379238.0952381,0.0379969457328615
2021-06-21,GOOGL,0.05604788466378152,0.010536393811352393,25929333.333333332,0.047092922164101436
2021-06-21,JPM,-0.06466480185643309,0.012642408366045675,15747176.19047619,0.022009545369989114
2021-06-21,MSFT,0.06552264651408501,0.00968809460869134,22741142.85714286,0.07146905354984012
2021-06-22,AAPL,0.06816521786107632,0.01048760267228789,74979395.23809524,0.09568605072008296
2021-06-22,AMZN,0.09439661550137934,0.010195061053942512,59655619.047619045,0.03782407471088556
2021-06-22,GOOGL,0.0664653115686118,0.010370356798260571,25060666.666666668,0.04979107806438665
2021-06-22,JPM,-0.07654024774836188,0.012210163790664724,15937757.142857144,0.010583339952310977
2021-06-22,MSFT,0.08296289837459958,0.009634738561139397,22875952.38095238,0.07769973837564925
2021-06-23,AAPL,0.05192742595769739,0.010281285308771836,74842314.28571428,0.11114440444296836
2021-06-23,AMZN,0.07976294586484589,0.010042466601068566,60027523.809523806,0.043615292566175023
2021-06-23,GOOGL,0.034518698171862816,0.008515024767198169,24456666.666666668,0.0891530279767756
2021-06-23,JPM,-0.0759450580396187,0.012235165746656977,16094566.666666666,0.00256827430863682
2021-06-23,MSFT,0.05777917973297875,0.008630853356745263,22785819.04761905,0.09198223280814966
2021-06-24,AAPL,0.05130058347635558,0.010293778761677252,74685242.85714285,0.11678249465741275
2021-06-24,AMZN,0.05830837450739779,0.010888954285550584,60571238.0952381,0.07269766398615451
2021-06-24,GOOGL,0.03687466104313075,0.008517816280719029,24405333.333333332,0.09416312154927131
2021-06-24,JPM,-0.05770777321444309,0.012444850604311483,16148095.238095239,9.111614194878825e-05
2021-06-24,MSFT,0.05947107543034469,0.008647569682132959,22964038.095238097,0.08384248593496424
2021-06-25,AAPL,0.049349553781233846,0.010327179724550292,75361804.76190476,0.10262211836579849
2021-06-25,AMZN,0.04174375911042949,0.01147453285914652,62054095.23809524,0.06612752092607299
2021-06-25,GOOGL,0.02934905474232452,0.00842551548085351,25025428.57142857,0.07665982001721727
2021-06-25,JPM,-0.04807526348992086,0.012748959038716074,16263647.61904762,-0.01121243807841743
2021-06-25,MSFT,0.05379928278179724,0.008838761115393345,23337347.61904762,0.08120121687592174
2021-06-28,AAPL,0.0758301001662236,0.009976645294356608,73813504.76190476,0.07567874391979634
2021-06-28,AMZN,0.06618357314483991,0.011301854297203573,61750857.14285714,0.054133566871739314
2021-06-28,GOOGL,0.03726281215798011,0.00818734583748767,24706476.19047619,0.11064493695900746
2021-06-28,JPM,-0.06096770018689268,0.012124772759216593,16188328.57142857,-0.011377023767156658
2021-06-28,MSFT,0.07785493315906344,0.008783843509774502,23107052.38095238,0.06512360378073634
2021-06-29,AAPL,0.09405362629172065,0.00990385294685563,73491838.09523809,0.06829008397346681
2021-06-29,AMZN,0.06983090050179164,0.011246281445537137,61530476.190476194,0.04401796109609246
2021-06-29,GOOGL,0.03759263160185711,0.008179415502280022,24783904.76190476,0.11045000590849918
2021-06-29,JPM,-0.061495556881102864,0.012120177399839619,16390109.523809524,-0.0016756655696027467
2021-06-29,MSFT,0.08699163380765484,0.008875818226344583,23186461.904761903,0.055637472673587984
2021-06-30,AAPL,0.10202763853399466,0.009773714484365072,73283471.42857143,0.06498294143163852
2021-06-30,AMZN,0.06882078402013403,0.011267640082572196,61505714.28571428,-0.032722282722282725
2021-06-30,GOOGL,0.025453729883014864,0.007966824763611501,24837238.095238097,0.10350597018927021
2021-06-30,JPM,-0.06329454259117495,0.01201543060322987,16537042.857142856,-0.018550425488734756
2021-06-30,MSFT,0.0949878905969812,0.008469104790826092,23112328.57142857,0.051716572718323084
2021-07-01,AAPL,0.09763320262654673,0.009780217026307134,72959990.47619048,0.06010065702707368
2021-07-01,AMZN,0.06152774456650456,0.01132025307660188,61527238.0952381,-0.02956328456997126
2021-07-01,GOOGL,0.03302982035038671,0.007865890779063047,24692095.23809524,0.1013520891737758
2021-07-01,JPM,-0.054076998983884406,0.012330144840398766,16536128.57142857,-0.03207813023151995
2021-07-01,MSFT,0.09826153666786253,0.008409872820965624,22984642.85714286,0.04867430720657184
2021-07-02,AAPL,0.13291211279905535,0.009529311411559434,73084914.28571428,0.05287219133904619
2021-07-02,AMZN,0.10165328729888579,0.011370051490981541,62261619.047619045,-0.041224955299010935
2021-07-02,GOOGL,0.06712025133726329,0.008709258615047401,25039047.61904762,0.08280933195712126
2021-07-02,JPM,-0.055610939864571995,0.012313942754501471,16444204.761904761,-0.020124526785028518
2021-07-02,MSFT,0.12999060280463648,0.008863960725729278,23039419.04761905,0.0341079487794993
2021-07-06,AAPL,0.12812803687425345,0.009278326591997102,74656938.09523809,0.03471334459765063
2021-07-06,AMZN,0.14644033937481526,0.014643676091618936,66542666.666666664,-0.08733484908048506
2021-07-06,GOOGL,0.05440830435664279,0.007930235681702019,25131714.285714287,0.0708098781316242
2021-07-06,JPM,-0.07297510463976087,0.012645733679689262,16757185.714285715,-0.014145127725464834
2021-07-06,MSFT,0.10714190891884634,0.008264730986681127,23338680.95238095,0.03187327063491474
2021-07-07,AAPL,0.1482924918898163,0.009543638966939369,76269033.33333333,0.01722332768961543
2021-07-07,AMZN,0.15590006106359433,0.014494791944100673,69506761.90476191,-0.08672608570346141
2021-07-07,GOOGL,0.05294097014917232,0.007926480077960731,25128857.14285714,0.07730834475776782
2021-07-07,JPM,-0.0675175249631842,0.012683418939740655,16995500.0,-0.0028645530169171263
2021-07-07,MSFT,0.10291179388080507,0.008139567682696911,23347290.476190478,0.03425840620541809
2021-07-08,AAPL,0.1301879361293079,0.010150916658946803,77753400.0,0.02177429119607499
2021-07-08,AMZN,0.14316300287326778,0.014169441485743955,71186666.66666667,-0.10357211907597919
2021-07-08,GOOGL,0.04271119054463601,0.008442909065295707,25107428.57142857,0.08552598674639111
2021-07-08,JPM,-0.07994073685557501,0.013047349105881434,17350923.80952381,0.04346089699277078
2021-07-08,MSFT,0.09838816448386489,0.008423826777174244,23450319.04761905,0.04339995959910081
2021-07-09,AAPL,0.14143025040002222,0.010245574755041117,79801633.33333333,0.008261753745343103
2021-07-09,AMZN,0.13354769379125409,0.014326455138189262,72417809.52380952,-0.1014883816109462
2021-07-09,GOOGL,0.04253845351248131,0.00844108231058022,25140285.714285713,0.09077937286788251
2021-07-09,JPM,-0.03849496388625484,0.015039214312878444,17413642.85714286,0.010014783389540316
2021-07-09,MSFT,0.0960209479006715,0.008443126309892373,23735038.095238097,0.0373820645227847
2021-07-12,AAPL,0.14582527087078812,0.010008464714961356,80045123.8095238,0.009122076570276194
2021-07-12,AMZN,0.11013095413475771,0.013972391042507889,71556000.0,-0.10699605127474932
2021-07-12,GOOGL,0.04286425479047895,0.008458703563097025,24748095.23809524,0.07742815641120249
2021-07-12,JPM,-0.009286339219795714,0.015080057969329251,17786071.42857143,0.00797468152165659
2021-07-12,MSFT,0.07805953002559218,0.008237065215804272,23466852.38095238,0.03288621668409619
2021-07-13,AAPL,0.14361989442167866,0.009985555814604825,82297728.57142857,0.003011404998525702
2021-07-13,AMZN,0.09875905600610846,0.014362321432537538,72535523.8095238,-0.10476264137687274
2021-07-13,GOOGL,0.04799189119773306,0.008408596368058966,24618666.666666668,0.07018523577807745
2021-07-13,JPM,-0.02335162182214634,0.015410702357032178,18214066.666666668,0.035399829688333995
2021-07-13,MSFT,0.08953451303699156,0.00849163346725422,23805919.04761905,0.02124696112794955
2021-07-14,AAPL,0.14308681401758094,0.009942675274452088,83733171.42857143,-0.00024727693367354586
2021-07-14,AMZN,0.0880087191278347,0.014301414921379119,73227809.52380952,-0.10271939234071514
2021-07-14,GOOGL,0.04729864585234145,0.008388304243014176,24696952.38095238,0.06984725264125569
2021-07-14,JPM,-0.009875752320537945,0.014986844912910158,17961919.04761905,0.04299896973343942
2021-07-14,MSFT,0.08703660015174997,0.00845715527558793,23994642.85714286,0.025839769386931666
2021-07-15,AAPL,0.14532512065615055,0.009825099570560802,85831933.33333333,0.005680216205082411
2021-07-15,AMZN,0.07332561177141295,0.014800477026889029,73950761.90476191,-0.092870104639862
2021-07-15,GOOGL,0.046001550554194415,0.008469900726129737,24823428.57142857,0.08442593235635476
2021-07-15,JPM,0.0075773215402867855,0.014603388784327377,17345433.333333332,0.0290749158384922
2021-07-15,MSFT,0.08774581911590018,0.008420285412796331,24212038.095238097,0.042059321569869024
2021-07-16,AAPL,0.12477913940825891,0.010800442593205376,85900333.33333333,0.033857535474001166
2021-07-16,AMZN,0.04637438834158347,0.015310179179004393,73799238.09523809,-0.07685188245229257
2021-07-16,GOOGL,0.051315567947308516,0.008316360243201195,24535428.57142857,0.08930872715235583
2021-07-16,JPM,-0.022298401663710332,0.015366173458176615,16806457.14285714,0.04621142597345296
2021-07-16,MSFT,0.09079959996081066,0.008311500144983724,24162838.095238097,0.04933233865758724
2021-07-19,AAPL,0.08088636435236074,0.012791409608764326,87077138.09523809,0.0559146481092172
2021-07-19,AMZN,0.017296040019794345,0.014755508267769007,72511714.28571428,-0.08666634512041094
2021-07-19,GOOGL,0.023282582025706544,0.009405115966125968,24636666.666666668,0.09699535832772677
2021-07-19,JPM,-0.02598251688707165,0.0157151643769569,16446957.142857144,0.06831337357640765
2021-07-19,MSFT,0.061747640534409065,0.008840337074817106,24418557.14285714,0.05801232659437039
2021-07-20,AAPL,0.12026667214297393,0.013247643641657297,86476980.95238096,0.0029372185219183056
2021-07-20,AMZN,0.02474690338787222,0.014802449083229167,70614571.42857143,-0.10410023240124866
2021-07-20,GOOGL,0.05077393135170616,0.009129647620580968,23693619.04761905,0.07320766848382187
2021-07-20,JPM,0.0179339223203554,0.015255211350877592,15103600.0,0.03920894848839307
2021-07-20,MSFT,0.07666815464220744,0.008690926609447891,23897485.714285713,0.04284181980270474
2021-07-21,AAPL,0.09901720928839008,0.013288390297016284,86254609.52380952,0.010452739780495213
2021-07-21,AMZN,0.0379969457328615,0.014601408716995846,69702095.23809524,-0.11085851928794921
2021-07-21,GOOGL,0.047092922164101436,0.008931496457158048,23376095.23809524,0.06374800595005548
2021-07-21,JPM,0.022009545369989114,0.01549290316236152,14803214.285714285,0.009289351488648068
2021-07-21,MSFT,0.07146905354984012,0.008507672402508578,23786447.61904762,0.05663892830387418
2021-07-22,AAPL,0.09568605072008296,0.01321140441413205,86376257.14285715,0.010981355964583273
2021-07-22,AMZN,0.03782407471088556,0.014593913292409147,69626190.47619048,-0.12041685425426873
2021-07-22,GOOGL,0.04979107806438665,0.00897849947060641,22990952.38095238,0.07014431506778651
2021-07-22,JPM,0.010583339952310977,0.015776025408295726,14596647.61904762,0.02511116854953177
2021-07-22,MSFT,0.07769973837564925,0.008860987832811643,23724066.666666668,0.0657109769850861
2021-07-23,AAPL,0.11114440444296836,0.013220483241952798,86911171.42857143,0.00925118062761432
2021-07-23,AMZN,0.043615292566175023,0.014600109984182418,69267142.85714285,-0.10686585415317773
2021-07-23,GOOGL,0.0891530279767756,0.01150198458191124,24055619.04761905,0.052824853719156906
2021-07-23,JPM,0.00256827430863682,0.015734543654053943,14450590.476190476,0.04022823376995177
2021-07-23,MSFT,0.09198223280814966,0.008994013400738894,23878800.0,0.053727383861063904
2021-07-26,AAPL,0.11678249465741275,0.01312686129624703,87088461.90476191,0.005733121053937751
2021-07-26,AMZN,0.07269766398615451,0.014152143063941433,68379619.04761904,-0.10650245760943355
2021-07-26,GOOGL,0.09416312154927131,0.011524306406609284,24494190.476190478,0.05391505057049972
2021-07-26,JPM,9.111614194878825e-05,0.0156728494305681,14187485.714285715,0.03969656413974865
2021-07-26,MSFT,0.08384248593496424,0.009095602111584512,23961142.85714286,0.04895117535704352
2021-07-27,AAPL,0.10262211836579849,0.013767958765830647,88709171.42857143,0.012347741504769694
2021-07-27,AMZN,0.06612752092607299,0.014575280988666091,68561428.57142857,-0.09023024996728513
2021-07-27,GOOGL,0.07665982001721727,0.012323018668084787,25452095.23809524,0.07717200042930306
2021-07-27,JPM,-0.01121243807841743,0.015506627080238347,13984333.333333334,0.0625289797892481
2021-07-27,MSFT,0.08120121687592174,0.009244754925544258,24341761.904761903,0.05600696821032014
2021-07-28,AAPL,0.07567874391979634,0.01412183769058543,91414880.95238096,0.01918250700948332
2021-07-28,AMZN,0.054133566871739314,0.014422227496834472,69282000.0,-0.08658191486043898
2021-07-28,GOOGL,0.11064493695900746,0.013736152371439275,28623714.285714287,0.03928552227309945
2021-07-28,JPM,-0.011377023767156658,0.015505465397629028,13750595.238095239,0.06624913738250782
2021-07-28,MSFT,0.06512360378073634,0.00899541467904391,25007328.57142857,0.046965766052964764
2021-07-29,AAPL,0.06829008397346681,0.014007803222515394,91040757.14285715,0.021852991411799527
2021-07-29,AMZN,0.04401796109609246,0.01461915767114036,72540666.66666667,-0.06952652112736468
2021-07-29,GOOGL,0.11045000590849918,0.013740826018136629,29033619.04761905,0.06058831424212019
2021-07-29,JPM,-0.0016756655696027467,0.01562716642510658,13490347.61904762,0.06568623772250493
2021-07-29,MSFT,0.055637472673587984,0.008862305421747364,24923066.666666668,0.04814574785693693
2021-07-30,AAPL,0.06498294143163852,0.014008957860487553,91382623.8095238,0.05134651942821833
2021-07-30,AMZN,-0.032722282722282725,0.022418289060483855,79742190.47619048,0.02824269269368873
2021-07-30,GOOGL,0.10350597018927021,0.01395635469618804,29086095.23809524,0.07321503522268902
2021-07-30,JPM,-0.018550425488734756,0.015576661080633583,13360547.61904762,0.05705632592273924
2021-07-30,MSFT,0.051716572718323084,0.00899160687267745,24889176.19047619,0.0676045729163719
2021-08-02,AAPL,0.06010065702707368,0.014058402422032911,91877585.71428572,0.04492494242303757
2021-08-02,AMZN,-0.02956328456997126,0.02242410532568611,80996285.71428572,0.04181624781502369
2021-08-02,GOOGL,0.1013520891737758,0.013976099652873619,29253904.76190476,0.07298960993863735
2021-08-02,JPM,-0.03207813023151995,0.015394721142900724,13347395.238095239,0.05808007234900581
2021-08-02,MSFT,0.04867430720657184,0.009011565924326177,24867371.42857143,0.06192648928641309
2021-08-03,AAPL,0.05287219133904619,0.01372285078684188,91207776.1904762,0.036498979686332644
2021-08-03,AMZN,-0.041224955299010935,0.0219237650218087,81937142.85714285,0.03349731811672996
2021-08-03,GOOGL,0.08280933195712126,0.013341051968617311,29005333.333333332,0.07067389918502998
2021-08-03,JPM,-0.020124526785028518,0.015647242754855094,13298385.714285715,0.04467302220101432
2021-08-03,MSFT,0.0341079487794993,0.00790264966070525,24458847.61904762,0.05324495236844018
2021-08-04,AAPL,0.03471334459765063,0.013475830229399448,88740466.66666667,0.0471603615418037
2021-08-04,AMZN,-0.08733484908048506,0.01887298927189449,77593428.57142857,0.032312763344118034
2021-08-04,GOOGL,0.0708098781316242,0.01341413343511207,28684952.38095238,0.060399479623607144
2021-08-04,JPM,-0.014145127725464834,0.015394361140747173,13063700.0,0.06096283195878027
2021-08-04,MSFT,0.03187327063491474,0.00793840222569605,23726738.095238097,0.05310979624374346
2021-08-05,AAPL,0.01722332768961543,0.01295177819216045,85954090.47619048,0.05080385817833344
2021-08-05,AMZN,-0.08672608570346141,0.01889102748695559,74836666.66666667,0.030231113486314687
2021-08-05,GOOGL,0.07730834475776782,0.013454855792763972,28390190.476190478,0.054957089769491096
2021-08-05,JPM,-0.0028645530169171263,0.015659733561489468,12915114.285714285,0.04139739860946179
2021-08-05,MSFT,0.03425840620541809,0.00805149393191868,23281033.333333332,0.04212686245663977
2021-08-06,AAPL,0.02177429119607499,0.01281445333873694,83504152.38095239,0.0721912316478528
2021-08-06,AMZN,-0.10357211907597919,0.018658474661614244,72414761.90476191,0.0491339101639412
2021-08-06,GOOGL,0.08552598674639111,0.013132817896937895,28232952.38095238,0.06292996510290005
2021-08-06,JPM,0.04346089699277078,0.016303579679669892,12700552.38095238,0.01085744751445028
2021-08-06,MSFT,0.04339995959910081,0.007693671119025583,22898685.714285713,0.039020027423488646
2021-08-09,AAPL,0.008261753745343103,0.012519844705952214,81076433.33333333,0.061742679705652614
2021-08-09,AMZN,-0.1014883816109462,0.01867640549381038,70890952.38095239,0.05494820394059152
2021-08-09,GOOGL,0.09077937286788251,0.013171806562624976,28191428.57142857,0.04950589846956954
2021-08-09,JPM,0.010014783389540316,0.014804980084856256,12501619.047619049,0.007436776354959651
2021-08-09,MSFT,0.0373820645227847,0.007802936953902196,22527300.0,0.043196301330372444
2021-08-10,AAPL,0.009122076570276194,0.012505361537306088,80729928.57142857,0.05817311039652595
2021-08-10,AMZN,-0.10699605127474932,0.01864718313188563,70739523.8095238,0.049230857173526044
2021-08-10,GOOGL,0.07742815641120249,0.013101895838340098,28274571.42857143,0.04922290964885545
2021-08-10,JPM,0.00797468152165659,0.014716417897523936,11964790.476190476,-0.0004395266966322753
2021-08-10,MSFT,0.03288621668409619,0.007969297666174222,22512295.23809524,0.03972605482240277
2021-08-11,AAPL,0.003011404998525702,0.012395655604471244,78237852.38095239,0.02132146902920251
2021-08-11,AMZN,-0.10476264137687274,0.018616007392376434,69883619.04761904,0.05377709155690624
2021-08-11,GOOGL,0.07018523577807745,0.013203552277151342,28089428.57142857,0.033732357710160255
2021-08-11,JPM,0.035399829688333995,0.014478516253696892,11321209.523809524,-0.0235790872406485
2021-08-11,MSFT,0.02124696112794955,0.007512881664063056,21933047.61904762,0.032500671710229856
2021-08-12,AAPL,-0.00024727693367354586,0.01209267029655405,75629842.85714285,0.004432542422318386
2021-08-12,AMZN,-0.10271939234071514,0.018661045455363564,68947904.76190476,0.046517342547637064
2021-08-12,GOOGL,0.06984725264125569,0.013199260000540596,27744857.14285714,0.03745409478761097
2021-08-12,JPM,0.04299896973343942,0.014436012610715117,11046038.095238095,-0.01192886098397039
2021-08-12,MSFT,0.025839769386931666,0.007708047861020343,21525790.476190478,0.02673683039473529
2021-08-13,AAPL,0.005680216205082411,0.012050149979533036,73370542.85714285,-0.006573033690181473
2021-08-13,AMZN,-0.092870104639862,0.018556902764211482,67873047.61904761,0.047368363026478066
2021-08-13,GOOGL,0.08442593235635476,0.01286355431324613,27351047.61904762,0.034974717677940914
2021-08-13,JPM,0.0290749158384922,0.0147244086406556,10924209.523809524,-0.018189398244163213
2021-08-13,MSFT,0.042059321569869024,0.007810134395484471,21318400.0,0.025658482201137423
2021-08-16,AAPL,0.033857535474001166,0.011904799179769956,73848857.14285715,-0.013830293165071783
2021-08-16,AMZN,-0.07685188245229257,0.01841028706806316,67183523.8095238,0.053592232470839773
2021-08-16,GOOGL,0.08930872715235583,0.01282716218977867,27444380.95238095,0.04424838291560551
2021-08-16,JPM,0.04621142597345296,0.013779270875632767,10674357.142857144,-0.0048448327206388475
2021-08-16,MSFT,0.04933233865758724,0.007824900664404265,21143200.0,0.03667196893775393
2021-08-17,AAPL,0.0559146481092172,0.010145793062459019,72458147.61904761,-0.00932135040159121
2021-08-17,AMZN,-0.08666634512041094,0.01864179761771616,66805714.28571428,0.07596635871020707
2021-08-17,GOOGL,0.09699535832772677,0.012283961943542194,27146666.666666668,0.050844888076028605
2021-08-17,JPM,0.06831337357640765,0.011777479926616635,10063609.523809524,0.00687857091015176
2021-08-17,MSFT,0.05801232659437039,0.0071854740175694735,20530804.76190476,0.04341606310415136
2021-08-18,AAPL,0.0029372185219183056,0.010441017358701036,71980814.28571428,-0.0020494650697356898
2021-08-18,AMZN,-0.10410023240124866,0.01855739594542877,66375809.52380952,0.08162514330645187
2021-08-18,GOOGL,0.07320766848382187,0.012448635828831905,26810761.904761903,0.03950557220115658
2021-08-18,JPM,0.03920894848839307,0.011513990569648429,9715052.38095238,0.013497574440114013
2021-08-18,MSFT,0.04284181980270474,0.007311044526731173,20319057.14285714,0.03143789693029997
2021-08-19,AAPL,0.010452739780495213,0.010377508018267992,72550661.90476191,-0.025630703438829783
2021-08-19,AMZN,-0.11085851928794921,0.018459099740043537,67770000.0,0.05269548889347764
2021-08-19,GOOGL,0.06374800595005548,0.012343415887840012,26860095.23809524,0.02240197072947203
2021-08-19,JPM,0.009289351488648068,0.010837188420563198,9579861.904761905,-0.008555450259277286
2021-08-19,MSFT,0.05663892830387418,0.008314887121984672,20580304.76190476,-0.00832268554606408
2021-08-20,AAPL,0.010981355964583273,0.010401233170518403,71751204.76190476,-0.03212109548485731
2021-08-20,AMZN,-0.12041685425426873,0.01801188661891725,67858571.42857143,0.04490073811731832
2021-08-20,GOOGL,0.07014431506778651,0.01250675183726043,27664476.19047619,0.011667752410867704
2021-08-20,JPM,0.02511116854953177,0.01041837418226718,9439900.0,-0.011246106813817658
2021-08-20,MSFT,0.0657109769850861,0.009227730287965454,21410471.42857143,-0.031409847616118314
2021-08-23,AAPL,0.00925118062761432,0.010312668685692375,71212366.66666667,-0.025783110598570302
2021-08-23,AMZN,-0.10686585415317773,0.01878697780783518,68650761.90476191,0.034961584727073225
2021-08-23,GOOGL,0.052824853719156906,0.010741658927354462,27042952.38095238,0.0017280351986801445
2021-08-23,JPM,0.04022823376995177,0.010687173134731132,9357447.61904762,-0.0050415676068411575
2021-08-23,MSFT,0.053727383861063904,0.008987739657739724,21413428.57142857,-0.019924458838605053
2021-08-24,AAPL,0.005733121053937751,0.010300109276639923,70077714.28571428,-0.018647325245433444
2021-08-24,AMZN,-0.10650245760943355,0.01880581105113818,68319047.61904761,0.03334161098484367
2021-08-24,GOOGL,0.05391505057049972,0.010769096347269974,26504666.666666668,-0.0003220125511834704
2021-08-24,JPM,0.03969656413974865,0.010676272822196324,9331871.42857143,0.022261780295349087
2021-08-24,MSFT,0.04895117535704352,0.00915791927070561,21175319.04761905,-0.01011180323672689
2021-08-25,AAPL,0.012347741504769694,0.009911011178443304,67895461.90476191,-0.009706165167406744
2021-08-25,AMZN,-0.09023024996728513,0.01851050428784664,65984190.47619048,0.038294372279155775
2021-08-25,GOOGL,0.07717200042930306,0.009913773540181598,24654095.23809524,0.0009575521013183153
2021-08-25,JPM,0.0625289797892481,0.011393279824917656,9337409.523809524,0.013174217142149836
2021-08-25,MSFT,0.05600696821032014,0.008868408070837303,20527795.23809524,-0.008807698357731097
2021-08-26,AAPL,0.01918250700948332,0.009580776054825825,64546223.809523806,-0.014708026399206653
2021-08-26,AMZN,-0.08658191486043898,0.018589698006901564,65126476.190476194,0.02708076086689437
2021-08-26,GOOGL,0.03928552227309945,0.0076578245031802775,21105523.80952381,-0.0026054032248929992
2021-08-26,JPM,0.06624913738250782,0.011398928169498744,9423609.523809524,0.03233398935182463
2021-08-26,MSFT,0.046965766052964764,0.009237966819725503,19770614.285714287,-0.016450124953672596
2021-08-27,AAPL,0.021852991411799527,0.009647261731495653,64503504.76190476,-0.045020323095582904
2021-08-27,AMZN,-0.06952652112736468,0.01881616628698588,62157333.333333336,-0.010051869212180486
2021-08-27,GOOGL,0.06058831424212019,0.008365880825457224,20965714.285714287,-0.056762636879042816
2021-08-27,JPM,0.06568623772250493,0.011386788291646084,9410119.047619049,0.018583253235389563
2021-08-27,MSFT,0.04814574785693693,0.009233613270058246,19981919.04761905,-0.05405042682250161
2021-08-30,AAPL,0.05134651942821833,0.011581069164997963,65480461.9047619,-0.06720222172114121
2021-08-30,AMZN,0.02824269269368873,0.010004131765909731,55706476.190476194,-0.03520317565393816
2021-08-30,GOOGL,0.07321503522268902,0.008008504036116335,20911333.333333332,-0.0707999296441093
2021-08-30,JPM,0.05705632592273924,0.011900610526710206,9321185.714285715,0.034343064407149404
2021-08-30,MSFT,0.0676045729163719,0.00932904695847085,19763028.57142857,-0.06452791403065317
2021-08-31,AAPL,0.04492494242303757,0.011781488505671562,66602990.47619048,-0.06803677508684458
2021-08-31,AMZN,0.04181624781502369,0.01039848100098662,56661238.0952381,-0.05351810876292584
2021-08-31,GOOGL,0.07298960993863735,0.008011851460720603,20950095.23809524,-0.07616940591636201
2021-08-31,JPM,0.05808007234900581,0.01187516284004918,9422976.19047619,0.023382428761502094
2021-08-31,MSFT,0.06192648928641309,0.00949872901424946,20240071.42857143,-0.0661188886101054
2021-09-01,AAPL,0.036498979686332644,0.011550681112675005,67342376.1904762,-0.06465139561768563
2021-09-01,AMZN,0.03349731811672996,0.010218947536821683,56158952.38095238,-0.05626330977394978
2021-09-01,GOOGL,0.07067389918502998,0.007993867514823656,21006000.0,-0.0597215252096156
2021-09-01,JPM,0.04467302220101432,0.011738604315198351,9343695.238095239,0.04639360035407303
2021-09-01,MSFT,0.05324495236844018,0.009444649816434558,20292680.95238095,-0.04217581637519652
2021-09-02,AAPL,0.0471603615418037,0.01156535178149801,68044623.8095238,-0.09443568540986935
2021-09-02,AMZN,0.032312763344118034,0.010250118809643239,56863523.809523806,-0.07892886751724015
2021-09-02,GOOGL,0.060399479623607144,0.008657574476390588,21609142.85714286,-0.06719026336755662
2021-09-02,JPM,0.06096283195878027,0.01136503933635873,9279804.761904761,0.0404460291418407
2021-09-02,MSFT,0.05310979624374346,0.009447836172735126,20297171.42857143,-0.05990369422727093
2021-09-03,AAPL,0.05080385817833344,0.011567553816184012,68588004.76190476,-0.08548278922920705
2021-09-03,AMZN,0.030231113486314687,0.010212348019589411,56998952.38095238,-0.07390631852207896
2021-09-03,GOOGL,0.054957089769491096,0.00856633931670708,21703428.57142857,-0.05368395479437682
2021-09-03,JPM,0.04139739860946179,0.011294702757698834,9223052.38095238,0.06386800257177283
2021-09-03,MSFT,0.04212686245663977,0.009280263763212683,20337538.095238097,-0.041110703758126976
2021-09-07,AAPL,0.0721912316478528,0.011780349630813727,69928552.38095239,-0.09375207170019595
2021-09-07,AMZN,0.0491339101639412,0.010031918141960784,57094476.190476194,-0.07046438978016023
2021-09-07,GOOGL,0.06292996510290005,0.008443931329319762,21686095.23809524,-0.04654489859541089
2021-09-07,JPM,0.01085744751445028,0.009551702662206268,9030519.047619049,0.0680138854962471
2021-09-07,MSFT,0.039020027423488646,0.009338444407013176,20365685.714285713,-0.023552556925917845
2021-09-08,AAPL,0.061742679705652614,0.01212155541265513,71143385.71428572,-0.07620427740834046
2021-09-08,AMZN,0.05494820394059152,0.010014917071904725,57956571.428571425,-0.06327322958654846
2021-09-08,GOOGL,0.04950589846956954,0.008470864558307182,21713904.76190476,-0.03108048321165713
2021-09-08,JPM,0.007436776354959651,0.009608977335716144,8951271.42857143,0.07958927156449214
2021-09-08,MSFT,0.043196301330372444,0.009255265450708509,20314695.23809524,-0.017854050377778763
2021-09-09,AAPL,0.05817311039652595,0.012229934062557691,70585414.28571428,-0.07249952302143758
2021-09-09,AMZN,0.049230857173526044,0.010319558946215508,58248571.428571425,-0.05612252718449284
2021-09-09,GOOGL,0.04922290964885545,0.008476016078818965,21518666.666666668,-0.026163411809689507
2021-09-09,JPM,-0.0004395266966322753,0.009269339946087187,8914952.38095238,0.07573187901313716
2021-09-09,MSFT,0.03972605482240277,0.009435346778277086,20377095.23809524,-0.008074008391722676
2021-09-10,AAPL,0.02132146902920251,0.014524289923422478,74985400.0,-0.04135071149771574
2021-09-10,AMZN,0.05377709155690624,0.010132634508842202,57724857.14285714,-0.06423764643559293
2021-09-10,GOOGL,0.033732357710160255,0.009551828467330294,22541904.76190476,-0.013927291514609808
2021-09-10,JPM,-0.0235790872406485,0.009173415727480297,8874719.047619049,0.0653543855669958
2021-09-10,MSFT,0.032500671710229856,0.009561166375937354,20647452.38095238,-0.005004844837766531
2021-09-13,AAPL,0.004432542422318386,0.0138320195750691,76419766.66666667,-0.0537610506298275
2021-09-13,AMZN,0.046517342547637064,0.0102134449728558,57967619.047619045,-0.06069706769369698
2021-09-13,GOOGL,0.03745409478761097,0.009680276466368761,22808000.0,-0.04133603362865512
2021-09-13,JPM,-0.01192886098397039,0.009847769005999206,8932271.42857143,0.04063796330119818
2021-09-13,MSFT,0.02673683039473529,0.009391169001463156,21080385.714285713,-0.013838776519048523
2021-09-14,AAPL,-0.006573033690181473,0.013994352504581285,78796971.42857143,-0.04867654198888416
2021-09-14,AMZN,0.047368363026478066,0.010194708694190532,57853523.809523806,-0.04803475642549815
2021-09-14,GOOGL,0.034974717677940914,0.009668507799661682,22985428.57142857,-0.03481359969050346
2021-09-14,JPM,-0.018189398244163213,0.01027267958456782,9061066.666666666,0.031197048901919988
2021-09-14,MSFT,0.025658482201137423,0.009341964133220767,21252023.80952381,-0.011608415106563519
2021-09-15,AAPL,-0.013830293165071783,0.01372071484968586,77843890.47619048,-0.03536195596960534
2021-09-15,AMZN,0.053592232470839773,0.01025589023073624,57508571.428571425,-0.050615880336475794
2021-09-15,GOOGL,0.04424838291560551,0.009981176753884753,23224666.666666668,-0.022699707512026324
2021-09-15,JPM,-0.0048448327206388475,0.010317936072227522,9200861.904761905,0.039801799526475
2021-09-15,MSFT,0.03667196893775393,0.00989625211743154,21530533.333333332,-0.006791197158047657
2021-09-16,AAPL,-0.00932135040159121,0.013664008989486207,76691719.04761904,-0.02654773280128664
2021-09-16,AMZN,0.07596635871020707,0.009194950522691531,56742571.428571425,-0.022710584575248216
2021-09-16,GOOGL,0.050844888076028605,0.009629323336332884,23437714.285714287,-0.015611965916661474
2021-09-16,JPM,0.00687857091015176,0.00995290410340229,9273895.238095239,0.060243710273041096
2021-09-16,MSFT,0.04341606310415136,0.009769857771514363,21505557.14285714,-0.0033091063506337504
2021-09-17,AAPL,-0.0020494650697356898,0.013082643595611156,78765185.71428572,0.0033547055097458145
2021-09-17,AMZN,0.08162514330645187,0.008801745936429427,58468571.428571425,-0.004557382672603305
2021-09-17,GOOGL,0.03950557220115658,0.010499295929172514,25062761.904761903,0.014048151242641138
2021-09-17,JPM,0.013497574440114013,0.009741912148535637,10107995.238095239,0.06261804936471727
2021-09-17,MSFT,0.03143789693029997,0.01053533573906726,22436961.904761903,0.024744300727412405
2021-09-20,AAPL,-0.025630703438829783,0.013868222251191605,80504166.66666667,0.04071643216771714
2021-09-20,AMZN,0.05269548889347764,0.011511948909199023,59312571.428571425,0.02634899276613356
2021-09-20,GOOGL,0.02240197072947203,0.011112621392377585,26240666.666666668,0.032565692602283924
2021-09-20,JPM,-0.008555450259277286,0.011686836380229161,10408100.0,0.10869355827721483
2021-09-20,MSFT,-0.00832268554606408,0.010439718728796708,22838304.76190476,0.047332595013640955
2021-09-21,AAPL,-0.03212109548485731,0.013670393430899035,81231995.23809524,0.04064724609882231
2021-09-21,AMZN,0.04490073811731832,0.011583528501713911,58762571.428571425,0.02136302530564982
2021-09-21,GOOGL,0.011667752410867704,0.010786489417417135,25961523.80952381,0.019678631652887635
2021-09-21,JPM,-0.011246106813817658,0.011664692033608298,10504566.666666666,0.12347678353834302
2021-09-21,MSFT,-0.031409847616118314,0.008616480648402737,21959566.666666668,0.04277458255999678
2021-09-22,AAPL,-0.025783110598570302,0.014025618925421184,82006876.1904762,0.024888407880926833
2021-09-22,AMZN,0.034961584727073225,0.010989176933387586,57946666.666666664,0.016260120761144137
2021-09-22,GOOGL,0.0017280351986801445,0.010134187331274646,25799714.285714287,0.011423350931595078
2021-09-22,JPM,-0.0050415676068411575,0.012100511133580375,10661785.714285715,0.09371687204933177
2021-09-22,MSFT,-0.019924458838605053,0.009156611786792503,22140333.333333332,0.04079310778898826
2021-09-23,AAPL,-0.018647325245433444,0.0141304920917759,82779819.04761904,0.012667415042699304
2021-09-23,AMZN,0.03334161098484367,0.010918517581812736,57782476.190476194,-0.023550975655710293
2021-09-23,GOOGL,-0.0003220125511834704,0.01005651009653404,25879904.76190476,-0.025843477232662337
2021-09-23,JPM,0.022261780295349087,0.014152401479764076,10883938.095238095,0.07218713217903638
2021-09-23,MSFT,-0.01011180323672689,0.009101628544832766,22160752.38095238,0.03204699455930138
2021-09-24,AAPL,-0.009706165167406744,0.014024001239419917,82517276.1904762,0.011706763063987546
2021-09-24,AMZN,0.038294372279155775,0.01088915121008149,58197619.047619045,-0.030696112089505068
2021-09-24,GOOGL,0.0009575521013183153,0.010097181584348027,26219714.285714287,-0.03352667159210043
2021-09-24,JPM,0.013174217142149836,0.013658214641032703,10825242.857142856,0.054772221504540086
2021-09-24,MSFT,-0.008807698357731097,0.009094797970940031,21922319.04761905,0.029330381436874164
2021-09-27,AAPL,-0.014708026399206653,0.014158538981939691,83734109.52380952,0.0271723052423134
2021-09-27,AMZN,0.02708076086689437,0.010984371291956533,59660190.47619048,-0.008729203301934385
2021-09-27,GOOGL,-0.0026054032248929992,0.010206701807908914,26280285.714285713,-0.012500560975804209
2021-09-27,JPM,0.03233398935182463,0.01456717917600123,10929690.476190476,0.032655396157886596
2021-09-27,MSFT,-0.016450124953672596,0.009622001549306907,22203538.095238097,0.05418629754242654
2021-09-28,AAPL,-0.045020323095582904,0.01490078233294125,86266009.52380952,0.0489044400054679
2021-09-28,AMZN,-0.010051869212180486,0.01232842571889345,61592000.0,0.023079242293528424
2021-09-28,GOOGL,-0.056762636879042816,0.012210714198842844,27089428.57142857,0.07647445872835612
2021-09-28,JPM,0.018583253235389563,0.01456598418436089,11149104.761904761,0.01662629587734843
2021-09-28,MSFT,-0.05405042682250161,0.01231038018669634,23183561.904761903,0.13984893848132085
2021-09-29,AAPL,-0.06720222172114121,0.013096553821081318,85487214.28571428,0.06819299515770583
2021-09-29,AMZN,-0.03520317565393816,0.01128121323582347,60992095.23809524,0.04406084434751989
2021-09-29,GOOGL,-0.0707999296441093,0.012231257778181426,27394857.14285714,0.08556173214958274
2021-09-29,JPM,0.034343064407149404,0.014047995102962483,11141461.904761905,0.03276023527457683
2021-09-29,MSFT,-0.06452791403065317,0.011839346078911234,23660019.04761905,0.14207751164468352
2021-09-30,AAPL,-0.06803677508684458,0.013115583055332468,85611195.23809524,0.058657476419717414
2021-09-30,AMZN,-0.05351810876292584,0.010679749036707839,59550190.47619048,0.02660245759664326
2021-09-30,GOOGL,-0.07616940591636201,0.012198003976058648,28135238.095238097,0.10749905709960506
2021-09-30,JPM,0.023382428761502094,0.014411326668748722,11180528.57142857,0.044130354955350004
2021-09-30,MSFT,-0.0661188886101054,0.011863134177816047,23948509.523809522,0.17629093794912154
2021-10-01,AAPL,-0.06465139561768563,0.013246836434498834,86293380.95238096,0.04423432857803533
2021-10-01,AMZN,-0.05626330977394978,0.010631430841378351,58793714.28571428,0.010614498968544828
2021-10-01,GOOGL,-0.0597215252096156,0.013303783556399688,28774476.19047619,0.050928945794366465
2021-10-01,JPM,0.04639360035407303,0.015025681700606017,11302200.0,0.022097509101372204
2021-10-01,MSFT,-0.04217581637519652,0.013407539541227094,24477200.0,0.13929438623027823
2021-10-04,AAPL,-0.09443568540986935,0.013805158147745033,87588928.57142857,0.07819468984758982
2021-10-04,AMZN,-0.07892886751724015,0.012029268169997203,60316952.38095238,0.038551239247432534
2021-10-04,GOOGL,-0.06719026336755662,0.013714810738342588,29672571.42857143,0.0880818278972213
2021-10-04,JPM,0.0404460291418407,0.015032428277121389,11554900.0,0.027237233178122544
2021-10-04,MSFT,-0.05990369422727093,0.014019092739868627,25194585.714285713,0.17668054909730513
2021-10-05,AAPL,-0.08548278922920705,0.014285110943509658,88686661.90476191,0.07355921962522283
2021-10-05,AMZN,-0.07390631852207896,0.01227167993342209,60977428.571428575,0.05060536319186015
2021-10-05,GOOGL,-0.05368395479437682,0.014401412458667126,30270380.95238095,0.07774448989991933
2021-10-05,JPM,0.06386800257177283,0.015225639701420862,11761242.857142856,0.011087333644643982
2021-10-05,MSFT,-0.041110703758126976,0.014872144791452374,25682447.61904762,0.15667001394005942
2021-10-06,AAPL,-0.09375207170019595,0.013785776614834206,88731557.14285715,0.06309831733560545
2021-10-06,AMZN,-0.07046438978016023,0.012488930237090606,60782285.71428572,0.06590729083500602
2021-10-06,GOOGL,-0.04654489859541089,0.014659238397172283,30472285.714285713,0.0777996255520419
2021-10-06,JPM,0.0680138854962471,0.015187704095274056,11733004.761904761,-0.004319133647140316
2021-10-06,MSFT,-0.023552556925917845,0.015319208864414546,26197790.476190478,0.14782838118844532
2021-10-07,AAPL,-0.07620427740834046,0.014035813701848851,88127390.47619048,0.057302091443198755
2021-10-07,AMZN,-0.06327322958654846,0.012848387212597831,60168666.666666664,0.06557587773045692
2021-10-07,GOOGL,-0.03108048321165713,0.014973763448125062,30794476.19047619,0.06914705233150897
2021-10-07,JPM,0.07958927156449214,0.015096165005340691,11844561.904761905,-0.011993567562372687
2021-10-07,MSFT,-0.017854050377778763,0.015393347030277152,26454157.14285714,0.13976605128365516
2021-10-08,AAPL,-0.07249952302143758,0.01401969537715926,88197271.42857143,0.054300519473382325
2021-10-08,AMZN,-0.05612252718449284,0.012697620364526286,59482000.0,0.0609252840764094
2021-10-08,GOOGL,-0.026163411809689507,0.015020499098978865,31328380.95238095,0.06614076098521249
2021-10-08,JPM,0.07573187901313716,0.015109440550086794,11858171.42857143,-0.0068147788213634986
2021-10-08,MSFT,-0.008074008391722676,0.015251121418178986,26347428.57142857,0.14291987798387606
2021-10-11,AAPL,-0.04135071149771574,0.012271280174999306,84557223.8095238,0.05755985964248089
2021-10-11,AMZN,-0.06423764643559293,0.012888844685611594,59136190.47619048,0.10163256772565221
2021-10-11,GOOGL,-0.013927291514609808,0.014539051333196783,30429047.61904762,0.07201952882517659
2021-10-11,JPM,0.0653543855669958,0.015716610747738845,12041176.19047619,0.006841015851966947
2021-10-11,MSFT,-0.005004844837766531,0.015216361003230094,26331485.714285713,0.1417939562820718
2021-10-12,AAPL,-0.0537610506298275,0.012290243909659274,83158728.57142857,0.04682246923999345
2021-10-12,AMZN,-0.06069706769369698,0.012909582746434336,58422476.190476194,0.07228087302415953
2021-10-12,GOOGL,-0.04133603362865512,0.014775488196753738,31107047.61904762,0.0692159308957192
2021-10-12,JPM,0.04063796330119818,0.015601664020883765,12183071.42857143,0.013667260931558234
2021-10-12,MSFT,-0.013838776519048523,0.015210191850360433,26061066.666666668,0.12947279930245514
2021-10-13,AAPL,-0.04867654198888416,0.012193028582706322,81704747.61904761,0.05092482290353595
2021-10-13,AMZN,-0.04803475642549815,0.013280903761553858,58882666.666666664,0.05730933552897444
2021-10-13,GOOGL,-0.03481359969050346,0.014927754070964241,31106095.23809524,0.059488216199948374
2021-10-13,JPM,0.031197048901919988,0.016264944150295328,12710114.285714285,0.041056050658112575
2021-10-13,MSFT,-0.011608415106563519,0.015293029847864795,26135490.476190478,0.1218992324803918
2021-10-14,AAPL,-0.03536195596960534,0.013038643116087656,81067880.95238096,0.0448586770757442
2021-10-14,AMZN,-0.050615880336475794,0.013193912330067881,58075047.61904762,0.06827266227509332
2021-10-14,GOOGL,-0.022699707512026324,0.015791246776620083,31319714.285714287,0.0533259007667235
2021-10-14,JPM,0.039801799526475,0.01650469913340191,12876080.952380951,0.02073775747518436
2021-10-14,MSFT,-0.006791197158047657,0.015607073885949738,26083423.80952381,0.11220477713177779
2021-10-15,AAPL,-0.02654773280128664,0.013190479648709511,81063414.28571428,0.03713720979213586
2021-10-15,AMZN,-0.022710584575248216,0.015268309600106694,60547714.28571428,0.04008772252568038
2021-10-15,GOOGL,-0.015611965916661474,0.01576230252397024,31514190.476190478,0.050110358486380235
2021-10-15,JPM,0.060243710273041096,0.016911934089576194,13037342.857142856,-0.0003003194466281167
2021-10-15,MSFT,-0.0033091063506337504,0.01564292835917765,26361233.333333332,0.10473015242867056
2021-10-18,AAPL,0.0033547055097458145,0.012867447035224815,78954861.90476191,0.03186866784254372
2021-10-18,AMZN,-0.004557382672603305,0.015411862864551597,59173904.76190476,0.027260529623938767
2021-10-18,GOOGL,0.014048151242641138,0.015299156201325777,29943333.333333332,0.03570586276815213
2021-10-18,JPM,0.06261804936471727,0.016882483951385977,12422642.857142856,-0.007145140905815528
2021-10-18,MSFT,0.024744300727412405,0.015256354220667007,25473461.904761903,0.10485190913725839
2021-10-19,AAPL,0.04071643216771714,0.012251304865811429,76712004.76190476,0.03330183693911826
2021-10-19,AMZN,0.02634899276613356,0.01371678007164436,56999619.047619045,0.030442881673070188
2021-10-19,GOOGL,0.032565692602283924,0.014882742514596321,28688380.95238095,0.03358083757120345
2021-10-19,JPM,0.10869355827721483,0.01518569601316975,12052833.333333334,-0.024322318595148218
2021-10-19,MSFT,0.047332595013640955,0.014563620935698037,24492671.42857143,0.10222993658006918
2021-10-20,AAPL,0.04064724609882231,0.01225091765274561,75882709.52380952,0.05922824764060075
2021-10-20,AMZN,0.02136302530564982,0.013843929193334957,56389047.61904762,0.08228252095600275
2021-10-20,GOOGL,0.019678631652887635,0.015105071184835811,28591047.61904762,0.05692019086434952
2021-10-20,JPM,0.12347678353834302,0.015249052827274345,12014057.142857144,-0.045598462719035004
2021-10-20,MSFT,0.04277458255999678,0.014603726092810375,24215195.23809524,0.11217709581604818
2021-10-21,AAPL,0.024888407880926833,0.011765607205008351,75169219.04761904,0.07562419872214177
2021-10-21,AMZN,0.016260120761144137,0.013708485025755385,55884285.71428572,0.07032295498843677
2021-10-21,GOOGL,0.011423350931595078,0.014994706171830251,28649904.76190476,0.049620822599780734
2021-10-21,JPM,0.09371687204933177,0.015193446785086398,11879723.80952381,-0.050619268794925065
2021-10-21,MSFT,0.04079310778898826,0.014538961538354288,23752900.0,0.10611971672239728
2021-10-22,AAPL,0.012667415042699304,0.011777586221594727,74885657.14285715,0.08450491280595362
2021-10-22,AMZN,-0.023550975655710293,0.014961623423580015,56607809.52380952,0.07105873505136806
2021-10-22,GOOGL,-0.025843477232662337,0.016373843931209327,30061142.85714286,0.06350015234178041
2021-10-22,JPM,0.07218713217903638,0.013809291643160897,11712190.476190476,-0.043252947104267636
2021-10-22,MSFT,0.03204699455930138,0.014618175834627455,23697885.714285713,0.10121522408326444
2021-10-25,AAPL,0.011706763063987546,0.011779620931929965,74754357.14285715,0.08749733722106079
2021-10-25,AMZN,-0.030696112089505068,0.014953774420155386,56712380.952380955,0.07820517439588359
2021-10-25,GOOGL,-0.03352667159210043,0.01626653970183463,30605333.333333332,0.06064147201877068
2021-10-25,JPM,0.054772221504540086,0.013791404489945078,11714895.238095239,-0.015561006913880293
2021-10-25,MSFT,0.029330381436874164,0.014650162173275008,23819576.19047619,0.09790593135586034
2021-10-26,AAPL,0.0271723052423134,0.01152203827837784,74123057.14285715,0.08609892504030725
2021-10-26,AMZN,-0.008729203301934385,0.015424724196817452,55820761.9047619,0.060525968962747534
2021-10-26,GOOGL,-0.012500560975804209,0.01651244629816787,31907904.76190476,0.04889465744371169
2021-10-26,JPM,0.032655396157886596,0.012881052600684237,11467000.0,-0.025904250475646817
2021-10-26,MSFT,0.05418629754242654,0.014030913827977044,24035557.14285714,0.09163938803442506
2021-10-27,AAPL,0.0489044400054679,0.01005696390411008,71605085.71428572,0.055014198962035854
2021-10-27,AMZN,0.023079242293528424,0.014245661191734723,54174476.190476194,0.033034735448919106
2021-10-27,GOOGL,0.07647445872835612,0.017684659489332198,33813142.85714286,-0.027592590368541003
2021-10-27,JPM,0.01662629587734843,0.013714198822911146,11298385.714285715,-0.03515438568748752
2021-10-27,MSFT,0.13984893848132085,0.013600231361944692,24483295.23809524,0.02201077007438923
2021-10-28,AAPL,0.06819299515770583,0.01118714371327206,72818223.8095238,0.05180480632284623
2021-10-28,AMZN,0.04406084434751989,0.014533885957165949,57171047.61904762,0.03336650515804318
2021-10-28,GOOGL,0.08556173214958274,0.017433651238746982,34068285.71428572,-0.002184032891351606
2021-10-28,JPM,0.03276023527457683,0.014050786424639673,11271519.047619049,-0.05359230686961591
2021-10-28,MSFT,0.14207751164468352,0.013573462610819848,24480638.095238097,0.039759241667132406
2021-10-29,AAPL,0.058657476419717414,0.011829914339431325,74527580.95238096,0.10508187296649107
2021-10-29,AMZN,0.02660245759664326,0.015365959581636392,60641238.0952381,0.039923701306487036
2021-10-29,GOOGL,0.10749905709960506,0.01746078848475097,34321809.52380952,-0.04153101757808253
2021-10-29,JPM,0.044130354955350004,0.01365578700523393,11032419.047619049,-0.06510074936507437
2021-10-29,MSFT,0.17629093794912154,0.013617665720426365,24595990.476190478,-0.001282110412614057
2021-11-01,AAPL,0.04423432857803533,0.011899247984695322,73572757.14285715,0.10775041720009115
2021-11-01,AMZN,0.010614498968544828,0.015830849924191627,61377714.28571428,0.037855901290405614
2021-11-01,GOOGL,0.050928945794366465,0.018675830810146503,34872476.190476194,-0.017042211565040266
2021-11-01,JPM,0.022097509101372204,0.012958930109724365,10849109.523809524,-0.07014122144243329
2021-11-01,MSFT,0.13929438623027823,0.013347276356883979,24452509.523809522,0.003989036256602407
2021-11-02,AAPL,0.07819468984758982,0.010232166389655465,72182280.95238096,0.09318085927976294
2021-11-02,AMZN,0.038551239247432534,0.01438142106781676,59572476.190476194,0.03761527059011893
2021-11-02,GOOGL,0.0880818278972213,0.017999057290083605,34028666.666666664,-0.01695977131778681
2021-11-02,JPM,0.027237233178122544,0.01296267397902847,10518338.095238095,-0.05432020714730812
2021-11-02,MSFT,0.17668054909730513,0.011851356171477097,24220909.523809522,-0.009117169879272358
2021-11-03,AAPL,0.07355921962522283,0.010050704743167766,70927538.09523809,0.06988060450263434
2021-11-03,AMZN,0.05060536319186015,0.014920094218776287,59694380.952380955,0.001711022518347649
2021-11-03,GOOGL,0.07774448989991933,0.01775848445359333,33794857.14285714,-0.031354577252564075
2021-11-03,JPM,0.011087333644643982,0.012500784603372797,10333090.476190476,-0.07177622978166665
2021-11-03,MSFT,0.15667001394005942,0.011565900157623864,24054580.95238095,-0.031134889292363965
2021-11-04,AAPL,0.06309831733560545,0.010137933861418185,69840561.90476191,0.09672296990606499
2021-11-04,AMZN,0.06590729083500602,0.015751889245147685,62380095.23809524,-0.014273835263363122
2021-11-04,GOOGL,0.0777996255520419,0.017759597358883484,34463809.52380952,-0.034481533397303865
2021-11-04,JPM,-0.004319133647140316,0.012846397028756226,10375071.42857143,-0.048309368709305356
2021-11-04,MSFT,0.14782838118844532,0.01141897877744179,23863609.523809522,-0.02869227105008465
2021-11-05,AAPL,0.057302091443198755,0.010042582888296151,70018238.09523809,0.1315444093587299
2021-11-05,AMZN,0.06557587773045692,0.01574281484082102,64844761.9047619,0.0012220074779121237
2021-11-05,GOOGL,0.06914705233150897,0.017656945805334712,35094476.190476194,-0.0106314535341403
2021-11-05,JPM,-0.011993567562372687,0.012762677264405142,10269366.666666666,-0.03260917260257945
2021-11-05,MSFT,0.13976605128365516,0.011544398117770195,23965495.23809524,-0.001568902852354559
2021-11-08,AAPL,0.054300519473382325,0.010137621407505919,69839557.14285715,0.16378646143980014
2021-11-08,AMZN,0.0609252840764094,0.01587201513396699,65869333.333333336,0.009796557065747447
2021-11-08,GOOGL,0.06614076098521249,0.017662183004866452,34929047.61904762,-0.005666660533917178
2021-11-08,JPM,-0.0068147788213634986,0.012839695163971813,10184776.19047619,-0.049390735585781775
2021-11-08,MSFT,0.14291987798387606,0.011484393670878147,24118414.285714287,-0.004175404348987888
2021-11-09,AAPL,0.05755985964248089,0.010111245529877945,69474590.47619048,0.15748310516510333
2021-11-09,AMZN,0.10163256772565221,0.01613560927667151,68022380.95238096,-0.02595184232915393
2021-11-09,GOOGL,0.07201952882517659,0.017555953200695817,35004095.23809524,-0.00859537027555124
2021-11-09,JPM,0.006841015851966947,0.012062682911413006,9986471.42857143,-0.043628569417670016
2021-11-09,MSFT,0.1417939562820718,0.0115229096889484,24214071.42857143,-0.006669523880196926
2021-11-10,AAPL,0.04682246923999345,0.010906339164174654,69100838.09523809,0.21315580206418128
2021-11-10,AMZN,0.07228087302415953,0.017492308645257977,70125047.61904761,-0.010858475575025062
2021-11-10,GOOGL,0.0692159308957192,0.01771930113571309,34701142.85714286,0.014448931755911332
2021-11-10,JPM,0.013667260931558234,0.011926045946471881,9699166.666666666,-0.04653369664508156
2021-11-10,MSFT,0.12947279930245514,0.012250345559857795,24572490.476190478,0.03738410198794351
2021-11-11,AAPL,0.05092482290353595,0.010823374950402387,67302614.28571428,0.18847646242894256
2021-11-11,AMZN,0.05730933552897444,0.017444622167479926,69976761.90476191,-0.02336930233081358
2021-11-11,GOOGL,0.059488216199948374,0.017703913632213734,34551809.52380952,0.00041160708737741913
2021-11-11,JPM,0.041056050658112575,0.010195249001357942,8892585.714285715,-0.05781273282412369
2021-11-11,MSFT,0.1218992324803918,0.01217825537508105,24259800.0,0.022834848425137277
2021-11-12,AAPL,0.0448586770757442,0.010407373239999029,67011990.47619048,0.16227769422723615
2021-11-12,AMZN,0.06827266227509332,0.017649544651984664,70529047.61904761,-0.0406564263559529
2021-11-12,GOOGL,0.0533259007667235,0.017360229644745782,34097809.52380952,-0.032089687468302874
2021-11-12,JPM,0.02073775747518436,0.0098050683038045,8556233.333333334,-0.0463260735940052
2021-11-12,MSFT,0.11220477713177779,0.011736426266827003,24096376.19047619,-0.023103165133434356
2021-11-15,AAPL,0.03713720979213586,0.010341933883895845,66596871.428571425,0.195333338956996
2021-11-15,AMZN,0.04008772252568038,0.016300543752580547,68386000.0,-0.022387774515160497
2021-11-15,GOOGL,0.050110358486380235,0.017382568022085636,33775619.047619045,-0.013546817581165604
2021-11-15,JPM,-0.0003003194466281167,0.00888552942499058,8186000.0,-0.05175281454754699
2021-11-15,MSFT,0.10473015242867056,0.011837675526923767,23683909.523809522,-0.0024033848924253087
2021-11-16,AAPL,0.03186866784254372,0.010152077008550761,65342919.047619045,0.1407950738529966
2021-11-16,AMZN,0.027260529623938767,0.016180505466039646,67474571.42857143,-0.04611518228579048
2021-11-16,GOOGL,0.03570586276815213,0.017346563078888055,33704571.428571425,-0.02320181602799709
2021-11-16,JPM,-0.007145140905815528,0.00902473258083736,8044723.80952381,-0.02993444375735488
2021-11-16,MSFT,0.10485190913725839,0.011840194698255563,23596171.42857143,-0.0412819036610097
2021-11-17,AAPL,0.03330183693911826,0.010250253533452172,65934733.333333336,0.11499138025175415
2021-11-17,AMZN,0.030442881673070188,0.016173963558508413,67640476.1904762,-0.041885011242662196
2021-11-17,GOOGL,0.03358083757120345,0.017344069971100773,33677428.571428575,-0.04270262868805741
2021-11-17,JPM,-0.024322318595148218,0.008618532978034886,8133090.476190476,-0.046877821755357596
2021-11-17,MSFT,0.10222993658006918,0.011869306885393243,23661471.42857143,-0.045175745696501735
2021-11-18,AAPL,0.05922824764060075,0.011817543052200676,69716109.52380952,0.07525140301624256
2021-11-18,AMZN,0.08228252095600275,0.018171571588604284,71034476.1904762,-0.09590753191516421
2021-11-18,GOOGL,0.05692019086434952,0.01725864124705805,34264095.23809524,-0.05493575062396849
2021-11-18,JPM,-0.045598462719035004,0.008078657780857026,8130085.714285715,-0.05587240597860044
2021-11-18,MSFT,0.11217709581604818,0.011751700719653993,23943680.95238095,-0.06258977971655721
2021-11-19,AAPL,0.07562419872214177,0.01220764047953322,72377280.95238096,0.07748381608506927
2021-11-19,AMZN,0.07032295498843677,0.01827465715849941,73944285.71428572,-0.07295657937386413
2021-11-19,GOOGL,0.049620822599780734,0.017363386590293114,34616000.0,-0.03662196995484823
2021-11-19,JPM,-0.050619268794925065,0.008337479878751724,8310009.523809524,-0.030015118593477275
2021-11-19,MSFT,0.10611971672239728,0.011678024666518082,24183933.333333332,-0.04610775058573169
2021-11-22,AAPL,0.08450491280595362,0.012040914465430088,75167019.04761904,0.09079633350857397
2021-11-22,AMZN,0.07105873505136806,0.01821605138590362,75566285.71428572,-0.04249877227344545
2021-11-22,GOOGL,0.06350015234178041,0.01634443843565154,33663904.76190476,0.0007722946785895246
2021-11-22,JPM,-0.043252947104267636,0.009216949498822449,8582961.904761905,-0.04654714328205978
2021-11-22,MSFT,0.10121522408326444,0.011904867655147498,24830685.714285713,-0.019509573544120862
2021-11-23,AAPL,0.08749733722106079,0.012006940001155538,77325176.1904762,0.09212572325032342
2021-11-23,AMZN,0.07820517439588359,0.01812796750376698,76960761.90476191,-0.04432074639365957
2021-11-23,GOOGL,0.06064147201877068,0.01638718256012256,33321333.333333332,0.007782298106259189
2021-11-23,JPM,-0.015561006913880293,0.010784831357796187,8687495.238095239,-0.06548599927130982
2021-11-23,MSFT,0.09790593135586034,0.012022854581885544,25443690.476190478,-0.008854576669309444
2021-11-24,AAPL,0.08609892504030725,0.01200753416842149,77733280.95238096,0.11356061791391636
2021-11-24,AMZN,0.060525968962747534,0.01789245895386152,76608095.23809524,-0.05223423191062404
2021-11-24,GOOGL,0.04889465744371169,0.016205890629570313,31835809.523809522,0.012226521723821548
2021-11-24,JPM,-0.025904250475646817,0.010864358997862191,8764385.714285715,-0.05270722071370659
2021-11-24,MSFT,0.09163938803442506,0.012042795966925335,25136738.095238097,0.013435746549551375
2021-11-26,AAPL,0.055014198962035854,0.01426044488040159,78726847.61904761,0.14335807076707163
2021-11-26,AMZN,0.033034735448919106,0.01864071583163618,76883428.57142857,-0.026063194383851518
2021-11-26,GOOGL,-0.027592590368541003,0.013430006123094444,29201904.76190476,0.0316775063616761
2021-11-26,JPM,-0.03515438568748752,0.01184943745784111,8944019.047619049,-0.02031729775821245
2021-11-26,MSFT,0.02201077007438923,0.01018584223273114,23785714.285714287,0.03509443662473544
2021-11-29,AAPL,0.05180480632284623,0.014030578521498414,78187338.09523809,0.11944559262219978
2021-11-29,AMZN,0.03336650515804318,0.018653299172533912,74556666.66666667,-0.04985162228387974
2021-11-29,GOOGL,-0.002184032891351606,0.014470309176331443,29030000.0,0.007726842362360431
2021-11-29,JPM,-0.05359230686961591,0.011221038720425855,9176947.61904762,-0.016560311138028805
2021-11-29,MSFT,0.039759241667132406,0.011076440692255059,23893600.0,0.015803673924470685
2021-11-30,AAPL,0.10508187296649107,0.014556809117985799,80525190.47619048,0.07803969809436406
2021-11-30,AMZN,0.039923701306487036,0.018312602516677892,72190000.0,-0.03825985577577795
2021-11-30,GOOGL,-0.04153101757808253,0.015012440992309865,28970380.95238095,0.030324350266545785
2021-11-30,JPM,-0.06510074936507437,0.011539337109823744,9690400.0,-0.0022036951041779496
2021-11-30,MSFT,-0.001282110412614057,0.010840798151000738,24280247.61904762,0.02640749465605574
2021-12-01,AAPL,0.10775041720009115,0.014479616232115557,84213961.90476191,0.07768386341440836
2021-12-01,AMZN,0.037855901290405614,0.018414151871260102,72320380.95238096,-0.03176221790435663
2021-12-01,GOOGL,-0.017042211565040266,0.013535617024400558,28355904.76190476,0.026944297346992885
2021-12-01,JPM,-0.07014122144243329,0.011538372094848303,9919823.80952381,0.0029134409106674752
2021-12-01,MSFT,0.003989036256602407,0.010736731100167533,24578552.38095238,0.018904443115315583
2021-12-02,AAPL,0.09318085927976294,0.014669397404385958,87433828.57142857,0.11144352879340436
2021-12-02,AMZN,0.03761527059011893,0.018416450510115673,72900095.23809524,-0.008515261763596405
2021-12-02,GOOGL,-0.01695977131778681,0.013540093514769591,28151714.285714287,0.014167712609158611
2021-12-02,JPM,-0.05432020714730812,0.01263192297962229,10195828.57142857,0.0030391769571018745
2021-12-02,MSFT,-0.009117169879272358,0.010432120805396041,24782309.523809522,0.015964169484028012
2021-12-03,AAPL,0.06988060450263434,0.015017700935204156,90458190.47619048,0.11035583986520758
2021-12-03,AMZN,0.001711022518347649,0.018150114605663365,73508095.23809524,-0.011608381384240696
2021-12-03,GOOGL,-0.031354577252564075,0.013446454311153442,28805809.523809522,0.016887147461243757
2021-12-03,JPM,-0.07177622978166665,0.013053264019516361,10399595.238095239,0.060268935526252454
2021-12-03,MSFT,-0.031134889292363965,0.011215607072776785,25747985.714285713,0.018575151075288066
2021-12-06,AAPL,0.09672296990606499,0.01543459407326909,92701161.90476191,0.05806910047675551
2021-12-06,AMZN,-0.014273835263363122,0.017249849863778883,71689047.61904761,-0.04091478385433778
2021-12-06,GOOGL,-0.034481533397303865,0.01330901424477902,28434666.666666668,-0.037581614599821345
2021-12-06,JPM,-0.048309368709305356,0.013262274269473994,10476371.42857143,0.028732101664712406
2021-12-06,MSFT,-0.02869227105008465,0.011327801799518722,26035623.80952381,-0.030074530242674258
2021-12-07,AAPL,0.1315444093587299,0.01684011306622907,95317423.8095238,0.004789961786345831
2021-12-07,AMZN,0.0012220074779121237,0.01815734456314787,70092380.95238096,-0.0732866544358104
2021-12-07,GOOGL,-0.0106314535341403,0.014836529300110523,28143523.80952381,-0.06465690683489811
2021-12-07,JPM,-0.03260917260257945,0.013791426180636978,10565704.761904761,0.024248951361263815
2021-12-07,MSFT,-0.001568902852354559,0.012880644171828508,26438090.476190478,-0.06282136829482998
2021-12-08,AAPL,0.16378646143980014,0.016999529829047944,98268757.14285715,-0.016621125405242854
2021-12-08,AMZN,0.009796557065747447,0.01804713965504881,69319714.28571428,-0.07722614663311478
2021-12-08,GOOGL,-0.005666660533917178,0.014904087443108885,28201523.80952381,-0.07537476572269675
2021-12-08,JPM,-0.049390735585781775,0.013842777418251132,10817704.761904761,0.04636897786938787
2021-12-08,MSFT,-0.004175404348987888,0.012865226976923088,26622090.476190478,-0.06248347708623636
2021-12-09,AAPL,0.15748310516510333,0.01711907642585191,100751414.28571428,-0.013576897465720328
2021-12-09,AMZN,-0.02595184232915393,0.017317698174656927,67422761.90476191,-0.07283079522476332
2021-12-09,GOOGL,-0.00859537027555124,0.014923739702719693,28379619.04761905,-0.06074964885772072
2021-12-09,JPM,-0.043628569417670016,0.01379077594654263,10970052.38095238,0.04900270684597752
2021-12-09,MSFT,-0.006669523880196926,0.012905478624590844,26665271.42857143,-0.05652979129854108
2021-12-10,AAPL,0.21315580206418128,0.016583544524453066,103142633.33333333,-0.024352058275364685
2021-12-10,AMZN,-0.010858475575025062,0.01651311726164311,66477142.85714286,-0.03977658862425826
2021-12-10,GOOGL,0.014448931755911332,0.014207334336160796,28117142.85714286,-0.05584722228293548
2021-12-10,JPM,-0.04653369664508156,0.013794816686006966,11132252.38095238,0.05427347384691705
2021-12-10,MSFT,0.03738410198794351,0.013837015999528269,27265023.80952381,-0.08045785299012054
2021-12-13,AAPL,0.18847646242894256,0.017732960452079,108487252.38095239,-0.0011950185043868577
2021-12-13,AMZN,-0.02336930233081358,0.016829309843299053,67281047.61904761,-0.025715446797451857
2021-12-13,GOOGL,0.00041160708737741913,0.014602430460592194,28619619.04761905,-0.030145551777088886
2021-12-13,JPM,-0.05781273282412369,0.013944760729969053,11430047.61904762,0.0730093928150668
2021-12-13,MSFT,0.022834848425137277,0.014020380766258141,27838814.285714287,-0.062257086254532856
2021-12-14,AAPL,0.16227769422723615,0.01802787450844926,112086128.57142857,-0.01227534039225886
2021-12-14,AMZN,-0.0406564263559529,0.016418739342154817,67385238.09523809,-0.046587215307996255
2021-12-14,GOOGL,-0.032089687468302874,0.014132723571054868,29385619.04761905,-0.03696799144526064
2021-12-14,JPM,-0.0463260735940052,0.014119652624167664,11641961.904761905,0.06352267331357053
2021-12-14,MSFT,-0.023103165133434356,0.015547699120095867,28820133.333333332,-0.07169394698065346
2021-12-15,AAPL,0.195333338956996,0.018515875704584562,115507104.76190476,-0.034746250826259706
2021-12-15,AMZN,-0.022387774515160497,0.017370594123646492,68204285.71428572,-0.06448952367469563
2021-12-15,GOOGL,-0.013546817581165604,0.014732164898617174,29998095.23809524,-0.047530733879958875
2021-12-15,JPM,-0.05175281454754699,0.014166674945989844,12000138.095238095,0.005675612995261092
2021-12-15,MSFT,-0.0024033848924253087,0.016157210876902812,29708614.285714287,-0.07306142784667213
2021-12-16,AAPL,0.1407950738529966,0.021274677703285748,119837085.71428572,-0.014280786240358445
2021-12-16,AMZN,-0.04611518228579048,0.018189216661728354,68991619.04761904,-0.05894147805257555
2021-12-16,GOOGL,-0.02320181602799709,0.014993788815991022,30700285.714285713,-0.05847905507854334
2021-12-16,JPM,-0.02993444375735488,0.014650630037225254,12468552.38095238,-0.05132640778902464
2021-12-16,MSFT,-0.0412819036610097,0.017164127802722178,30382328.57142857,-0.0684825383961074
2021-12-17,AAPL,0.11499138025175415,0.02132685897454217,124914500.0,-0.028689899368932514
2021-12-17,AMZN,-0.041885011242662196,0.018269075461852996,70626666.66666667,-0.08068878622276776
2021-12-17,GOOGL,-0.04270262868805741,0.015475985237045534,32168000.0,-0.04662910583192881
2021-12-17,JPM,-0.046877821755357596,0.015363170813127396,13333904.761904761,-0.044254246262675934
2021-12-17,MSFT,-0.045175745696501735,0.01715692462839577,31748847.61904762,-0.06321800603297345
2021-12-20,AAPL,0.07525140301624256,0.020834140235982623,123470280.95238096,-0.03086886298459468
2021-12-20,AMZN,-0.09590753191516421,0.015607993271418763,67926761.90476191,-0.0922407933229884
2021-12-20,GOOGL,-0.05493575062396849,0.015142110869930416,31767238.095238097,-0.05860959786269371
2021-12-20,JPM,-0.05587240597860044,0.01569206516245403,13668452.38095238,-0.03504550464448064
2021-12-20,MSFT,-0.06258977971655721,0.0171751701019232,32028038.095238097,-0.05723458918974966
2021-12-21,AAPL,0.07748381608506927,0.02090654462676133,122226485.71428572,-0.06115968637873559
2021-12-21,AMZN,-0.07295657937386413,0.016506368036514413,65889714.28571428,-0.16297670339005887
2021-12-21,GOOGL,-0.03662196995484823,0.015498086432454455,31532666.666666668,-0.09145311148202284
2021-12-21,JPM,-0.030015118593477275,0.015899531585950047,13625485.714285715,-0.06496456715414334
2021-12-21,MSFT,-0.04610775058573169,0.018016155180139336,32160285.714285713,-0.09551145466946365
2021-12-22,AAPL,0.09079633350857397,0.02105595814724231,121020171.42857143,-0.0798225093259447
2021-12-22,AMZN,-0.04249877227344545,0.015548913854855548,63898857.14285714,-0.1548962845392945
2021-12-22,GOOGL,0.0007722946785895246,0.015765901223055153,31329238.095238097,-0.10662140630120653
2021-12-22,JPM,-0.04654714328205978,0.015093259112435014,13278966.666666666,-0.06943915791967725
2021-12-22,MSFT,-0.019509573544120862,0.018446512587329763,31865066.666666668,-0.11053416257698434
2021-12-23,AAPL,0.09212572325032342,0.021052028529967657,119701823.8095238,-0.09360108579815218
2021-12-23,AMZN,-0.04432074639365957,0.01552968572422377,62136190.47619048,-0.1816962495802168
2021-12-23,GOOGL,0.007782298106259189,0.015757364832414744,31289523.80952381,-0.1360059407196701
2021-12-23,JPM,-0.06548599927130982,0.013945622445843497,13074242.857142856,-0.06264584847607124
2021-12-23,MSFT,-0.008854576669309444,0.018434540774577176,31350314.285714287,-0.13803823000403426
2021-12-27,AAPL,0.11356061791391636,0.0214341072020348,119961633.33333333,-0.11445684295255787
2021-12-27,AMZN,-0.05223423191062404,0.015577562571748924,62713714.28571428,-0.1815116921145451
2021-12-27,GOOGL,0.012226521723821548,0.01581246852473998,31191238.095238097,-0.12625203958452513
2021-12-27,JPM,-0.05270722071370659,0.014030176429708276,12910352.38095238,-0.059138545070809845
2021-12-27,MSFT,0.013435746549551375,0.019132981159665677,31268680.95238095,-0.13356710433618235
2021-12-28,AAPL,0.14335807076707163,0.019885609067952517,120065657.14285715,-0.1119414175246437
2021-12-28,AMZN,-0.026063194383851518,0.01505899816068492,62466666.666666664,-0.1817843523488304
2021-12-28,GOOGL,0.0316775063616761,0.014662820726048272,30606952.38095238,-0.12054210880484706
2021-12-28,JPM,-0.02031729775821245,0.012551257499762068,12563828.57142857,-0.0785366272788609
2021-12-28,MSFT,0.03509443662473544,0.018283899926459263,30861266.666666668,-0.12134803891704704
2021-12-29,AAPL,0.11944559262219978,0.01960916785064734,118808547.61904761,-0.05045158302468278
2021-12-29,AMZN,-0.04985162228387974,0.014590477488513772,61059142.85714286,-0.14907126199987975
2021-12-29,GOOGL,0.007726842362360431,0.01377372982499349,29901809.523809522,-0.09071616922699599
2021-12-29,JPM,-0.016560311138028805,0.012526855573392576,12292138.095238095,-0.0698233358963849
2021-12-29,MSFT,0.015803673924470685,0.017744299398662556,30217385.714285713,-0.09852316382628534
2021-12-30,AAPL,0.07803969809436406,0.018831176735301807,113366876.1904762,-0.019191828962514257
2021-12-30,AMZN,-0.03825985577577795,0.014288866321984227,59038285.71428572,-0.11308402623674418
2021-12-30,GOOGL,0.030324350266545785,0.012525963162044188,28645619.04761905,-0.07453441278910433
2021-12-30,JPM,-0.0022036951041779496,0.012099535132775788,11721928.57142857,-0.05672164048127415
2021-12-30,MSFT,0.02640749465605574,0.01733640910855314,28936857.14285714,-0.08352010219093897
2021-12-31,AAPL,0.07768386341440836,0.018837392467307867,109176866.66666667,-0.016669566828436455
2021-12-31,AMZN,-0.03176221790435663,0.01398037695247898,57748476.190476194,-0.09311287378277344
2021-12-31,GOOGL,0.026944297346992885,0.012642741152611665,27889238.095238097,-0.049761467515269
2021-12-31,JPM,0.0029134409106674752,0.012026519790608078,11414904.761904761,-0.03974745518679912
2021-12-31,MSFT,0.018904443115315583,0.01747068323266438,28206533.333333332,-0.08194586740575927
2022-01-03,AAPL,0.11144352879340436,0.01924275680773682,107641090.47619048,-0.033898910234617996
2022-01-03,AMZN,-0.008515261763596405,0.014894038296725165,57691047.61904762,-0.11614712487314904
2022-01-03,GOOGL,0.014167712609158611,0.012328357295338347,27863142.85714286,0.02074953825167225
2022-01-03,JPM,0.0030391769571018745,0.012037627246586666,11422095.238095239,-0.06716901098384787
2022-01-03,MSFT,0.015964169484028012,0.017505246433988687,28116014.285714287,-0.06359977448643606
2022-01-04,AAPL,0.11035583986520758,0.019286446871793695,106750009.52380952,-0.03784089635766685
2022-01-04,AMZN,-0.011608381384240696,0.015048183023374078,57215523.809523806,-0.17118048894944238
2022-01-04,GOOGL,0.016887147461243757,0.012260984046830388,27252190.476190478,-0.009068648681631819
2022-01-04,JPM,0.060268935526252454,0.013845112515059368,11779904.761904761,-0.10867321836118604
2022-01-04,MSFT,0.018575151075288066,0.017365315906208666,27682442.85714286,-0.08437413296175056
2022-01-05,AAPL,0.05806910047675551,0.02008995660857821,106132895.23809524,-0.01320790102111713
2022-01-05,AMZN,-0.04091478385433778,0.01531880701571846,56998476.190476194,-0.040871389711548245
2022-01-05,GOOGL,-0.037581614599821345,0.015811802786057,28395047.61904762,0.040050585222862756
2022-01-05,JPM,0.028732101664712406,0.014419956586067107,12082423.80952381,-0.06850681003621617
2022-01-05,MSFT,-0.030074530242674258,0.0192294607605077,28159666.666666668,-0.03299815837530917
2022-01-06,AAPL,0.004789961786345831,0.019059890015278115,105013780.95238096,-0.0007049561450432895
2022-01-06,AMZN,-0.0732866544358104,0.013725152101004529,56310285.71428572,-0.032578048780943725
2022-01-06,GOOGL,-0.06465690683489811,0.014205295680188747,28638285.714285713,0.01055195023040989
2022-01-06,JPM,0.024248951361263815,0.014242585612443062,12282228.57142857,-0.07521748528643935
2022-01-06,MSFT,-0.06282136829482998,0.018160208683419634,28570342.85714286,-0.0411935893218599
2022-01-07,AAPL,-0.016621125405242854,0.018360750926162742,103571409.52380952,0.016743638955100337
2022-01-07,AMZN,-0.07722614663311478,0.01370241372676211,56374666.666666664,-0.0070161480104596885
2022-01-07,GOOGL,-0.07537476572269675,0.014049542067654002,28899714.285714287,0.01738478571550628
2022-01-07,JPM,0.04636897786938787,0.014053003842338383,12387352.38095238,-0.06706129821390583
2022-01-07,MSFT,-0.06248347708623636,0.018163433197075505,28949342.85714286,-0.03018716700499946
2022-01-10,AAPL,-0.013576897465720328,0.01835349420764781,103468642.85714285,0.02505692301634932
2022-01-10,AMZN,-0.07283079522476332,0.013610919431138124,58362095.23809524,-0.0018360324992209298
2022-01-10,GOOGL,-0.06074964885772072,0.014460546214364172,29906285.714285713,0.021075221421293033
2022-01-10,JPM,0.04900270684597752,0.014029618573272356,12469871.42857143,-0.06406894136124264
2022-01-10,MSFT,-0.05652979129854108,0.01816924496134696,30000547.61904762,-0.009736551076368394
2022-01-11,AAPL,-0.024352058275364685,0.017630877843693223,101598909.52380952,-0.015654118989612997
2022-01-11,AMZN,-0.03977658862425826,0.01473561758671488,58462857.14285714,-0.038452034129962454
2022-01-11,GOOGL,-0.05584722228293548,0.01460150561735479,30109714.285714287,-0.00798662348047463
2022-01-11,JPM,0.05427347384691705,0.013958465977466014,12538857.142857144,-0.06889974312989788
2022-01-11,MSFT,-0.08045785299012054,0.01678674664959752,29585838.095238097,-0.04000243860165342
2022-01-12,AAPL,-0.0011950185043868577,0.017055877511074007,97864061.90476191,-0.038028615618384665
2022-01-12,AMZN,-0.025715446797451857,0.014405986457313868,57884761.9047619,-0.07211254893550445
2022-01-12,GOOGL,-0.030145551777088886,0.014666275720865657,30063904.76190476,-0.05054076052062095
2022-01-12,JPM,0.0730093928150668,0.013566843403237397,12562619.047619049,-0.08620259767028893
2022-01-12,MSFT,-0.062257086254532856,0.017020155762010446,29846447.61904762,-0.0729882945436866
2022-01-13,AAPL,-0.01227534039225886,0.01748111071303775,95250985.71428572,-0.0179735025150638
2022-01-13,AMZN,-0.046587215307996255,0.015258521786292379,57704380.952380955,-0.03750913010593815
2022-01-13,GOOGL,-0.03696799144526064,0.01501975569965745,29730095.23809524,-0.02208734011587199
2022-01-13,JPM,0.06352267331357053,0.013567782297699468,12613085.714285715,-0.09356224152383008
2022-01-13,MSFT,-0.07169394698065346,0.017974532862635884,29890604.76190476,-0.03215206595528419
2022-01-14,AAPL,-0.034746250826259706,0.016245561374333452,92840390.47619048,-0.0003462370727478348
2022-01-14,AMZN,-0.06448952367469563,0.014079587837546577,56284380.952380955,-0.03470810312486239
2022-01-14,GOOGL,-0.047530733879958875,0.014491137373039671,29410666.666666668,-0.020590445034258553
2022-01-14,JPM,0.005675612995261092,0.019482390693629087,13858047.61904762,-0.02007702395105515
2022-01-14,MSFT,-0.07306142784667213,0.017882901317490835,30103238.095238097,-0.03136704292302028
2022-01-18,AAPL,-0.014280786240358445,0.014382901898524841,90019957.14285715,0.0174899487441611
2022-01-18,AMZN,-0.05894147805257555,0.013666934111860787,56589904.76190476,-0.005141040884347747
2022-01-18,GOOGL,-0.05847905507854334,0.015134617595783648,29468857.14285714,0.012794332336627745
2022-01-18,JPM,-0.05132640778902464,0.02121207158847684,14466714.285714285,0.02465798976812872
2022-01-18,MSFT,-0.0684825383961074,0.01756634058497244,30450780.95238095,-0.008361706987564221
2022-01-19,AAPL,-0.028689899368932514,0.015016751616329153,85228638.09523809,0.0172362285667782
2022-01-19,AMZN,-0.08068878622276776,0.01379319146354996,55051809.52380952,-0.01053429437312181
2022-01-19,GOOGL,-0.04662910583192881,0.01471279529361985,28432285.714285713,-0.019076151840363487
2022-01-19,JPM,-0.044254246262675934,0.020918153430854774,14195190.476190476,0.016786357247127404
2022-01-19,MSFT,-0.06321800603297345,0.017606702882757876,30364285.714285713,-0.039557051100811425
2022-01-20,AAPL,-0.03086886298459468,0.015075195172785407,84462990.47619048,0.018255000264928434
2022-01-20,AMZN,-0.0922407933229884,0.014629801456052832,55747142.85714286,0.006158245923586492
2022-01-20,GOOGL,-0.05860959786269371,0.014909682572186125,28561619.04761905,-0.021787850806711084
2022-01-20,JPM,-0.03504550464448064,0.02065544861177553,14181514.285714285,0.03034019186453185
2022-01-20,MSFT,-0.05723458918974966,0.01749789645551513,30700200.0,-0.04335112750501857
2022-01-21,AAPL,-0.06115968637873559,0.014504112838550593,85970752.38095239,0.013049414083991184
2022-01-21,AMZN,-0.16297670339005887,0.017897583128401433,60890761.9047619,0.05296081021350307
2022-01-21,GOOGL,-0.09145311148202284,0.015015266958935975,29842380.95238095,-0.004127298916486555
2022-01-21,JPM,-0.06496456715414334,0.020618432725511848,14629804.761904761,0.04680133962404365
2022-01-21,MSFT,-0.09551145466946365,0.016777474399285643,32283238.095238097,-0.026061773060466198
2022-01-24,AAPL,-0.0798225093259447,0.013892269698487258,89311671.42857143,-0.008328228368885138
2022-01-24,AMZN,-0.1548962845392945,0.018339616960491353,65680666.666666664,0.001957808622465418
2022-01-24,GOOGL,-0.10662140630120653,0.014027152506803508,32237619.04761905,-0.02458644858052128
2022-01-24,JPM,-0.06943915791967725,0.02056468119187423,15639252.38095238,0.02580182779842577
2022-01-24,MSFT,-0.11053416257698434,0.016022826090458797,35183238.0952381,-0.052368764831487336
2022-01-25,AAPL,-0.09360108579815218,0.013873376962619945,91570804.76190476,0.019823038923869607
2022-01-25,AMZN,-0.1816962495802168,0.018943668546933724,68253809.52380952,0.0812367657635249
2022-01-25,GOOGL,-0.1360059407196701,0.014831320311931712,33217428.57142857,0.0453460417786784
2022-01-25,JPM,-0.06264584847607124,0.020746965818729205,16156428.57142857,-0.013512284424958332
2022-01-25,MSFT,-0.13803823000403426,0.01648907838928097,37718038.0952381,0.023256131224880683
2022-01-26,AAPL,-0.11445684295255787,0.012409730682273187,93159171.42857143,0.03362807930829259
2022-01-26,AMZN,-0.1815116921145451,0.018944411314432846,70011619.04761904,0.10740787865442902
2022-01-26,GOOGL,-0.12625203958452513,0.01554158924777771,34796190.47619048,0.04044218174397729
2022-01-26,JPM,-0.059138545070809845,0.02084091084718194,16847904.76190476,0.0003379825376459422
2022-01-26,MSFT,-0.13356710433618235,0.0170061240226642,41074319.047619045,0.004093875660427626
2022-01-27,AAPL,-0.1119414175246437,0.012424242194929528,95197757.14285715,0.038376728782571146
2022-01-27,AMZN,-0.1817843523488304,0.018931138551689746,71101047.61904761,0.09972612583394036
2022-01-27,GOOGL,-0.12054210880484706,0.01556514526577031,35450952.38095238,0.04691262411367836
2022-01-27,JPM,-0.0785366272788609,0.021044542838730525,17380976.19047619,-0.024154929345607257
2022-01-27,MSFT,-0.12134803891704704,0.017408450253226914,42875261.9047619,-0.0014413465326914565
2022-01-28,AAPL,-0.05045158302468278,0.02061333218479093,100797128.57142857,-0.04063919155597573
2022-01-28,AMZN,-0.14907126199987975,0.02088782012527725,72940952.38095239,0.04975761312676852
2022-01-28,GOOGL,-0.09071616922699599,0.01779208781804964,36240190.47619048,0.005328111149076831
2022-01-28,JPM,-0.0698233358963849,0.021216051228823536,17748504.76190476,-0.06929966180619662
2022-01-28,MSFT,-0.09852316382628534,0.018875025845452423,44527723.809523806,-0.04119943126047221
2022-01-31,AAPL,-0.019191828962514257,0.02148800436559663,103452776.1904762,-0.04581644855736833
2022-01-31,AMZN,-0.11308402623674418,0.023204329898960655,74880190.47619048,0.016573817420524106
2022-01-31,GOOGL,-0.07453441278910433,0.018270035774877853,37397238.0952381,-0.005409813464012259
2022-01-31,JPM,-0.05672164048127415,0.021526384527965632,18083623.80952381,-0.06271867326062597
2022-01-31,MSFT,-0.08352010219093897,0.01908944321003726,45977723.809523806,-0.032700844626972536
2022-02-01,AAPL,-0.016669566828436455,0.0214784170143695,104507614.28571428,-0.04677985516872174
2022-02-01,AMZN,-0.09311287378277344,0.023424441393082505,75422571.42857143,-0.021793253286508052
2022-02-01,GOOGL,-0.049761467515269,0.018766105179517854,39802380.952380955,-0.02720397170555955
2022-02-01,JPM,-0.03974745518679912,0.021952093064871375,18501671.42857143,-0.08508095821390471
2022-02-01,MSFT,-0.08194586740575927,0.019071325007565768,47070561.9047619,-0.039603801617907
2022-02-02,AAPL,-0.033898910234617996,0.02075389476826664,103575538.09523809,-0.07087189312213094
2022-02-02,AMZN,-0.11614712487314904,0.02262755079254397,76556380.95238096,-0.03300852506463425
2022-02-02,GOOGL,0.02074953825167225,0.02527443261821917,44304952.38095238,-0.1087399725767394
2022-02-02,JPM,-0.06716901098384787,0.021348292411258792,18469300.0,-0.10364150047245302
2022-02-02,MSFT,-0.06359977448643606,0.019519338273591237,47440604.76190476,-0.07337679768380045
2022-02-03,AAPL,-0.03784089635766685,0.020881316130198627,103104476.1904762,-0.07748412144345762
2022-02-03,AMZN,-0.17118048894944238,0.0275607689198011,83928095.23809524,-0.010029145945014473
2022-02-03,GOOGL,-0.009068648681631819,0.026357134349680122,46358190.47619048,-0.11679003457042858
2022-02-03,JPM,-0.10867321836118604,0.01918304412963916,18101638.095238097,-0.13106918104577503
2022-02-03,MSFT,-0.08437413296175056,0.020847571012909523,47967066.666666664,-0.07224353389532367
2022-02-04,AAPL,-0.01320790102111713,0.020084379821816167,102529609.52380952,-0.08672206995990095
2022-02-04,AMZN,-0.040871389711548245,0.0416268482480825,92935428.57142857,-0.13718008855236763
2022-02-04,GOOGL,0.040050585222862756,0.02418158553033152,46519142.85714286,-0.112974801692178
2022-02-04,JPM,-0.06850681003621617,0.02009190730817725,18059495.23809524,-0.15901932776290328
2022-02-04,MSFT,-0.03299815837530917,0.019687559804339446,47730980.952380955,-0.09648830588607071
2022-02-07,AAPL,-0.0007049561450432895,0.019761862546998098,101593761.90476191,-0.05073984454212421
2022-02-07,AMZN,-0.032578048780943725,0.041612038338910404,95348095.23809524,-0.11812729887103579
2022-02-07,GOOGL,0.01055195023040989,0.02509361569444956,47358476.190476194,-0.041529932374552714
2022-02-07,JPM,-0.07521748528643935,0.01990378385121981,17989247.61904762,-0.12824208425674088
2022-02-07,MSFT,-0.0411935893218599,0.01991041863200215,47201800.0,-0.03938704221406775
2022-02-08,AAPL,0.016743638955100337,0.020163044540944745,101028052.38095239,-0.09329059090370828
2022-02-08,AMZN,-0.0070161480104596885,0.04189613055056006,96749714.28571428,-0.09042609961151948
2022-02-08,GOOGL,0.01738478571550628,0.025054784730875815,48526285.71428572,-0.04999657441151706
2022-02-08,JPM,-0.06706129821390583,0.02029537076212049,18298680.95238095,-0.1544726314315572
2022-02-08,MSFT,-0.03018716700499946,0.020133837101089267,47187571.428571425,-0.060347894779077094
2022-02-09,AAPL,0.02505692301634932,0.020224406734521215,99338500.0,-0.12224865627239412
2022-02-09,AMZN,-0.0018360324992209298,0.041867804348894665,95844380.95238096,-0.09718370857222103
2022-02-09,GOOGL,0.021075221421293033,0.025147610650732604,48323238.0952381,-0.08278370122583933
2022-02-09,JPM,-0.06406894136124264,0.02033950557785813,18118138.095238097,-0.17694776713469462
2022-02-09,MSFT,-0.009736551076368394,0.020755467622614262,46568295.23809524,-0.0982002448764373
2022-02-10,AAPL,-0.015654118989612997,0.02060177776245973,100039814.28571428,-0.12491288110578924
2022-02-10,AMZN,-0.038452034129962454,0.041625226137156336,96104476.1904762,-0.10786239331437897
2022-02-10,GOOGL,-0.00798662348047463,0.025558061675703906,48828000.0,-0.09139364647146209
2022-02-10,JPM,-0.06889974312989788,0.020320411628027314,18337257.14285714,-0.1653094446481087
2022-02-10,MSFT,-0.04000243860165342,0.021627732242323023,47330171.428571425,-0.08389568863327634
2022-02-11,AAPL,-0.038028615618384665,0.021024838305714166,101176266.66666667,-0.08034865230141619
2022-02-11,AMZN,-0.07211254893550445,0.04231377535361116,97393523.8095238,-0.03866440419567796
2022-02-11,GOOGL,-0.05054076052062095,0.026267836730805155,49487523.809523806,-0.03786410718351896
2022-02-11,JPM,-0.08620259767028893,0.020322005941669802,18540209.523809522,-0.13929327626372412
2022-02-11,MSFT,-0.0729882945436866,0.02197570549737118,47558904.76190476,-0.02472972388557293
2022-02-14,AAPL,-0.0179735025150638,0.020649411502931293,101256252.38095239,-0.055009744413313855
2022-02-14,AMZN,-0.03750913010593815,0.04213670711985274,98871714.28571428,-0.013295374925324732
2022-02-14,GOOGL,-0.02208734011587199,0.026044528895877203,49624000.0,-0.016568782029599105
2022-02-14,JPM,-0.09356224152383008,0.020341675199436235,18702261.904761903,-0.09239981758531357
2022-02-14,MSFT,-0.03215206595528419,0.020083730574978483,47130023.809523806,-4.3037431267656245e-06
2022-02-15,AAPL,-0.0003462370727478348,0.021267779291063292,100403233.33333333,-0.07043200179715581
2022-02-15,AMZN,-0.03470810312486239,0.04216491168519711,99370095.23809524,0.004654642182486457
2022-02-15,GOOGL,-0.020590445034258553,0.026067959271263697,49482000.0,-0.02027347021803738
2022-02-15,JPM,-0.02007702395105515,0.015993269900908904,17242338.095238097,-0.09417033351425996
2022-02-15,MSFT,-0.03136704292302028,0.020123706789615805,46521066.666666664,-0.015440967531006433
2022-02-16,AAPL,0.0174899487441611,0.02082058313462962,98985171.42857143,-0.04966682332875039
2022-02-16,AMZN,-0.005141040884347747,0.04199698526514339,98675428.57142857,0.019924094276437376
2022-02-16,GOOGL,0.012794332336627745,0.025522336077270932,49012952.38095238,-0.011707043540100992
2022-02-16,JPM,0.02465798976812872,0.012929901930078877,16135276.19047619,-0.09612917072602889
2022-02-16,MSFT,-0.008361706987564221,0.019421597435315352,45932919.047619045,0.0031049578114292764
2022-02-17,AAPL,0.0172362285667782,0.02083357524685017,97783947.61904761,-0.020725169852847114
2022-02-17,AMZN,-0.01053429437312181,0.04212113423987128,99189238.09523809,0.044221753146870935
2022-02-17,GOOGL,-0.019076151840363487,0.02685230328710373,49503523.809523806,0.02687896296239467
2022-02-17,JPM,0.016786357247127404,0.013510889825916458,15610871.42857143,-0.07779159351347453
2022-02-17,MSFT,-0.039557051100811425,0.020414707322517028,45291380.952380955,0.02899589525424462
2022-02-18,AAPL,0.018255000264928434,0.020807652104490426,97372147.61904761,0.009085747899824304
2022-02-18,AMZN,0.006158245923586492,0.04168841340406994,98790666.66666667,0.08052021759659045
2022-02-18,GOOGL,-0.021787850806711084,0.026923864484589322,50251714.28571428,0.07258277238237154
2022-02-18,JPM,0.03034019186453185,0.013357720936207471,15461942.857142856,-0.06257431856028972
2022-02-18,MSFT,-0.04335112750501857,0.02047093452541765,45238204.76190476,0.056020162272854
2022-02-22,AAPL,0.013049414083991184,0.02100358082583498,95863285.71428572,0.03584449976800119
2022-02-22,AMZN,0.05296081021350307,0.039546891352207326,94131428.57142857,0.0879542651312668
2022-02-22,GOOGL,-0.004127298916486555,0.026492246781002246,49744000.0,0.0651855459189794
2022-02-22,JPM,0.04680133962404365,0.012663587695513501,15015661.904761905,-0.07960730077108102
2022-02-22,MSFT,-0.026061773060466198,0.020116334643077237,44464476.190476194,0.04090727295085217
2022-02-23,AAPL,-0.008328228368885138,0.021773666995592394,92421123.8095238,0.08746173113710931
2022-02-23,AMZN,0.001957808622465418,0.040359277160933675,89780000.0,0.12996547815692172
2022-02-23,GOOGL,-0.02458644858052128,0.02674312182931424,47656571.428571425,0.10960273593784597
2022-02-23,JPM,0.02580182779842577,0.01363138232836707,14221738.095238095,-0.053803136129936924
2022-02-23,MSFT,-0.052368764831487336,0.020820880720019017,42182557.14285714,0.08502521922017636
2022-02-24,AAPL,0.019823038923869607,0.021912210908645993,93628223.8095238,0.07361471092045058
2022-02-24,AMZN,0.0812367657635249,0.04074797137465002,90254380.95238096,0.08863420945504963
2022-02-24,GOOGL,0.0453460417786784,0.027309588866393935,48013523.809523806,0.06769112251132414
2022-02-24,JPM,-0.013512284424958332,0.01483600790832145,14542652.38095238,-0.018194696939250687
2022-02-24,MSFT,0.023256131224880683,0.02307775369852213,41427371.428571425,0.030856486548906714
2022-02-25,AAPL,0.03362807930829259,0.022057434128835433,92851980.95238096,0.06521076238785861
2022-02-25,AMZN,0.10740787865442902,0.04071817023082236,88673142.85714285,0.09885001840022145
2022-02-25,GOOGL,0.04044218174397729,0.027192469067534555,47407619.047619045,0.052030645415359844
2022-02-25,JPM,0.0003379825376459422,0.015616870073591242,14431157.142857144,-0.04798273199465419
2022-02-25,MSFT,0.004093875660427626,0.022315139593145242,38671076.190476194,0.04503727741685304
2022-02-28,AAPL,0.038376728782571146,0.022030784586190604,91571123.8095238,0.08381779082094476
2022-02-28,AMZN,0.09972612583394036,0.040747685346184025,87728761.90476191,0.10257678306780527
2022-02-28,GOOGL,0.04691262411367836,0.027180539784616233,47736857.14285714,0.05515082978193164
2022-02-28,JPM,-0.024154929345607257,0.017725527966318173,15087276.19047619,-0.0043725981120416035
2022-02-28,MSFT,-0.0014413465326914565,0.022221767441605995,37773276.190476194,0.0556244146943754
2022-03-01,AAPL,-0.04063919155597573,0.01579084023781241,86977728.57142857,0.08927696546457731
2022-03-01,AMZN,0.04975761312676852,0.04054758161101584,86323142.85714285,0.1002963885183219
2022-03-01,GOOGL,0.005328111149076831,0.026289498224089453,47362285.71428572,0.058756831952608835
2022-03-01,JPM,-0.06929966180619662,0.019273085808829967,16169342.857142856,0.029974574726630898
2022-03-01,MSFT,-0.04119943126047221,0.021431893471973384,36891090.47619048,0.06411244396133364
2022-03-02,AAPL,-0.04581644855736833,0.01534002445336439,85272166.66666667,0.04833083379207426
2022-03-02,AMZN,0.016573817420524106,0.039723052190181046,84848190.47619048,0.07198166205766166
2022-03-02,GOOGL,-0.005409813464012259,0.026105330620321863,46578190.47619048,0.03340957211238038
2022-03-02,JPM,-0.06271867326062597,0.019645480694404183,16427433.333333334,-0.021252251173038972
2022-03-02,MSFT,-0.032700844626972536,0.021739784523771573,36197209.52380952,0.0270496728764138
2022-03-03,AAPL,-0.04677985516872174,0.015337836438775301,84818095.23809524,0.048607553118053204
2022-03-03,AMZN,-0.021793253286508052,0.04014548772855582,85132857.14285715,0.10589356334618016
2022-03-03,GOOGL,-0.02720397170555955,0.025821067307165445,44481047.61904762,0.04668414452282721
2022-03-03,JPM,-0.08508095821390471,0.019113386110978056,16525333.333333334,-0.021548768965660825
2022-03-03,MSFT,-0.039603801617907,0.02188847306731552,35547880.952380955,0.04562067293144434
2022-03-04,AAPL,-0.07087189312213094,0.01557734451290175,84762042.85714285,0.093583296234933
2022-03-04,AMZN,-0.03300852506463425,0.04027291392394969,83875904.76190476,0.15590039277175927
2022-03-04,GOOGL,-0.1087399725767394,0.019142005950602434,40063428.571428575,0.08388524348372717
2022-03-04,JPM,-0.10364150047245302,0.01981327007171596,16933661.904761903,0.011235292266785768
2022-03-04,MSFT,-0.07337679768380045,0.021895261256130144,35344095.23809524,0.08662799185591008
2022-03-07,AAPL,-0.07748412144345762,0.015947451153384477,85095409.52380952,0.09893290483816997
2022-03-07,AMZN,-0.010029145945014473,0.03841189691714275,77276000.0,0.19353516605018584
2022-03-07,GOOGL,-0.11679003457042858,0.019859445427950186,38806000.0,0.11245975801023178
2022-03-07,JPM,-0.13106918104577503,0.021126153660302863,17652004.76190476,0.03961263234619605
2022-03-07,MSFT,-0.07224353389532367,0.02180112281870109,35316819.047619045,0.11462507465527416
2022-03-08,AAPL,-0.08672206995990095,0.01603272251924351,87413642.85714285,0.09139984200402007
2022-03-08,AMZN,-0.13718008855236763,0.022737474578797115,69571523.8095238,0.16719909677595957
2022-03-08,GOOGL,-0.112974801692178,0.019959243367280104,37969333.333333336,0.07429731335353673
2022-03-08,JPM,-0.15901932776290328,0.01977912580275667,17773595.23809524,0.032460620378854
2022-03-08,MSFT,-0.09648830588607071,0.02141612112803478,35938866.666666664,0.08573514786711067
2022-03-09,AAPL,-0.05073984454212421,0.01817024699519134,88090009.52380952,0.05639782742590915
2022-03-09,AMZN,-0.11812729887103579,0.023651540646379816,68620666.66666667,0.13286634912353912
2022-03-09,GOOGL,-0.041529932374552714,0.02257233355551679,37114666.666666664,0.018501756183819884
2022-03-09,JPM,-0.12824208425674088,0.022297123477381255,18009971.42857143,-0.01032902557662252
2022-03-09,MSFT,-0.03938704221406775,0.023872795056429134,36256542.85714286,0.044609711139615316
2022-03-10,AAPL,-0.09329059090370828,0.018289583143082606,89543000.0,0.07298766482875396
2022-03-10,AMZN,-0.09042609961151948,0.026409656609370998,71431238.09523809,0.05205775781576727
2022-03-10,GOOGL,-0.04999657441151706,0.022592201681097112,35820285.71428572,0.006478700826116457
2022-03-10,JPM,-0.1544726314315572,0.02156371560346559,17781057.14285714,0.019865520603277176
2022-03-10,MSFT,-0.060347894779077094,0.02372796451163676,36171152.38095238,0.0398476503726668
2022-03-11,AAPL,-0.12224865627239412,0.018512459488441966,90766100.0,0.07122089066268833
2022-03-11,AMZN,-0.09718370857222103,0.02642017853815029,71436666.66666667,0.03846423239615748
2022-03-11,GOOGL,-0.08278370122583933,0.022496130690928644,35409904.76190476,-0.00806194687536399
2022-03-11,JPM,-0.17694776713469462,0.021613566065114023,18301566.666666668,0.039536469255414985
2022-03-11,MSFT,-0.0982002448764373,0.02329665778617664,35977085.71428572,0.01853101136529034
2022-03-14,AAPL,-0.12491288110578924,0.018663789769257658,91616871.42857143,0.113132591470539
2022-03-14,AMZN,-0.10786239331437897,0.0267404701627233,71713714.28571428,0.06298428286497315
2022-03-14,GOOGL,-0.09139364647146209,0.0229310778863036,35385238.0952381,0.0140014342288306
2022-03-14,JPM,-0.1653094446481087,0.02198698884245476,18269723.80952381,0.01801505459278485
2022-03-14,MSFT,-0.08389568863327634,0.022748381367967217,35275871.428571425,0.020329890802560202
2022-03-15,AAPL,-0.08034865230141619,0.019919431591850653,91345138.09523809,0.09871702065675403
2022-03-15,AMZN,-0.03866440419567796,0.027400425305662262,71641523.8095238,0.055470540891719766
2022-03-15,GOOGL,-0.03786410718351896,0.02295467130473015,34954857.14285714,0.005387186760378082
2022-03-15,JPM,-0.13929327626372412,0.022673649789488125,18187180.95238095,-0.03197784513714752
2022-03-15,MSFT,-0.02472972388557293,0.024048368266528602,35041085.71428572,0.0016369538583078658
2022-03-16,AAPL,-0.055009744413313855,0.021152483279783595,92112504.76190476,0.03571676461174578
2022-03-16,AMZN,-0.013295374925324732,0.028661222876822497,71723809.52380952,-0.009127826041198217
2022-03-16,GOOGL,-0.016568782029599105,0.023977253298580328,35015523.809523806,-0.04914821866644603
2022-03-16,JPM,-0.09239981758531357,0.02529373914469624,18345676.19047619,-0.08197322803392926
2022-03-16,MSFT,-4.3037431267656245e-06,0.02471658029983297,35110933.333333336,-0.04945818330689211
2022-03-17,AAPL,-0.07043200179715581,0.020442780326468325,92735742.85714285,0.027705176691638744
2022-03-17,AMZN,0.004654642182486457,0.02922055072366123,72509238.09523809,-0.02832627271814192
2022-03-17,GOOGL,-0.02027347021803738,0.023924126247062732,35090952.38095238,-0.04604409573699775
2022-03-17,JPM,-0.09417033351425996,0.025223280933366694,18705223.80952381,-0.07661651468354069
2022-03-17,MSFT,-0.015440967531006433,0.024371709005379234,35289900.0,-0.04979337253552607
2022-03-18,AAPL,-0.04966682332875039,0.021114169222584363,95704042.85714285,0.02085611195111059
2022-03-18,AMZN,0.019924094276437376,0.029659751631478454,74902476.1904762,-0.019441860315472237
2022-03-18,GOOGL,-0.011707043540100992,0.024165551309218675,36021619.047619045,-0.04493263008046822
2022-03-18,JPM,-0.09612917072602889,0.025201053012223716,19399509.523809522,-0.057159734325238465
2022-03-18,MSFT,0.0031049578114292764,0.02468822931478641,35928400.0,-0.05036109041736103
2022-03-21,AAPL,-0.020725169852847114,0.020767986278149977,96952714.28571428,0.011186736703539424
2022-03-21,AMZN,0.044221753146870935,0.029181754372885,75021809.52380952,-0.0464018212488545
2022-03-21,GOOGL,0.02687896296239467,0.022592998103418277,35444571.428571425,-0.059231690255858394
2022-03-21,JPM,-0.07779159351347453,0.02484080635887867,19461823.80952381,-0.05080324346360643
2022-03-21,MSFT,0.02899589525424462,0.023768568478145742,35732666.666666664,-0.04278635399612507
2022-03-22,AAPL,0.009085747899824304,0.021184642759105813,96893633.33333333,-0.014216300468227083
2022-03-22,AMZN,0.08052021759659045,0.02921724983262323,75044761.90476191,-0.10063134325347212
2022-03-22,GOOGL,0.07258277238237154,0.022903967910402702,34962476.190476194,-0.10762658580898854
2022-03-22,JPM,-0.06257431856028972,0.02537361099332886,19548266.666666668,-0.07777439468354097
2022-03-22,MSFT,0.056020162272854,0.02383012441667304,35415319.047619045,-0.07646485508280554
2022-03-23,AAPL,0.03584449976800119,0.020809184972794215,97222200.0,-0.04946832288549374
2022-03-23,AMZN,0.0879542651312668,0.029023900482801766,74553523.8095238,-0.11662830523590806
2022-03-23,GOOGL,0.0651855459189794,0.023073902430418822,34017904.76190476,-0.13480322121853894
2022-03-23,JPM,-0.07960730077108102,0.02564544914371413,19584442.85714286,-0.08606425471592372
2022-03-23,MSFT,0.04090727295085217,0.024140336503779083,34652428.571428575,-0.08501107802762142
2022-03-24,AAPL,0.08746173113710931,0.02026158261432878,97228019.04761904,-0.0642846566848263
2022-03-24,AMZN,0.12996547815692172,0.027546344683518333,74198952.38095239,-0.10739721102246413
2022-03-24,GOOGL,0.10960273593784597,0.022994591645297154,33713619.047619045,-0.1306613915707635
2022-03-24,JPM,-0.053803136129936924,0.02541760258258411,19499614.285714287,-0.09226211078652624
2022-03-24,MSFT,0.08502521922017636,0.023409327583514793,34017823.809523806,-0.07688255123454968
2022-03-25,AAPL,0.07361471092045058,0.02005868973135057,94342242.85714285,-0.10256432923287462
2022-03-25,AMZN,0.08863420945504963,0.026070807779616862,71734476.1904762,-0.15404474803946733
2022-03-25,GOOGL,0.06769112251132414,0.02157790915823804,32269333.333333332,-0.16250806634435722
2022-03-25,JPM,-0.018194696939250687,0.024827875559227493,18677157.14285714,-0.1267484078704878
2022-03-25,MSFT,0.030856486548906714,0.020803700509922498,32378623.80952381,-0.11018150842206964
2022-03-28,AAPL,0.06521076238785861,0.01994749425549715,94265942.85714285,-0.1083713284492751
2022-03-28,AMZN,0.09885001840022145,0.026365789507296653,71613428.57142857,-0.18239775291308025
2022-03-28,GOOGL,0.052030645415359844,0.02147761890292119,32204761.904761903,-0.19201078640154612
2022-03-28,JPM,-0.04798273199465419,0.024229617180059535,18317652.38095238,-0.13168156907779704
2022-03-28,MSFT,0.04503727741685304,0.021271953379504317,32237266.666666668,-0.08844567762827171
2022-03-29,AAPL,0.08381779082094476,0.020242119832496863,94529409.52380952,-0.08560584351916034
2022-03-29,AMZN,0.10257678306780527,0.026335694800574693,72016761.90476191,-0.1459912323358893
2022-03-29,GOOGL,0.05515082978193164,0.021499976055712983,31988285.714285713,-0.16829524659966066
2022-03-29,JPM,-0.0043725981120416035,0.022468480835696355,17365328.57142857,-0.11988764801007701
2022-03-29,MSFT,0.0556244146943754,0.021450976366681616,32035642.85714286,-0.0817348822538112
2022-03-30,AAPL,0.08927696546457731,0.020077994576746243,94965542.85714285,-0.1131799485768683
2022-03-30,AMZN,0.1002963885183219,0.026419527186639584,72554571.42857143,-0.25267132728282693
2022-03-30,GOOGL,0.058756831952608835,0.021432540347129107,31673428.57142857,-0.19606399851015832
2022-03-30,JPM,0.029974574726630898,0.020783560325068375,16028690.476190476,-0.14440927394132785
2022-03-30,MSFT,0.06411244396133364,0.021230211733245595,31890204.76190476,-0.1157840123420596
2022-03-31,AAPL,0.04833083379207426,0.020263674447785256,96076233.33333333,-0.09535534376221022
2022-03-31,AMZN,0.07198166205766166,0.026962589755025065,73156095.23809524,-0.23618459261777813
2022-03-31,GOOGL,0.03340957211238038,0.02201768852250619,32340285.714285713,-0.16168052352564566
2022-03-31,JPM,-0.021252251173038972,0.02139107230871749,15930990.476190476,-0.10986772443003212
2022-03-31,MSFT,0.0270496728764138,0.02142067091657707,31963971.42857143,-0.07732453856271782
2022-04-01,AAPL,0.048607553118053204,0.02026087825716515,96174942.85714285,-0.08507829211339879
2022-04-01,AMZN,0.10589356334618016,0.026014199414710056,72770000.0,-0.24031851463205567
2022-04-01,GOOGL,0.04668414452282721,0.021997258942829744,32404000.0,-0.16279994803439668
2022-04-01,JPM,-0.021548768965660825,0.021395604108268254,15887204.761904761,-0.08401501761597363
2022-04-01,MSFT,0.04562067293144434,0.021117916172915988,31954257.14285714,-0.08932870140043081
2022-04-04,AAPL,0.093583296234933,0.02017575801502039,95828809.52380952,-0.06960331731895342
2022-04-04,AMZN,0.15590039277175927,0.02608374048006468,72243714.28571428,-0.25196841115674085
2022-04-04,GOOGL,0.08388524348372717,0.021948141155884122,32190285.714285713,-0.1448574900931534
2022-04-04,JPM,0.011235292266785768,0.02047770155606544,15715795.238095239,-0.05789046972920098
2022-04-04,MSFT,0.08662799185591008,0.020702410368729742,31570119.04761905,-0.07934081153476236
2022-04-05,AAPL,0.09893290483816997,0.019866780346588796,94732761.90476191,-0.10447853772771476
2022-04-05,AMZN,0.19353516605018584,0.02302824608781689,70662476.1904762,-0.29043916444093243
2022-04-05,GOOGL,0.11245975801023178,0.019898811692422205,31062000.0,-0.17131611606671826
2022-04-05,JPM,0.03961263234619605,0.01865056069192426,14980090.476190476,-0.07064665118501778
2022-04-05,MSFT,0.11462507465527416,0.01881147806464926,30617714.285714287,-0.1078551669055745
2022-04-06,AAPL,0.09139984200402007,0.020198082556787452,92728500.0,-0.08333175954270966
2022-04-06,AMZN,0.16719909677595957,0.024389997398183292,70062190.47619048,-0.2770509368638707
2022-04-06,GOOGL,0.07429731335353673,0.02123737396387549,30682952.38095238,-0.1523384563006045
2022-04-06,JPM,0.032460620378854,0.018874681668482808,14680419.047619049,-0.05909220980985286
2022-04-06,MSFT,0.08573514786711067,0.02066388123643067,30234423.80952381,-0.08270446806591236
2022-04-07,AAPL,0.05639782742590915,0.018940912242331773,92068490.47619048,-0.11535144404103093
2022-04-07,AMZN,0.13286634912353912,0.02426695576846348,69370761.90476191,-0.3105216204336997
2022-04-07,GOOGL,0.018501756183819884,0.018478993806686245,30169047.61904762,-0.17203446749444118
2022-04-07,JPM,-0.01032902557662252,0.01671313305324284,14464133.333333334,-0.0704098221783449
2022-04-07,MSFT,0.044609711139615316,0.01834141717149434,30053790.476190478,-0.12207567835265476
2022-04-08,AAPL,0.07298766482875396,0.01800226637666481,90698657.14285715,-0.09026399299739019
2022-04-08,AMZN,0.05205775781576727,0.0223165386155611,65129809.52380952,-0.2952307891858742
2022-04-08,GOOGL,0.006478700826116457,0.0189188482135297,30075714.285714287,-0.1417425150171182
2022-04-08,JPM,0.019865520603277176,0.016970727308828083,14346166.666666666,-0.10937149904686727
2022-04-08,MSFT,0.0398476503726668,0.018518648489742547,29755404.76190476,-0.09250102952894879
2022-04-11,AAPL,0.07122089066268833,0.018127661352088164,89521352.38095239,-0.11484029476166369
2022-04-11,AMZN,0.03846423239615748,0.02281487353385714,64330380.952380955,-0.302735499671797
2022-04-11,GOOGL,-0.00806194687536399,0.019888086287492942,30330857.14285714,-0.11815382908230498
2022-04-11,JPM,0.039536469255414985,0.016138230994117857,13889242.857142856,-0.11172930629883648
2022-04-11,MSFT,0.01853101136529034,0.02012744411717993,30105880.95238095,-0.08662267723005346
2022-04-12,AAPL,0.113132591470539,0.01683527589363548,88118166.66666667,-0.1484586515735823
2022-04-12,AMZN,0.06298428286497315,0.02197651923434902,63430000.0,-0.29085307543708216
2022-04-12,GOOGL,0.0140014342288306,0.018788730521799128,30040285.714285713,-0.11643543708978499
2022-04-12,JPM,0.01801505459278485,0.016267056622688035,13756052.38095238,-0.10263037846463452
2022-04-12,MSFT,0.020329890802560202,0.020070203112602793,30120452.38095238,-0.09469610236944215
2022-04-13,AAPL,0.09871702065675403,0.016103498624824814,87054100.0,-0.13541015177405136
2022-04-13,AMZN,0.055470540891719766,0.021431299076102115,62373142.85714286,-0.2731498444847641
2022-04-13,GOOGL,0.005387186760378082,0.01830002227076246,29897809.523809522,-0.10657542200153625
2022-04-13,JPM,-0.03197784513714752,0.017313291894423023,14505642.857142856,-0.06449320439417783
2022-04-13,MSFT,0.0016369538583078658,0.01866872017859859,29532933.333333332,-0.09213570591530673
2022-04-14,AAPL,0.03571676461174578,0.016767320750430467,85769776.1904762,-0.11819334382677293
2022-04-14,AMZN,-0.009127826041198217,0.02054321853301824,60784571.428571425,-0.26957313530144167
2022-04-14,GOOGL,-0.04914821866644603,0.01759268318377917,29708380.95238095,-0.09693839535748416
2022-04-14,JPM,-0.08197322803392926,0.013773053227341021,14433276.19047619,-0.06232168043196906
2022-04-14,MSFT,-0.04945818330689211,0.01865964605644859,29075566.666666668,-0.065504173910504
2022-04-18,AAPL,0.027705176691638744,0.016745478490550567,85455895.23809524,-0.09457031857325604
2022-04-18,AMZN,-0.02832627271814192,0.019663868839141608,59526476.190476194,-0.24489644277522293
2022-04-18,GOOGL,-0.04604409573699775,0.017667069135270542,29353333.333333332,-0.08774908574028717
2022-04-18,JPM,-0.07661651468354069,0.014183759253719454,14184890.476190476,-0.04888683450678033
2022-04-18,MSFT,-0.04979337253552607,0.018655006072349344,28597538.095238097,-0.04883787286862251
2022-04-19,AAPL,0.02085611195111059,0.016412180767881458,82799328.57142857,-0.15754527718042777
2022-04-19,AMZN,-0.019441860315472237,0.020393286292202707,57239047.61904762,-0.32256795020621476
2022-04-19,GOOGL,-0.04493263008046822,0.01773315274893773,28492571.42857143,-0.1392943378042476
2022-04-19,JPM,-0.057159734325238465,0.01514372548806367,13773409.523809524,-0.08412150271462959
2022-04-19,MSFT,-0.05036109041736103,0.018623004604786116,27593114.285714287,-0.10735446136335403
2022-04-20,AAPL,0.011186736703539424,0.016328255038754506,81471633.33333333,-0.17746935694171717
2022-04-20,AMZN,-0.0464018212488545,0.02111508314539712,56910095.23809524,-0.3031143295463632
2022-04-20,GOOGL,-0.059231690255858394,0.017954107812114203,28724190.476190478,-0.13789432868795526
2022-04-20,JPM,-0.05080324346360643,0.015203015537285727,13809319.047619049,-0.10085136512438564
2022-04-20,MSFT,-0.04278635399612507,0.01866233219507239,27333852.38095238,-0.11394901865224949
2022-04-21,AAPL,-0.014216300468227083,0.015693003868409324,81742861.90476191,-0.17202169385054034
2022-04-21,AMZN,-0.10063134325347212,0.021733475992032746,56904571.428571425,-0.27448481678721914
2022-04-21,GOOGL,-0.10762658580898854,0.017163854954071772,28769428.57142857,-0.1274409801426406
2022-04-21,JPM,-0.07777439468354097,0.014235217054265219,13743871.42857143,-0.10125629524627067
2022-04-21,MSFT,-0.07646485508280554,0.018540916435996105,27422180.95238095,-0.09850691317843785
2022-04-22,AAPL,-0.04946832288549374,0.016626894864013014,81115228.57142857,-0.1141586636189642
2022-04-22,AMZN,-0.11662830523590806,0.022237088199386985,57726761.9047619,-0.2548874633963494
2022-04-22,GOOGL,-0.13480322121853894,0.01887288837932265,30280380.95238095,-0.06810269659750146
2022-04-22,JPM,-0.08606425471592372,0.01485179256172954,13849852.38095238,-0.017427582517768214
2022-04-22,MSFT,-0.08501107802762142,0.018924199334492468,27597914.285714287,-0.046611325373008716
2022-04-25,AAPL,-0.0642846566848263,0.01577235494699535,81396895.23809524,-0.13699527101460784
2022-04-25,AMZN,-0.10739721102246413,0.02252033861092054,57968476.190476194,-0.2873475442557515
2022-04-25,GOOGL,-0.1306613915707635,0.019295044366762677,31220000.0,-0.13897313050928572
2022-04-25,JPM,-0.09226211078652624,0.014680052599036774,14189442.857142856,-0.003234302105450504
2022-04-25,MSFT,-0.07688255123454968,0.019481748774691266,28130980.95238095,-0.0730099728996556
2022-04-26,AAPL,-0.10256432923287462,0.01735632728706975,82114847.61904761,-0.10250971754881955
2022-04-26,AMZN,-0.15404474803946733,0.023994799888429022,59325523.809523806,-0.23398930655494854
2022-04-26,GOOGL,-0.16250806634435722,0.020247722415863905,33549904.76190476,-0.10825958125693802
2022-04-26,JPM,-0.1267484078704878,0.015320207978830122,14609728.57142857,0.03430324244446514
2022-04-26,MSFT,-0.11018150842206964,0.020814984539747203,29271547.61904762,-0.026232941141994703
2022-04-27,AAPL,-0.1083713284492751,0.017225913723172465,82004909.52380952,-0.080339633816784
2022-04-27,AMZN,-0.18239775291308025,0.02275331741582582,59872285.71428572,-0.1960635071811292
2022-04-27,GOOGL,-0.19201078640154612,0.021104405288971666,36253238.0952381,-0.05688818722282363
2022-04-27,JPM,-0.13168156907779704,0.015388649990930746,14914352.38095238,0.06605173200845038
2022-04-27,MSFT,-0.08844567762827171,0.023110892682783796,30885809.523809522,-0.05896678011837553
2022-04-28,AAPL,-0.08560584351916034,0.019813340306398454,83415738.09523809,-0.08420986395482033
2022-04-28,AMZN,-0.1459912323358893,0.025739810085954804,62308571.428571425,-0.20367019702676448
2022-04-28,GOOGL,-0.16829524659966066,0.02319951171794222,36946857.14285714,-0.05236146695832078
2022-04-28,JPM,-0.11988764801007701,0.016049828080509695,14995261.904761905,0.06429388780649092
2022-04-28,MSFT,-0.0817348822538112,0.023477662480126966,31040723.80952381,-0.05439223194963738
2022-04-29,AAPL,-0.1131799485768683,0.021048439271456634,85278328.57142857,-0.05449617490838066
2022-04-29,AMZN,-0.25267132728282693,0.03885597441102236,72617809.52380952,-0.03276431760316645
2022-04-29,GOOGL,-0.19606399851015832,0.02399813125956246,38032190.47619048,-0.0030451729223677226
2022-04-29,JPM,-0.14440927394132785,0.017039011588233767,15285919.047619049,0.10782508623251674
2022-04-29,MSFT,-0.1157840123420596,0.024903425859633174,31465023.80952381,-0.01807719625351145
2022-05-02,AAPL,-0.09535534376221022,0.02091282603453916,86230995.23809524,-0.05717586826547205
2022-05-02,AMZN,-0.23618459261777813,0.03895175803798121,76847428.57142857,-0.022618489093091165
2022-05-02,GOOGL,-0.16168052352564566,0.024838180666496415,37937428.571428575,-0.023082198070521143
2022-05-02,JPM,-0.10986772443003212,0.016558846716409756,15342638.095238095,0.07853874411652906
2022-05-02,MSFT,-0.07732453856271782,0.025598001676979523,31547357.14285714,-0.040129219290654605
2022-05-03,AAPL,-0.08507829211339879,0.02113492358942683,86717433.33333333,-0.05046314113444195
2022-05-03,AMZN,-0.24031851463205567,0.038862073995050164,77897142.85714285,0.01012043665309581
2022-05-03,GOOGL,-0.16279994803439668,0.024796930501003726,37891047.61904762,0.002458738008425554
2022-05-03,JPM,-0.08401501761597363,0.017548959726473665,15342619.047619049,0.07290907089477483
2022-05-03,MSFT,-0.08932870140043081,0.025575168842032245,31493457.14285714,-0.023282384312554694
2022-05-04,AAPL,-0.06960331731895342,0.022559539301659208,88231152.38095239,-0.12303575130439326
2022-05-04,AMZN,-0.25196841115674085,0.03816553065156134,80795428.57142857,-0.028416910521819716
2022-05-04,GOOGL,-0.1448574900931534,0.026446816920094967,39032666.666666664,-0.06314354682661683
2022-05-04,JPM,-0.05789046972920098,0.019268410781522704,15328909.523809524,0.024075417394595178
2022-05-04,MSFT,-0.07934081153476236,0.026166097260133532,31936776.19047619,-0.06666360821696204
2022-05-05,AAPL,-0.10447853772771476,0.025124983575055514,90951319.04761904,-0.06643670089681475
2022-05-05,AMZN,-0.29043916444093243,0.04048272097545901,85112761.90476191,0.07201459879465433
2022-05-05,GOOGL,-0.17131611606671826,0.02779567805372586,40195619.047619045,0.0027038340499043745
2022-05-05,JPM,-0.07064665118501778,0.0197943371883173,15469152.38095238,0.046885304574876274
2022-05-05,MSFT,-0.1078551669055745,0.027529028447505627,32894095.23809524,-0.028750863385861303
2022-05-06,AAPL,-0.08333175954270966,0.025010564831327742,92240166.66666667,-0.054488863012733924
2022-05-06,AMZN,-0.2770509368638707,0.0402968430055833,87265333.33333333,0.07168529901463505
2022-05-06,GOOGL,-0.1523384563006045,0.027407839093387426,40540476.190476194,0.01212134157548106
2022-05-06,JPM,-0.05909220980985286,0.019646988615475362,15540733.333333334,0.051325771829800804
2022-05-06,MSFT,-0.08270446806591236,0.026594940483167306,32783138.095238097,-0.005806992302654024
2022-05-09,AAPL,-0.11535144404103093,0.025770250573725183,94810795.23809524,-0.026963153716941024
2022-05-09,AMZN,-0.3105216204336997,0.04106141112919699,90121904.76190476,0.11389937101625391
2022-05-09,GOOGL,-0.17203446749444118,0.027758277913075977,41234190.47619048,0.04162270684436975
2022-05-09,JPM,-0.0704098221783449,0.0198304815557983,15603500.0,0.050385846623505426
2022-05-09,MSFT,-0.12207567835265476,0.02743885270314152,33560033.333333336,0.024415600460717224
2022-05-10,AAPL,-0.09026399299739019,0.026144610269124093,96657995.23809524,-0.07682345374532307
2022-05-10,AMZN,-0.2952307891858742,0.04121906665301646,92952000.0,0.06697655029478855
2022-05-10,GOOGL,-0.1417425150171182,0.02817717161703913,41936952.38095238,0.003850828744532908
2022-05-10,JPM,-0.10937149904686727,0.0196936663477691,15758523.80952381,0.053999666895037324
2022-05-10,MSFT,-0.09250102952894879,0.02786077264158115,34273104.76190476,-0.015188243604254192
2022-05-11,AAPL,-0.11484029476166369,0.027798266333985425,100012428.57142857,-0.06395881825692185
2022-05-11,AMZN,-0.302735499671797,0.041356654586435365,95694476.1904762,0.04059901881927419
2022-05-11,GOOGL,-0.11815382908230498,0.027510816585195046,41967904.76190476,-0.021487073138585666
2022-05-11,JPM,-0.11172930629883648,0.019691063702434754,15956804.761904761,0.011935039172962236
2022-05-11,MSFT,-0.08662267723005346,0.027498543678721392,34959133.333333336,-0.02675407668563068
2022-05-12,AAPL,-0.1484586515735823,0.02789138859252506,104933228.57142857,-0.07491568464028375
2022-05-12,AMZN,-0.29085307543708216,0.0418074810867982,99353904.76190476,-0.030491750831252662
2022-05-12,GOOGL,-0.11643543708978499,0.027503509836597245,42973904.76190476,-0.05717189606472395
2022-05-12,JPM,-0.10263037846463452,0.019672733158750493,16115323.80952381,-0.017366946054251153
2022-05-12,MSFT,-0.09469610236944215,0.02767967530199459,35914709.52380952,-0.049053411632329125
2022-05-13,AAPL,-0.13541015177405136,0.02874407758418005,106998561.90476191,-0.09754616292968143
2022-05-13,AMZN,-0.2731498444847641,0.04359088747488417,101272666.66666667,-0.09504226011744221
2022-05-13,GOOGL,-0.10657542200153625,0.02807501931955375,43312476.190476194,-0.08043905884635982
2022-05-13,JPM,-0.06449320439417783,0.01885174984748845,15144142.857142856,-0.04223691340785107
2022-05-13,MSFT,-0.09213570591530673,0.027811921190891736,36534609.52380952,-0.06150634332402394
2022-05-16,AAPL,-0.11819334382677293,0.02826013954157591,107537342.85714285,-0.06946539147002628
2022-05-16,AMZN,-0.26957313530144167,0.04354551633344332,102366380.95238096,-0.02834120321224909
2022-05-16,GOOGL,-0.09693839535748416,0.027804355869682155,43045428.571428575,-0.04089725246548592
2022-05-16,JPM,-0.06232168043196906,0.01882016431730963,14736228.57142857,-0.02409955973033817
2022-05-16,MSFT,-0.065504173910504,0.027332107478031716,36740766.666666664,-0.035004444741608465
2022-05-17,AAPL,-0.09457031857325604,0.02905357806616253,107980790.47619048,-0.12851777134901166
2022-05-17,AMZN,-0.24489644277522293,0.0449758194687074,103791809.52380952,-0.10148780749101616
2022-05-17,GOOGL,-0.08774908574028717,0.02811281661173052,43152380.952380955,-0.0896302517118589
2022-05-17,JPM,-0.04888683450678033,0.01989056688597429,14704123.80952381,-0.07161550696564667
2022-05-17,MSFT,-0.04883787286862251,0.027781173863394935,37124138.0952381,-0.07975202343840893
2022-05-18,AAPL,-0.15754527718042777,0.030838717036709245,109981700.0,-0.06575768728989817
2022-05-18,AMZN,-0.32256795020621476,0.045390567061915084,106337238.09523809,-0.008332377692858328
2022-05-18,GOOGL,-0.1392943378042476,0.028634254604682437,43563619.047619045,-0.04250246117307188
2022-05-18,JPM,-0.08412150271462959,0.019419580995674354,14592195.238095239,-0.0587892474530598
2022-05-18,MSFT,-0.10735446136335403,0.028965645487355928,37555485.71428572,-0.02530686707009122
2022-05-19,AAPL,-0.17746935694171717,0.03101412836722942,113227690.47619048,-0.010775549424967168
2022-05-19,AMZN,-0.3031143295463632,0.04553292195375279,107694952.38095239,0.012681818298148517
2022-05-19,GOOGL,-0.13789432868795526,0.028612829066662845,43680190.47619048,0.010508744355413713
2022-05-19,JPM,-0.10085136512438564,0.019477283775834422,14560557.142857144,-0.0209618377187355
2022-05-19,MSFT,-0.11394901865224949,0.028899309410843385,38021466.666666664,0.002370388124839806
2022-05-20,AAPL,-0.17202169385054034,0.03108941123218414,115618085.71428572,-0.016280283373035442
2022-05-20,AMZN,-0.27448481678721914,0.045438579850344975,109386857.14285715,0.012631107500634009
2022-05-20,GOOGL,-0.1274409801426406,0.028344852402138594,44276190.47619048,0.023685036091335432
2022-05-20,JPM,-0.10125629524627067,0.01948083452572281,14607028.57142857,-0.018407831621524817
2022-05-20,MSFT,-0.09850691317843785,0.028724390340518536,38485500.0,0.002256776962394458
2022-05-23,AAPL,-0.1141586636189642,0.0324804927160735,117182080.95238096,-0.03381979337640151
2022-05-23,AMZN,-0.2548874633963494,0.0454399131439328,111040190.47619048,0.04539921409936687
2022-05-23,GOOGL,-0.06810269659750146,0.027838177620527833,43338095.23809524,0.006763078374045328
2022-05-23,JPM,-0.017427582517768214,0.023546110429754182,15085976.19047619,-0.08571420015323017
2022-05-23,MSFT,-0.046611325373008716,0.029414051724315077,38665004.76190476,-0.006867234814099232
2022-05-24,AAPL,-0.13699527101460784,0.03249534978213543,117567142.85714285,0.009261872656798342
2022-05-24,AMZN,-0.2873475442557515,0.04525358782612692,112995428.57142857,0.11873199607610196
2022-05-24,GOOGL,-0.13897313050928572,0.028604783141675808,44797714.28571428,0.11328651425293734
2022-05-24,JPM,-0.003234302105450504,0.023763961093604485,15189590.476190476,-0.07154149690972855
2022-05-24,MSFT,-0.0730099728996556,0.02879209308010967,38349052.38095238,0.031122838453405244
2022-05-25,AAPL,-0.10250971754881955,0.031745358266243216,117417595.23809524,0.008112536949370863
2022-05-25,AMZN,-0.23398930655494854,0.04550970032385522,113737809.52380952,0.06036056757406971
2022-05-25,GOOGL,-0.10825958125693802,0.027820909804485396,43236000.0,0.09478281587435378
2022-05-25,JPM,0.03430324244446514,0.022799382418522755,14978680.952380951,-0.08535040192969445
2022-05-25,MSFT,-0.026232941141994703,0.027843002681719308,37493314.28571428,0.009027932385242687
2022-05-26,AAPL,-0.080339633816784,0.032320276307979505,117538466.66666667,-0.044094869716501894
2022-05-26,AMZN,-0.1960635071811292,0.046899416522056744,114769523.8095238,-0.03310749597332263
2022-05-26,GOOGL,-0.05688818722282363,0.027296087850442748,40670666.666666664,0.03910283969672035
2022-05-26,JPM,0.06605173200845038,0.02277074225121449,14920380.952380951,-0.10522240753517387
2022-05-26,MSFT,-0.05896678011837553,0.025723441712563935,35661142.85714286,-0.03542699805057803
2022-05-27,AAPL,-0.08420986395482033,0.03200203701924623,115669976.1904762,-0.06956697362510256
2022-05-27,AMZN,-0.20367019702676448,0.04635723945437015,113643047.61904761,-0.05407460482642945
2022-05-27,GOOGL,-0.05236146695832078,0.027674480551109534,40148285.71428572,-0.005475567007721893
2022-05-27,JPM,0.06429388780649092,0.02272759166686077,14832866.666666666,-0.1216576850906872
2022-05-27,MSFT,-0.05439223194963738,0.025988499242974743,35340390.47619048,-0.04750387379579246
2022-05-31,AAPL,-0.05449617490838066,0.031108958356538607,114335252.38095239,-0.08142969883339024
2022-05-31,AMZN,-0.03276431760316645,0.036836162745951084,107546476.1904762,-0.11645921262241288
2022-05-31,GOOGL,-0.0030451729223677226,0.0266428887116258,40497619.047619045,-0.042184798133951484
2022-05-31,JPM,0.10782508623251674,0.021229706155174624,14934780.952380951,-0.14837787862859642
2022-05-31,MSFT,-0.01807719625351145,0.0243847442454479,35376285.71428572,-0.055320656043805094
2022-06-01,AAPL,-0.05717586826547205,0.031096112091803785,112012933.33333333,-0.06576553378876404
2022-06-01,AMZN,-0.022618489093091165,0.03694571138606658,106534095.23809524,-0.09963512653952056
2022-06-01,GOOGL,-0.023082198070521143,0.026187993551717116,40548666.666666664,-0.045257832358095995
2022-06-01,JPM,0.07853874411652906,0.02176766796674631,14564447.61904762,-0.12208451244469887
2022-06-01,MSFT,-0.040129219290654605,0.02368244250314666,34906814.28571428,-0.0471333180443938
2022-06-02,AAPL,-0.05046314113444195,0.031273382808999925,111221580.95238096,-0.06381836891293002
2022-06-02,AMZN,0.01012043665309581,0.03759017807753781,107554380.95238096,-0.09569680294995231
2022-06-02,GOOGL,0.002458738008425554,0.027162318501463483,41168857.14285714,-0.037063403898519476
2022-06-02,JPM,0.07290907089477483,0.021582550988992227,14214633.333333334,-0.13927117370176578
2022-06-02,MSFT,-0.023282384312554694,0.023700826953547083,35765366.666666664,-0.042719669557691575
2022-06-03,AAPL,-0.12303575130439326,0.030615999945129823,110284142.85714285,-0.016921200846970907
2022-06-03,AMZN,-0.028416910521819716,0.037902292658649014,106928571.42857143,-0.06554962601624192
2022-06-03,GOOGL,-0.06314354682661683,0.026001516136415437,40036476.190476194,0.00027065000717807486
2022-06-03,JPM,0.024075417394595178,0.02079300826756419,13808323.80952381,-0.1327617318405908
2022-06-03,MSFT,-0.06666360821696204,0.02289784516546824,35501542.85714286,-0.014110095870380812
2022-06-06,AAPL,-0.06643670089681475,0.02845845619352368,107478100.0,0.0014369675464931397
2022-06-06,AMZN,0.07201459879465433,0.033990770696323454,106494142.85714285,-0.06779388590756874
2022-06-06,GOOGL,0.0027038340499043745,0.024351525598764443,39450857.14285714,0.016799133519625586
2022-06-06,JPM,0.046885304574876274,0.01993918060706785,13630614.285714285,-0.10787960779894301
2022-06-06,MSFT,-0.028750863385861303,0.020946034082443367,34508204.76190476,-0.0013022555772108646
2022-06-07,AAPL,-0.054488863012733924,0.028766966203781653,105177319.04761904,-0.011230027417190036
2022-06-07,AMZN,0.07168529901463505,0.03399881415127993,104632080.95238096,-0.06065039906075331
2022-06-07,GOOGL,0.01212134157548106,0.02430389680309841,39064190.47619048,0.01881358814954326
2022-06-07,JPM,0.051325771829800804,0.019918276685062793,13264152.38095238,-0.11300399622844282
2022-06-07,MSFT,-0.005806992302654024,0.021105960916642942,33797747.61904762,-0.017761623315492248
2022-06-08,AAPL,-0.026963153716941024,0.02789675293787472,101480761.90476191,-0.020884021086386095
2022-06-08,AMZN,0.11389937101625391,0.03183162567613285,101622680.95238096,-0.07781812412467048
2022-06-08,GOOGL,0.04162270684436975,0.02339399816264782,38364476.190476194,-0.012948751128905811
2022-06-08,JPM,0.050385846623505426,0.01995808188189872,12983666.666666666,-0.1104821064717354
2022-06-08,MSFT,0.024415600460717224,0.01944990290725994,32352333.333333332,-0.02181872958836306
2022-06-09,AAPL,-0.07682345374532307,0.028611332202065395,99295347.61904761,0.02257454705266837
2022-06-09,AMZN,0.06697655029478855,0.03344996391975038,99793909.52380952,-0.05966422913590519
2022-06-09,GOOGL,0.003850828744532908,0.023630604850063294,37692952.38095238,-0.007097124168049529
2022-06-09,JPM,0.053999666895037324,0.01974415252374364,12849271.42857143,-0.09050131020821417
2022-06-09,MSFT,-0.015188243604254192,0.019599864517356368,31738204.76190476,-0.04199554549753626
2022-06-10,AAPL,-0.06395881825692185,0.027621104410467702,96854780.95238096,0.06096411635504717
2022-06-10,AMZN,0.04059901881927419,0.035092757752484965,98725433.33333333,0.00683994518525366
2022-06-10,GOOGL,-0.021487073138585666,0.0246336597365928,37879523.809523806,0.0017271049468285948
2022-06-10,JPM,0.011935039172962236,0.02236980176408776,12769028.57142857,-0.05562593873466615
2022-06-10,MSFT,-0.02675407668563068,0.020673222499301005,30902342.85714286,-0.0010671696714213974
2022-06-13,AAPL,-0.07491568464028375,0.028223660268075525,93978833.33333333,0.12579583280520956
2022-06-13,AMZN,-0.030491750831252662,0.03708211755011711,97165990.47619048,0.06713609730300485
2022-06-13,GOOGL,-0.05717189606472395,0.02628302986008405,37566000.0,0.03736164662281771
2022-06-13,JPM,-0.017366946054251153,0.02334598126529681,12792209.523809524,-0.06064893085325562
2022-06-13,MSFT,-0.049053411632329125,0.022220971645984314,30669104.76190476,0.0487906050571667
2022-06-14,AAPL,-0.09754616292968143,0.027165630087057375,92588042.85714285,0.1311390018385381
2022-06-14,AMZN,-0.09504226011744221,0.03467188097320029,96025266.66666667,0.10986223987276333
2022-06-14,GOOGL,-0.08043905884635982,0.025359182529942535,37502571.428571425,0.04743442528889097
2022-06-14,JPM,-0.04223691340785107,0.02349249976816303,12931004.761904761,-0.0009721154175721392
2022-06-14,MSFT,-0.06150634332402394,0.021660257273655167,30370361.904761903,0.050022638625877525
2022-06-15,AAPL,-0.06946539147002628,0.027643512318527328,92820861.90476191,0.08594838831386631
2022-06-15,AMZN,-0.02834120321224909,0.03656956656183204,96522652.38095239,0.05656175416413878
2022-06-15,GOOGL,-0.04089725246548592,0.026184847708269357,38155333.333333336,-0.006691814063447099
2022-06-15,JPM,-0.02409955973033817,0.023643219665744612,13112647.61904762,-0.022798258918333536
2022-06-15,MSFT,-0.035004444741608465,0.022787324299507174,30397066.666666668,0.009890505417303519
2022-06-16,AAPL,-0.12851777134901166,0.02793728966119399,94239319.04761904,0.16100241523326564
2022-06-16,AMZN,-0.10148780749101616,0.036080161776581444,96795904.76190476,0.14036267517209922
2022-06-16,GOOGL,-0.0896302517118589,0.02669785187145229,39518666.666666664,0.07333990410852143
2022-06-16,JPM,-0.07161550696564667,0.02254429899748607,13377633.333333334,0.018895824902347647
2022-06-16,MSFT,-0.07975202343840893,0.02286412583254702,30603752.38095238,0.05943582186532925
2022-06-17,AAPL,-0.06575768728989817,0.025667346852701885,95419195.23809524,0.1632716835518837
2022-06-17,AMZN,-0.008332377692858328,0.03312196031016883,96386004.76190476,0.15580865404036115
2022-06-17,GOOGL,-0.04250246117307188,0.025607881367162112,40292476.190476194,0.06306033338178363
2022-06-17,JPM,-0.0587892474530598,0.022321925686456905,14246919.047619049,0.02232306810570872
2022-06-17,MSFT,-0.02530686707009122,0.020937963010376936,31162266.666666668,0.05903512605631778
2022-06-21,AAPL,-0.010775549424967168,0.026287340424237887,92795619.04761904,0.1433725122032905
2022-06-21,AMZN,0.012681818298148517,0.03350157364799161,95565014.28571428,0.146761105110915
2022-06-21,GOOGL,0.010508744355413713,0.02708137221330851,40924476.190476194,0.025066280066320168
2022-06-21,JPM,-0.0209618377187355,0.022906528441565235,14195238.095238095,0.004403764995771553
2022-06-21,MSFT,0.002370388124839806,0.02165410866687832,31030647.61904762,0.0437453036403741
2022-06-22,AAPL,-0.016280283373035442,0.026294993235951254,89747195.23809524,0.13845604031654268
2022-06-22,AMZN,0.012631107500634009,0.03350147073844873,93685971.42857143,0.12363470948147137
2022-06-22,GOOGL,0.023685036091335432,0.026888432669816713,40058380.952380955,-0.03217853109342994
2022-06-22,JPM,-0.018407831621524817,0.02287145049868113,14037742.857142856,0.005166718425883676
2022-06-22,MSFT,0.002256776962394458,0.021654809120500794,30399247.61904762,0.028562318742516135
2022-06-23,AAPL,-0.03381979337640151,0.02515088134183716,87590409.52380952,0.10616870697867253
2022-06-23,AMZN,0.04539921409936687,0.03416851031009166,91616795.23809524,0.07737457096530975
2022-06-23,GOOGL,0.006763078374045328,0.026438778251325235,39638285.71428572,-0.04215874305484557
2022-06-23,JPM,-0.08571420015323017,0.017900344665516644,13441304.761904761,0.020358073895637263
2022-06-23,MSFT,-0.006867234814099232,0.021055929251936483,30050961.904761903,-0.00011597372670157924
2022-06-24,AAPL,0.009261872656798342,0.02540545743760394,86875366.66666667,0.07016812068768519
2022-06-24,AMZN,0.11873199607610196,0.033920618370527185,90042204.76190476,-0.014167967876095422
2022-06-24,GOOGL,0.11328651425293734,0.026005673136996695,37942285.71428572,-0.10981140348185625
2022-06-24,JPM,-0.07154149690972855,0.018995983139697283,13227790.476190476,-0.02469086453553082
2022-06-24,MSFT,0.031122838453405244,0.022312868384635084,30283309.523809522,-0.059021572967389746
2022-06-27,AAPL,0.008112536949370863,0.02540579747555633,85814661.90476191,0.10680502951132431
2022-06-27,AMZN,0.06036056757406971,0.03436702276940585,88566642.85714285,0.06845080300690598
2022-06-27,GOOGL,0.09478281587435378,0.026476939799396797,37759523.809523806,-0.02394394517128251
2022-06-27,JPM,-0.08535040192969445,0.018869887324453143,13156366.666666666,-0.001036460998673605
2022-06-27,MSFT,0.009027932385242687,0.022353947492237413,30096033.333333332,0.014534330057413003
2022-06-28,AAPL,-0.044094869716501894,0.025688700325371544,84694752.38095239,0.1448629937074981
2022-06-28,AMZN,-0.03310749597332263,0.035253599166329884,87706685.71428572,0.13854745849172545
2022-06-28,GOOGL,0.03910283969672035,0.027489260218332475,37656857.14285714,0.019753191007726656
2022-06-28,JPM,-0.10522240753517387,0.018224341475416524,12946842.857142856,4.795868436224815e-05
2022-06-28,MSFT,-0.03542699805057803,0.02323892492481009,30205242.85714286,0.0777056147978683
2022-06-29,AAPL,-0.06956697362510256,0.02405057976283459,83516842.85714285,0.16720517712997895
2022-06-29,AMZN,-0.05407460482642945,0.03438414102966116,86407414.28571428,0.2389827324356164
2022-06-29,GOOGL,-0.005475567007721893,0.02594185138579945,37028380.952380955,0.04134680895236853
2022-06-29,JPM,-0.1216576850906872,0.017685433247855795,12859252.38095238,0.009370878924881643
2022-06-29,MSFT,-0.04750387379579246,0.02259512156878614,29879480.95238095,0.07869059193063266
2022-06-30,AAPL,-0.08142969883339024,0.024266738193808854,83290466.66666667,0.1813194250896688
2022-06-30,AMZN,-0.11645921262241288,0.03302974093396374,84171480.95238096,0.27473873040868657
2022-06-30,GOOGL,-0.042184798133951484,0.02629906230481413,36702571.428571425,0.05411944294396975
2022-06-30,JPM,-0.14837787862859642,0.01779519545659196,12771519.047619049,0.0231797263375777
2022-06-30,MSFT,-0.055320656043805094,0.022718234541522487,29589157.14285714,0.08246691909252202
2022-07-01,AAPL,-0.06576553378876404,0.02464964059583795,83136419.04761904,0.15173083260699727
2022-07-01,AMZN,-0.09963512653952056,0.03380270164676226,81575919.04761904,0.22453456235574754
2022-07-01,GOOGL,-0.045257832358095995,0.026290908181992242,36648761.9047619,0.058788443032482096
2022-07-01,JPM,-0.12208451244469887,0.018163534688296415,12762261.904761905,-0.005484252988113725
2022-07-01,MSFT,-0.0471333180443938,0.02288234741201247,29472276.19047619,0.05871059140451895
2022-07-05,AAPL,-0.06381836891293002,0.024738732356078458,83184309.52380952,0.17356590623989265
2022-07-05,AMZN,-0.09569680294995231,0.03405559795593808,80434190.47619048,0.22925113896441363
2022-07-05,GOOGL,-0.037063403898519476,0.026937871032850048,36713047.61904762,0.04252929855510201
2022-07-05,JPM,-0.13927117370176578,0.017457752985747945,12959376.19047619,0.008790528832715028
2022-07-05,MSFT,-0.042719669557691575,0.02300644030454814,28469076.19047619,0.07464361994599389
2022-07-06,AAPL,-0.016921200846970907,0.023461751726498503,82493547.61904761,0.16015966567002793
2022-07-06,AMZN,-0.06554962601624192,0.03379279785600196,78974900.0,0.2470043299299014
2022-07-06,GOOGL,0.00027065000717807486,0.026459425631820778,37250952.38095238,0.03157836004256631
2022-07-06,JPM,-0.1327617318405908,0.017384596847279752,13057480.952380951,0.004200777575077863
2022-07-06,MSFT,-0.014110095870380812,0.02295600558144275,28267428.57142857,0.06551243005777718
2022-07-07,AAPL,0.0014369675464931397,0.02404319532139063,82239038.09523809,0.13139509658256143
2022-07-07,AMZN,-0.06779388590756874,0.033714957032588366,75289342.85714285,0.21034987394086646
2022-07-07,GOOGL,0.016799133519625586,0.027323681239619382,37603047.61904762,-0.011053683707497597
2022-07-07,JPM,-0.10787960779894301,0.018725257463975457,13011000.0,0.00906529674945089
2022-07-07,MSFT,-0.0013022555772108646,0.023008821734346492,28194076.19047619,0.05406115336614303
2022-07-08,AAPL,-0.011230027417190036,0.023743942614058707,82083780.95238096,0.12281711043841503
2022-07-08,AMZN,-0.06065039906075331,0.03362573134476626,73411390.47619048,0.2065951407083133
2022-07-08,GOOGL,0.01881358814954326,0.027333185413867662,37919619.047619045,-0.01720517411640854
2022-07-08,JPM,-0.11300399622844282,0.018646172221047225,13110314.285714285,-8.746970075290683e-05
2022-07-08,MSFT,-0.017761623315492248,0.022797089068471728,28041604.76190476,0.04729892546394132
2022-07-11,AAPL,-0.020884021086386095,0.023935517027639748,82521466.66666667,0.13998097929939557
2022-07-11,AMZN,-0.07781812412467048,0.03418173053869086,72866676.1904762,0.23337809244791674
2022-07-11,GOOGL,-0.012948751128905811,0.028215419522349558,38161904.76190476,0.008242807642808936
2022-07-11,JPM,-0.1104821064717354,0.018578114759562978,13087333.333333334,0.02232862561980209
2022-07-11,MSFT,-0.02181872958836306,0.02287801302780405,28140790.476190478,0.06725610769407031
2022-07-12,AAPL,0.02257454705266837,0.022569115710405298,82907933.33333333,0.16190218537131784
2022-07-12,AMZN,-0.05966422913590519,0.03336512083908225,72259557.14285715,0.306445713666214
2022-07-12,GOOGL,-0.007097124168049529,0.02803867455292535,38360095.23809524,0.04981118310729693
2022-07-12,JPM,-0.09050131020821417,0.01827080967418965,12977371.42857143,0.04797731319188614
2022-07-12,MSFT,-0.04199554549753626,0.024149444873844683,28589780.95238095,0.13990650625523604
2022-07-13,AAPL,0.06096411635504717,0.020670140861021483,81943538.09523809,0.15969516689058083
2022-07-13,AMZN,0.00683994518525366,0.031110023838254897,71025642.85714285,0.2739130203424949
2022-07-13,GOOGL,0.0017271049468285948,0.027606858524931232,38468190.47619048,0.06723189984610323
2022-07-13,JPM,-0.05562593873466615,0.015661986299328873,12979023.80952381,0.0735412409786309
2022-07-13,MSFT,-0.0010671696714213974,0.022086652662171413,28498095.23809524,0.13572297847531245
2022-07-14,AAPL,0.12579583280520956,0.018679727034869434,79845138.09523809,0.160767176458392
2022-07-14,AMZN,0.06713609730300485,0.028412003556378906,68734471.42857143,0.29756853128117355
2022-07-14,GOOGL,0.03736164662281771,0.025879755301684283,37980190.47619048,0.1024985046823279
2022-07-14,JPM,-0.06064893085325562,0.016142754387241977,13426604.761904761,0.1308333324252875
2022-07-14,MSFT,0.0487906050571667,0.019824524842569732,27496523.80952381,0.14889011204069136
2022-07-15,AAPL,0.1311390018385381,0.018719611671427116,79439214.28571428,0.15489514918378466
2022-07-15,AMZN,0.10986223987276333,0.028565480827090425,69429185.71428572,0.26094221776918536
2022-07-15,GOOGL,0.04743442528889097,0.025985088736403355,38602285.71428572,0.0921697334649596
2022-07-15,JPM,-0.0009721154175721392,0.01898153119755452,13688795.238095239,0.08419641207908857
2022-07-15,MSFT,0.050022638625877525,0.01984637159597853,27549980.95238095,0.14315200871120393
2022-07-18,AAPL,0.08594838831386631,0.01929302764638123,78957685.71428572,0.17814892799814253
2022-07-18,AMZN,0.05656175416413878,0.026456738974430783,68196057.14285715,0.2726792902651247
2022-07-18,GOOGL,-0.006691814063447099,0.02591005119154745,38767361.9047619,0.11620665447213674
2022-07-18,JPM,-0.022798258918333536,0.018912388203021015,13683766.666666666,0.1059126816850684
2022-07-18,MSFT,0.009890505417303519,0.018987098253333674,26972042.85714286,0.15126841862012386
2022-07-19,AAPL,0.16100241523326564,0.01707423245347553,77760471.42857143,0.15756580145350685
2022-07-19,AMZN,0.14036267517209922,0.025896657772226946,67186709.52380952,0.20209802219836925
2022-07-19,GOOGL,0.07333990410852143,0.02636778881571918,38045785.71428572,0.05043503306186303
2022-07-19,JPM,0.018895824902347647,0.019322751120013543,13452214.285714285,0.07009404186299228
2022-07-19,MSFT,0.05943582186532925,0.018363449280673065,26583633.333333332,0.12487326048609293
2022-07-20,AAPL,0.1632716835518837,0.01710432182235593,74441571.42857143,0.13951823452144296
2022-07-20,AMZN,0.15580865404036115,0.026550572854767307,65829385.71428572,0.15907800718991383
2022-07-20,GOOGL,0.06306033338178363,0.026328190060071983,37294566.666666664,0.055048224014274894
2022-07-20,JPM,0.02232306810570872,0.019296726387259624,12535433.333333334,0.06198703314310072
2022-07-20,MSFT,0.05903512605631778,0.0183552816939559,25617133.333333332,0.10872735685144264
2022-07-21,AAPL,0.1433725122032905,0.016203651797637428,73683766.66666667,0.1056212635618865
2022-07-21,AMZN,0.146761105110915,0.026367596680800645,65321704.76190476,0.10912299425368177
2022-07-21,GOOGL,0.025066280066320168,0.024866599956653496,36592671.428571425,0.025100525371112292
2022-07-21,JPM,0.004403764995771553,0.018585922188819815,12531404.761904761,0.02870270299033084
2022-07-21,MSFT,0.0437453036403741,0.017755117702706057,25258866.666666668,0.08275722092897975
2022-07-22,AAPL,0.13845604031654268,0.016366634177276698,73363109.52380952,0.08899176387864549
2022-07-22,AMZN,0.12363470948147137,0.02689960463320688,64913309.52380952,0.08822090518947157
2022-07-22,GOOGL,-0.03217853109342994,0.027888053825794408,37455871.428571425,0.05875822012984311
2022-07-22,JPM,0.005166718425883676,0.018574490246113497,12426776.19047619,0.016643279881766393
2022-07-22,MSFT,0.028562318742516135,0.018219273667249573,25065600.0,0.0690565186741654
2022-07-25,AAPL,0.10616870697867253,0.016237271938647883,72467400.0,0.09488261617304117
2022-07-25,AMZN,0.07737457096530975,0.026430467974183008,64240738.0952381,0.10302126292238944
2022-07-25,GOOGL,-0.04215874305484557,0.027831957484888925,37757247.61904762,0.05906420113124944
2022-07-25,JPM,0.020358073895637263,0.01840350424251108,12309752.38095238,0.002603702146513065
2022-07-25,MSFT,-0.00011597372670157924,0.017617930987344592,24836771.42857143,0.07030404085288189
2022-07-26,AAPL,0.07016812068768519,0.015853138648518488,70849395.23809524,0.10661410937107574
2022-07-26,AMZN,-0.014167967876095422,0.028052836152874502,64107761.9047619,0.1654037618411448
2022-07-26,GOOGL,-0.10981140348185625,0.02540457605074901,38082342.85714286,0.0825558123212835
2022-07-26,JPM,-0.02469086453553082,0.017507874127987,12111371.42857143,0.020983949761963494
2022-07-26,MSFT,-0.059021572967389746,0.016731963587588036,25095095.23809524,0.09716307835012605
2022-07-27,AAPL,0.10680502951132431,0.01719443762108843,71250004.76190476,0.08595053623141458
2022-07-27,AMZN,0.06845080300690598,0.029645500959207156,64081514.28571428,0.13482679502364436
2022-07-27,GOOGL,-0.02394394517128251,0.030822262638976052,39198461.9047619,0.03175318466835808
2022-07-27,JPM,-0.001036460998673605,0.017813657062926577,12018842.857142856,0.028722703307417108
2022-07-27,MSFT,0.014534330057413003,0.022472119762055917,26113138.095238097,0.03982240217079691
2022-07-28,AAPL,0.1448629937074981,0.01525243874066782,71930733.33333333,0.041291745066677654
2022-07-28,AMZN,0.13854745849172545,0.026853543207019135,64429257.14285714,0.06926726615356471
2022-07-28,GOOGL,0.019753191007726656,0.029988694515228547,39056776.190476194,-0.033969553592542945
2022-07-28,JPM,4.795868436224815e-05,0.01780031618673147,11961409.523809524,-0.0012193368342225952
2022-07-28,MSFT,0.0777056147978683,0.02193378757743644,26406652.38095238,-0.02804145940204894
2022-07-29,AAPL,0.16720517712997895,0.01624808212273031,73623328.57142857,-0.005574083001659069
2022-07-29,AMZN,0.2389827324356164,0.034209994980633526,68358666.66666667,-0.038236411847333396
2022-07-29,GOOGL,0.04134680895236853,0.030198124911134477,39652366.666666664,-0.05931912441732645
2022-07-29,JPM,0.009370878924881643,0.017794513888258742,12133128.57142857,-0.008408605301829075
2022-07-29,MSFT,0.07869059193063266,0.02195784078891266,26982033.333333332,-0.0532419679928644
2022-08-01,AAPL,0.1813194250896688,0.01550433398892884,72140704.76190476,-0.014731160776887076
2022-08-01,AMZN,0.27473873040868657,0.03328095063373399,67366642.85714285,-0.04919125261934654
2022-08-01,GOOGL,0.05411944294396975,0.02977559374793226,38836380.952380955,-0.051540995513853605
2022-08-01,JPM,0.0231797263375777,0.01712247719852509,12112547.61904762,0.0017512500675285203
2022-08-01,MSFT,0.08246691909252202,0.021836559172815878,26496733.333333332,-0.05209080941385402
2022-08-02,AAPL,0.15173083260699727,0.015832103854042042,71610009.52380952,-0.0160714549976283
2022-08-02,AMZN,0.22453456235574754,0.033277638896156696,66838128.571428575,-0.05508353322391957
2022-08-02,GOOGL,0.058788443032482096,0.029754098851071258,38110666.666666664,-0.06001921718503089
2022-08-02,JPM,-0.005484252988113725,0.017283577650425673,12320609.523809524,0.011562819062748808
2022-08-02,MSFT,0.05871059140451895,0.022031739623945373,26492757.14285714,-0.04655801219769795
2022-08-03,AAPL,0.17356590623989265,0.017079996960622897,72045900.0,-0.0478575572001686
2022-08-03,AMZN,0.22925113896441363,0.033443033273396004,66611657.14285714,-0.08385897519604735
2022-08-03,GOOGL,0.04252929855510201,0.028912677566083657,37594333.333333336,-0.07063004497525815
2022-08-03,JPM,0.008790528832715028,0.0174124129045072,12410147.61904762,0.007921948508259558
2022-08-03,MSFT,0.07464361994599389,0.02260883955603644,26520276.19047619,-0.0761756907287564
2022-08-04,AAPL,0.16015966567002793,0.017203553331595466,71160652.38095239,-0.059005015454499876
2022-08-04,AMZN,0.2470043299299014,0.03352652998132938,66784328.571428575,-0.10563235192757126
2022-08-04,GOOGL,0.03157836004256631,0.02883690496837492,36840566.666666664,-0.08748634279325018
2022-08-04,JPM,0.004200777575077863,0.017531355324440268,12761466.666666666,0.012014931039887378
2022-08-04,MSFT,0.06551243005777718,0.022513276071714057,26247623.80952381,-0.09535177165632847
2022-08-05,AAPL,0.13139509658256143,0.016855363309389488,70705571.42857143,-0.06543696666305066
2022-08-05,AMZN,0.21034987394086646,0.033874340306813744,66442166.666666664,-0.10433240144182554
2022-08-05,GOOGL,-0.011053683707497597,0.027740484088426283,35803590.47619048,-0.09074668487117932
2022-08-05,JPM,0.00906529674945089,0.017914073055252812,12943714.285714285,-0.017449893288623786
2022-08-05,MSFT,0.05406115336614303,0.022518027305029855,26053085.714285713,-0.10293912480705247
2022-08-08,AAPL,0.12281711043841503,0.01696668258611193,70502195.23809524,-0.05404250404468369
2022-08-08,AMZN,0.2065951407083133,0.03395575608770238,66752133.333333336,-0.07122880477528615
2022-08-08,GOOGL,-0.01720517411640854,0.02771801400281911,34894080.952380955,-0.06692244112604318
2022-08-08,JPM,-8.746970075290683e-05,0.01811548017446496,13016319.047619049,0.013554946546559421
2022-08-08,MSFT,0.04729892546394132,0.02263919438124847,26009295.23809524,-0.07734785079975404
2022-08-09,AAPL,0.13998097929939557,0.01636789914976124,70501904.76190476,-0.06342452315911795
2022-08-09,AMZN,0.23337809244791674,0.03292541297576427,66130566.666666664,-0.05811502866156959
2022-08-09,GOOGL,0.008242807642808936,0.026872487907688158,34317438.0952381,-0.07073650424174294
2022-08-09,JPM,0.02232862561980209,0.017947864557799134,13125571.42857143,0.027907949940161325
2022-08-09,MSFT,0.06725610769407031,0.02241999685985307,26197390.476190478,-0.08229277406885305
2022-08-10,AAPL,0.16190218537131784,0.016930112255506367,70148652.38095239,-0.0701370844692234
2022-08-10,AMZN,0.306445713666214,0.032428486650401996,66154066.666666664,-0.0660172262090577
2022-08-10,GOOGL,0.04981118310729693,0.027196097587741122,34363647.61904762,-0.07560571481480693
2022-08-10,JPM,0.04797731319188614,0.01875049344121248,13201590.476190476,0.006588405564956101
2022-08-10,MSFT,0.13990650625523604,0.020402279178865893,25664976.19047619,-0.08347889253987528
2022-08-11,AAPL,0.15969516689058083,0.016990130638603513,69480252.38095239,-0.03003159855368498
2022-08-11,AMZN,0.2739130203424949,0.03298567027745416,65368995.23809524,-0.02979239519048693
2022-08-11,GOOGL,0.06723189984610323,0.026644092615983137,33438490.476190478,-0.06714914517207382
2022-08-11,JPM,0.0735412409786309,0.01873268869453352,13139923.80952381,0.003662315519855186
2022-08-11,MSFT,0.13572297847531245,0.020508948726216638,25215857.14285714,-0.06899849801015523
2022-08-12,AAPL,0.160767176458392,0.017028163105200462,68999238.09523809,-0.10610120145267732
2022-08-12,AMZN,0.29756853128117355,0.03295306937114574,65201395.23809524,-0.11654477883153713
2022-08-12,GOOGL,0.1024985046823279,0.0268464257591358,32585742.85714286,-0.14266924083395982
2022-08-12,JPM,0.1308333324252875,0.016703058799417386,12363823.80952381,-0.04699917998835712
2022-08-12,MSFT,0.14889011204069136,0.020640852104895937,25097614.285714287,-0.13492206974242216
2022-08-15,AAPL,0.15489514918378466,0.017001808207533324,67943609.52380952,-0.10323944662705897
2022-08-15,AMZN,0.26094221776918536,0.0329700913288492,63044100.0,-0.102179008048644
2022-08-15,GOOGL,0.0921697334649596,0.02678874613713178,31286923.80952381,-0.1399082120233619
2022-08-15,JPM,0.08419641207908857,0.013992374843874293,11868219.047619049,-0.05177213651073953
2022-08-15,MSFT,0.14315200871120393,0.02062670067707637,24541023.80952381,-0.13873535436808315
2022-08-16,AAPL,0.17814892799814253,0.015907037820492385,66751047.61904762,-0.11940124728610435
2022-08-16,AMZN,0.2726792902651247,0.03289482779686453,63043504.76190476,-0.12778008119893314
2022-08-16,GOOGL,0.11620665447213674,0.026020337126258664,30138190.476190478,-0.15439592069009866
2022-08-16,JPM,0.1059126816850684,0.013649589431175306,11657604.761904761,-0.04659057036462477
2022-08-16,MSFT,0.15126841862012386,0.020406271813078525,24404257.14285714,-0.15991654897212226
2022-08-17,AAPL,0.15756580145350685,0.015319734284007805,66587219.047619045,-0.13663702579265835
2022-08-17,AMZN,0.20209802219836925,0.03292762037308056,62432066.666666664,-0.13068266380432847
2022-08-17,GOOGL,0.05043503306186303,0.024935832774282265,29486576.19047619,-0.14010875948881696
2022-08-17,JPM,0.07009404186299228,0.013144183912869497,11480795.238095239,-0.04494650290301927
2022-08-17,MSFT,0.12487326048609293,0.02025098522959365,24082390.476190478,-0.15989284344593502
2022-08-18,AAPL,0.13951823452144296,0.015377208669725468,66466585.71428572,-0.11294854087957162
2022-08-18,AMZN,0.15907800718991383,0.03226798113588629,60822085.71428572,-0.12396345053648639
2022-08-18,GOOGL,0.055048224014274894,0.02493799584329816,28647876.19047619,-0.1422983296280399
2022-08-18,JPM,0.06198703314310072,0.0133470438779987,11379095.238095239,-0.02860884982807066
2022-08-18,MSFT,0.10872735685144264,0.020328181375716726,23815623.80952381,-0.15732187658189267
2022-08-19,AAPL,0.1056212635618865,0.015920817803896006,66717047.61904762,-0.08523802380083823
2022-08-19,AMZN,0.10912299425368177,0.033152100089506156,60229366.666666664,-0.11603844159663257
2022-08-19,GOOGL,0.025100525371112292,0.025645172606964518,28130414.285714287,-0.13710430764976733
2022-08-19,JPM,0.02870270299033084,0.01460774038908678,11468076.19047619,-0.023602805050519482
2022-08-19,MSFT,0.08275722092897975,0.020707696156738363,23728257.14285714,-0.15271717629219195
2022-08-22,AAPL,0.08899176387864549,0.01683742474293549,66829019.047619045,-0.08265206283406112
2022-08-22,AMZN,0.08822090518947157,0.034033778358941086,60181638.0952381,-0.11019366589597679
2022-08-22,GOOGL,0.05875822012984311,0.022896681570479988,26823528.57142857,-0.1309523584792447
2022-08-22,JPM,0.016643279881766393,0.0150739239846324,11531033.333333334,-0.03582718590475342
2022-08-22,MSFT,0.0690565186741654,0.021498538275882252,23879676.19047619,-0.13969398715771053
2022-08-23,AAPL,0.09488261617304117,0.01669261354565854,66853933.333333336,-0.08664733626846044
2022-08-23,AMZN,0.10302126292238944,0.03386295426653612,59516438.0952381,-0.1220625516734194
2022-08-23,GOOGL,0.05906420113124944,0.022892629589537788,25927314.285714287,-0.12049884777889908
2022-08-23,JPM,0.002603702146513065,0.015233503435989362,11445938.095238095,-0.03730967181873157
2022-08-23,MSFT,0.07030404085288189,0.021474985134365247,23711647.61904762,-0.12827395313236123
2022-08-24,AAPL,0.10661410937107574,0.016428849483309266,66792161.9047619,-0.10207137310057424
2022-08-24,AMZN,0.1654037618411448,0.031232869700256728,58161766.666666664,-0.14962633644123768
2022-08-24,GOOGL,0.0825558123212835,0.02213115788413617,24486533.333333332,-0.1314980021155585
2022-08-24,JPM,0.020983949761963494,0.014797051506555157,11402900.0,-0.05751270069478709
2022-08-24,MSFT,0.09716307835012605,0.02038987377228092,22701600.0,-0.13731457334374908
2022-08-25,AAPL,0.08595053623141458,0.015203175936452916,65487280.952380955,-0.11327422810844767
2022-08-25,AMZN,0.13482679502364436,0.02974933471881613,57014828.571428575,-0.16120336137965774
2022-08-25,GOOGL,0.03175318466835808,0.015646856533187592,22443595.23809524,-0.1584226397005566
2022-08-25,JPM,0.028722703307417108,0.015273934665320262,11470590.476190476,-0.09919861988474932
2022-08-25,MSFT,0.03982240217079691,0.014724004141921052,21301095.23809524,-0.14846687943453296
2022-08-26,AAPL,0.041291745066677654,0.017725447326657845,65372152.38095238,-0.07248483719055177
2022-08-26,AMZN,0.06926726615356471,0.03196597904929991,55637552.38095238,-0.12497129130317874
2022-08-26,GOOGL,-0.033969553592542945,0.01965553230795787,22654504.76190476,-0.11636760189976925
2022-08-26,JPM,-0.0012193368342225952,0.016981971303722608,11513038.095238095,-0.07691640050756543
2022-08-26,MSFT,-0.02804145940204894,0.015905118146065336,21019666.666666668,-0.11816917884232314
2022-08-29,AAPL,-0.005574083001659069,0.01656219738241354,64016300.0,-0.0715081008151136
2022-08-29,AMZN,-0.038236411847333396,0.02234043314781191,50837966.666666664,-0.09076193666126764
2022-08-29,GOOGL,-0.05931912441732645,0.019165503171548446,21891066.666666668,-0.08563333202174661
2022-08-29,JPM,-0.008408605301829075,0.016954956149205162,11283171.42857143,-0.05594901692954335
2022-08-29,MSFT,-0.0532419679928644,0.015540154112148714,20457080.95238095,-0.09109039248841211
2022-08-30,AAPL,-0.014731160776887076,0.016846425887189338,64496147.61904762,-0.10339211301613338
2022-08-30,AMZN,-0.04919125261934654,0.02235486749036605,49521590.47619048,-0.10821093092603296
2022-08-30,GOOGL,-0.051540995513853605,0.019038717531842678,21961495.23809524,-0.10574630648617578
2022-08-30,JPM,0.0017512500675285203,0.016808537361426748,11092933.333333334,-0.07210906745154166
2022-08-30,MSFT,-0.05209080941385402,0.015514312869323392,20515533.333333332,-0.0968552503569573
2022-08-31,AAPL,-0.0160714549976283,0.016883814601437827,65833485.71428572,-0.1209768062299682
2022-08-31,AMZN,-0.05508353322391957,0.022489725069603953,49127604.76190476,-0.10862189009783763
2022-08-31,GOOGL,-0.06001921718503089,0.019028681038050593,22361066.666666668,-0.11615221707751677
2022-08-31,JPM,0.011562819062748808,0.01648383621825193,10892714.285714285,-0.08115713161631921
2022-08-31,MSFT,-0.04655801219769795,0.015396765292208042,20612561.904761903,-0.10926684262249153
2022-09-01,AAPL,-0.0478575572001686,0.014429680121231142,65439314.28571428,-0.098189455711999
2022-09-01,AMZN,-0.08385897519604735,0.020475629103452082,48404190.47619048,-0.09341263080827356
2022-09-01,GOOGL,-0.07063004497525815,0.018319453070540805,22354490.476190478,-0.10114821037796895
2022-09-01,JPM,0.007921948508259558,0.016394383116265964,10682490.476190476,-0.05920900165805876
2022-09-01,MSFT,-0.0761756907287564,0.013778572127630275,20600395.23809524,-0.07549905954806957
2022-09-02,AAPL,-0.059005015454499876,0.014641014112450017,66462347.61904762,-0.06231931723305972
2022-09-02,AMZN,-0.10563235192757126,0.019611892585345396,47777752.38095238,-0.05034903686599246
2022-09-02,GOOGL,-0.08748634279325018,0.018535845611995068,22476290.476190478,-0.05757977991221375
2022-09-02,JPM,0.012014931039887378,0.016276449949092314,10331666.666666666,-0.008266785615491434
2022-09-02,MSFT,-0.09535177165632847,0.013934534488937798,20826904.76190476,-0.028040221408507926
2022-09-06,AAPL,-0.06543696666305066,0.014684078834021239,67272719.04761904,-0.05261111065249224
2022-09-06,AMZN,-0.10433240144182554,0.01958767410205273,47454023.809523806,-0.040916688899657494
2022-09-06,GOOGL,-0.09074668487117932,0.018570280755091918,22757661.904761903,-0.05036978729992281
2022-09-06,JPM,-0.017449893288623786,0.014801571203440786,10121061.904761905,-0.020769565955152336
2022-09-06,MSFT,-0.10293912480705247,0.013992191650948248,21043742.85714286,-0.015992167345661112
2022-09-07,AAPL,-0.05404250404468369,0.014930397014950102,68566657.14285715,-0.06751724940741399
2022-09-07,AMZN,-0.07122880477528615,0.020731587896293407,47247895.23809524,-0.07089892631058192
2022-09-07,GOOGL,-0.06692244112604318,0.01962290638713258,22949504.76190476,-0.07336688714282225
2022-09-07,JPM,0.013554946546559421,0.015154988319129096,10136080.952380951,-0.058606463804972364
2022-09-07,MSFT,-0.07734785079975404,0.01490872651781525,21300290.476190478,-0.04378341690614429
2022-09-08,AAPL,-0.06342452315911795,0.01499292214660738,69604195.23809524,-0.09303388508370425
2022-09-08,AMZN,-0.05811502866156959,0.020685097811527376,47417123.809523806,-0.11754744187861521
2022-09-08,GOOGL,-0.07073650424174294,0.019669859518543262,23194828.57142857,-0.08949989699169558
2022-09-08,JPM,0.027907949940161325,0.015849070101992165,10193280.952380951,-0.09841316102018838
2022-09-08,MSFT,-0.08229277406885305,0.014759318214271774,21153371.42857143,-0.09391909566522882
2022-09-09,AAPL,-0.0701370844692234,0.014348705424672616,69502209.52380952,-0.10770785235951574
2022-09-09,AMZN,-0.0660172262090577,0.01996358432725683,47160638.0952381,-0.14706989926589054
2022-09-09,GOOGL,-0.07560571481480693,0.019296355347976236,22826604.76190476,-0.11558976807706312
2022-09-09,JPM,0.006588405564956101,0.014842069887987657,10024347.61904762,-0.11110735696760254
2022-09-09,MSFT,-0.08347889253987528,0.014634797798516468,21029414.285714287,-0.13313919155021192
2022-09-12,AAPL,-0.03003159855368498,0.01700224843236224,71778723.8095238,-0.1496056276355744
2022-09-12,AMZN,-0.02979239519048693,0.020612960983515182,47587285.71428572,-0.1776474782404296
2022-09-12,GOOGL,-0.06714914517207382,0.019312774661389042,22763419.04761905,-0.12339884543739899
2022-09-12,JPM,0.003662315519855186,0.0147127236374621,9878142.857142856,-0.14685492524852617
2022-09-12,MSFT,-0.06899849801015523,0.014853170135254577,20966642.85714286,-0.15465961110609816
2022-09-13,AAPL,-0.10610120145267732,0.020309861876843697,74379542.85714285,-0.1007541623638416
2022-09-13,AMZN,-0.11654477883153713,0.02492840331571703,48780166.666666664,-0.10976185303928376
2022-09-13,GOOGL,-0.14266924083395982,0.02182144339065007,23671828.57142857,-0.06480069542382594
2022-09-13,JPM,-0.04699917998835712,0.016070921161260212,10020900.0,-0.10183878503052968
2022-09-13,MSFT,-0.13492206974242216,0.01792126111432237,21477766.666666668,-0.10413115292406316
2022-09-14,AAPL,-0.10323944662705897,0.020412674398893882,75992576.1904762,-0.07932503965105075
2022-09-14,AMZN,-0.102179008048644,0.025274957368428597,49080271.428571425,-0.12462080040566659
2022-09-14,GOOGL,-0.1399082120233619,0.02190935414519328,24000414.285714287,-0.056571432134255306
2022-09-14,JPM,-0.05177213651073953,0.016032180334726753,10063257.142857144,-0.04970260066427845
2022-09-14,MSFT,-0.13873535436808315,0.017797737725666812,21755257.14285714,-0.07128681416703153
2022-09-15,AAPL,-0.11940124728610435,0.020611216836602768,77616576.1904762,-0.09181599493831194
2022-09-15,AMZN,-0.12778008119893314,0.02514608503158465,48784285.71428572,-0.15346846247036272
2022-09-15,GOOGL,-0.15439592069009866,0.022069355119227568,24721704.76190476,-0.06170455094863003
2022-09-15,JPM,-0.04659057036462477,0.01628119973242363,10123561.904761905,-0.048232479855441435
2022-09-15,MSFT,-0.15991654897212226,0.018296368491617813,22394685.714285713,-0.068546657118284
2022-09-16,AAPL,-0.13663702579265835,0.020359939747573417,81556423.8095238,-0.05500984204417214
2022-09-16,AMZN,-0.13068266380432847,0.02523609415607924,51999428.571428575,-0.07884722707049774
2022-09-16,GOOGL,-0.14010875948881696,0.02199232860838431,25671714.285714287,-0.02752923198688806
2022-09-16,JPM,-0.04494650290301927,0.016252526696089727,10442361.904761905,-0.0015664519382563302
2022-09-16,MSFT,-0.15989284344593502,0.018296789836593354,23420323.80952381,-0.029459894841310064
2022-09-19,AAPL,-0.11294854087957162,0.02150527510307688,82469952.38095239,-0.06945876693556252
2022-09-19,AMZN,-0.12396345053648639,0.025410786117071434,52467095.23809524,-0.06658112311832554
2022-09-19,GOOGL,-0.1422983296280399,0.02192883805329912,25912147.61904762,-0.022315081544583282
2022-09-19,JPM,-0.02860884982807066,0.01637708709849663,10379004.761904761,0.01475317062412973
2022-09-19,MSFT,-0.15732187658189267,0.01834341389764603,23879404.76190476,-0.024619589212254822
2022-09-20,AAPL,-0.08523802380083823,0.021861274094341666,84248214.28571428,-0.08311029969712114
2022-09-20,AMZN,-0.11603844159663257,0.025089768268605348,52462600.0,-0.05826992883477755
2022-09-20,GOOGL,-0.13710430764976733,0.021729016127417292,26136319.04761905,-0.014929714924171056
2022-09-20,JPM,-0.023602805050519482,0.016050068304308544,10195885.714285715,0.014870328488776341
2022-09-20,MSFT,-0.15271717629219195,0.018294386481880816,24169419.04761905,-0.024623636292455786
2022-09-21,AAPL,-0.08265206283406112,0.02174911269251134,85803928.57142857,-0.06720014767528315
2022-09-21,AMZN,-0.11019366589597679,0.024736029001951612,52845333.333333336,-0.02775435203406007
2022-09-21,GOOGL,-0.1309523584792447,0.021483600687882284,26613971.42857143,0.006949947130254985
2022-09-21,JPM,-0.03582718590475342,0.016849931092433393,10369157.142857144,0.041594718138621145
2022-09-21,MSFT,-0.13969398715771053,0.017691043993459794,24339157.14285714,-0.01171769218303198
2022-09-22,AAPL,-0.08664733626846044,0.021751378988025694,87351804.76190476,-0.035812071163770054
2022-09-22,AMZN,-0.1220625516734194,0.024685171267442522,53749004.76190476,0.017134107732177828
2022-09-22,GOOGL,-0.12049884777889908,0.021728302786312166,27491504.76190476,0.009885992971758517
2022-09-22,JPM,-0.03730967181873157,0.01689045896267462,10563323.80952381,0.10892530854557991
2022-09-22,MSFT,-0.12827395313236123,0.018007942669138056,24983623.80952381,0.004730766555736343
2022-09-23,AAPL,-0.10207137310057424,0.021836111773068847,89360776.1904762,-0.006514606103877996
2022-09-23,AMZN,-0.14962633644123768,0.025173180485008922,55010895.23809524,0.053084909301531535
2022-09-23,GOOGL,-0.1314980021155585,0.021773457335262893,28152971.42857143,0.03828235709092409
2022-09-23,JPM,-0.05751270069478709,0.017255287658670706,10961766.666666666,0.13134423241655968
2022-09-23,MSFT,-0.13731457334374908,0.01803434613420215,25747385.714285713,0.03921487673683788
2022-09-26,AAPL,-0.11327422810844767,0.02143292017407337,91366547.61904761,0.010413340087010114
2022-09-26,AMZN,-0.16120336137965774,0.02442007699354775,56212180.952380955,0.04732954299629211
2022-09-26,GOOGL,-0.1584226397005566,0.020466946710778724,28634680.95238095,0.06427622170976721
2022-09-26,JPM,-0.09919861988474932,0.016605391008027097,11199609.523809524,0.15926387862868485
2022-09-26,MSFT,-0.14846687943453296,0.017604410767770362,26276471.42857143,0.055632846915696144
2022-09-27,AAPL,-0.07248483719055177,0.020250665332504813,91627580.95238096,-0.015880124857126754
2022-09-27,AMZN,-0.12497129130317874,0.02267922539579953,56534657.14285714,0.010925618040286578
2022-09-27,GOOGL,-0.11636760189976925,0.01752998708263115,28293114.285714287,-0.026358987160184144
2022-09-27,JPM,-0.07691640050756543,0.01537036589824869,11271866.666666666,0.18299872747914447
2022-09-27,MSFT,-0.11816917884232314,0.01609986599097031,26251204.76190476,-0.021530169161041557
2022-09-28,AAPL,-0.0715081008151136,0.02022547690941623,95121742.85714285,-0.03363579534440997
2022-09-28,AMZN,-0.09076193666126764,0.0241079669912737,56899523.809523806,-0.059740724719412386
2022-09-28,GOOGL,-0.08563333202174661,0.01883983383121306,28830023.80952381,-0.07826072430457465
2022-09-28,JPM,-0.05594901692954335,0.016233537521780018,11493071.42857143,0.16413352874215992
2022-09-28,MSFT,-0.09109039248841211,0.016985336136653036,26665071.42857143,-0.059401973590751056
2022-09-29,AAPL,-0.10339211301613338,0.022450158740544995,97513742.85714285,0.09306589446957614
2022-09-29,AMZN,-0.10821093092603296,0.02461549070193659,57364604.76190476,-0.09921601992042839
2022-09-29,GOOGL,-0.10574630648617578,0.01945364950957775,28998304.76190476,-0.011599082370142733
2022-09-29,JPM,-0.07210906745154166,0.01651408766299172,11586809.523809524,0.19826706472804956
2022-09-29,MSFT,-0.0968552503569573,0.017116574749943287,26889695.23809524,-0.006863076840449955
2022-09-30,AAPL,-0.1209768062299682,0.023086549181717094,99272514.28571428,0.10955125522977238
2022-09-30,AMZN,-0.10862189009783763,0.024624979805514192,57642266.666666664,-0.09345130582826322
2022-09-30,GOOGL,-0.11615221707751677,0.019660180643384276,29203757.14285714,-0.011918401869800754
2022-09-30,JPM,-0.08115713161631921,0.01672209664609912,11836100.0,0.21537060532770624
2022-09-30,MSFT,-0.10926684262249153,0.017413888931163322,27408885.714285713,-0.0033061362622882617
2022-10-03,AAPL,-0.098189455711999,0.024348002836474435,101181171.42857143,0.057563956979270525
2022-10-03,AMZN,-0.09341263080827356,0.025369726558675445,57371114.28571428,-0.16473935787332405
2022-10-03,GOOGL,-0.10114821037796895,0.020846640152175903,29185714.285714287,-0.08282641296520965
2022-10-03,JPM,-0.05920900165805876,0.01824882621164951,11944114.285714285,0.20019087109927391
2022-10-03,MSFT,-0.07549905954806957,0.01938719494857957,27676361.904761903,-0.05221408538669192
2022-10-04,AAPL,-0.06231931723305972,0.02511704410591405,101698900.0,-0.007323674489347787
2022-10-04,AMZN,-0.05034903686599246,0.027561883440394983,57627438.0952381,-0.2392434921747827
2022-10-04,GOOGL,-0.05757977991221375,0.021993881713292425,29409052.38095238,-0.1443330982977793
2022-10-04,JPM,-0.008266785615491434,0.02116323175940361,12198733.333333334,0.13599359788090815
2022-10-04,MSFT,-0.028040221408507926,0.020760387212995945,28249361.904761903,-0.1156380671363666
2022-10-05,AAPL,-0.05261111065249224,0.025105402356869026,101973004.76190476,-0.05136606993234971
2022-10-05,AMZN,-0.040916688899657494,0.027486752837768406,57833576.190476194,-0.2616783356350829
2022-10-05,GOOGL,-0.05036978729992281,0.021934421381463527,29271366.666666668,-0.17746212654764104
2022-10-05,JPM,-0.020769565955152336,0.021328189926811236,12255476.19047619,0.1522782024344298
2022-10-05,MSFT,-0.015992167345661112,0.02064226052030129,28202642.85714286,-0.1402487750489999
2022-10-06,AAPL,-0.06751724940741399,0.02497988085771866,101065985.71428572,-0.046898577253644436
2022-10-06,AMZN,-0.07089892631058192,0.026713217017723695,57564695.23809524,-0.24372401455559067
2022-10-06,GOOGL,-0.07336688714282225,0.02106135692937668,29231223.80952381,-0.14632223723249493
2022-10-06,JPM,-0.058606463804972364,0.021233360512800593,12297071.42857143,0.20843345322424645
2022-10-06,MSFT,-0.04378341690614429,0.02022186316463874,28017557.14285714,-0.10292148660089007
2022-10-07,AAPL,-0.09303388508370425,0.026016190808059503,101113690.47619048,-0.006706386086217209
2022-10-07,AMZN,-0.11754744187861521,0.028375714650525755,58073719.047619045,-0.20975907202692023
2022-10-07,GOOGL,-0.08949989699169558,0.021649760806596446,29386676.19047619,-0.10326322422097511
2022-10-07,JPM,-0.09841316102018838,0.02068110352328444,12308790.476190476,0.23957328728936922
2022-10-07,MSFT,-0.09391909566522882,0.02283338267571751,28848495.23809524,-0.02719437060750618
2022-10-10,AAPL,-0.10770785235951574,0.025526752072598715,101440842.85714285,-0.004903938140183861
2022-10-10,AMZN,-0.14706989926589054,0.027404739677636767,57738104.76190476,-0.20841026826447007
2022-10-10,GOOGL,-0.11558976807706312,0.020876289393121375,29149885.714285713,-0.09155913047584563
2022-10-10,JPM,-0.11110735696760254,0.020585524564745404,12291266.666666666,0.25202410106455697
2022-10-10,MSFT,-0.13313919155021192,0.022211556486029058,29213204.76190476,-0.001657516396688652
2022-10-11,AAPL,-0.1496056276355744,0.023499082994013282,100111209.52380952,-0.02796270907472509
2022-10-11,AMZN,-0.1776474782404296,0.026480569377966386,57862166.666666664,-0.2323322333796518
2022-10-11,GOOGL,-0.12339884543739899,0.0208060841761608,29318471.42857143,-0.1014611992077995
2022-10-11,JPM,-0.14685492524852617,0.020797197025685128,12487700.0,0.2724599328554915
2022-10-11,MSFT,-0.15465961110609816,0.02204729791495516,29771600.0,-0.00399264703825053
2022-10-12,AAPL,-0.1007541623638416,0.020353524167316978,97624404.76190476,0.06342102099643654
2022-10-12,AMZN,-0.10976185303928376,0.022551874581280662,56578104.76190476,-0.1441098676046655
2022-10-12,GOOGL,-0.06480069542382594,0.01697775737071553,28542447.61904762,-0.037105357685612406
2022-10-12,JPM,-0.10183878503052968,0.020405908267201314,12500861.904761905,0.30373515806006157
2022-10-12,MSFT,-0.10413115292406316,0.019265548256210466,29226390.476190478,0.07632336265152762
2022-10-13,AAPL,-0.07932503965105075,0.021828234556421924,98827195.23809524,0.04866302928613919
2022-10-13,AMZN,-0.12462080040566659,0.02214061022029064,58556738.0952381,-0.10432771697434196
2022-10-13,GOOGL,-0.056571432134255306,0.01733357643037793,28931942.85714286,-0.026751324834550227
2022-10-13,JPM,-0.04970260066427845,0.024312174045952373,13122433.333333334,0.23708507871649487
2022-10-13,MSFT,-0.07128681416703153,0.02138095079233997,30113952.38095238,0.05494358962622625
2022-10-14,AAPL,-0.09181599493831194,0.02247619958248331,98737523.8095238,0.07331984123361646
2022-10-14,AMZN,-0.15346846247036272,0.024032848778942913,59263885.71428572,-0.0786716888874266
2022-10-14,GOOGL,-0.06170455094863003,0.017635778592991425,28513961.904761903,-0.00890642700087918
2022-10-14,JPM,-0.048232479855441435,0.024370124716665283,14196990.476190476,0.20433481513184826
2022-10-14,MSFT,-0.068546657118284,0.02122968516041388,30050509.523809522,0.056834255146776425
2022-10-17,AAPL,-0.05500984204417214,0.02356109984682082,95069528.57142857,0.05532529521371288
2022-10-17,AMZN,-0.07884722707049774,0.028454022365241326,56745514.28571428,-0.13050354472837267
2022-10-17,GOOGL,-0.02752923198688806,0.019510234620429993,27829295.23809524,-0.015304524984907308
2022-10-17,JPM,-0.0015664519382563302,0.02615917459307959,14550904.761904761,0.1474194680837142
2022-10-17,MSFT,-0.029459894841310064,0.023160948541894977,29495771.42857143,0.018692501963661234
2022-10-18,AAPL,-0.06945876693556252,0.02288467969407724,95910595.23809524,0.036777725145821005
2022-10-18,AMZN,-0.06658112311832554,0.028900742756997867,57618261.9047619,-0.16534889792754015
2022-10-18,GOOGL,-0.022315081544583282,0.019597310049757077,27878052.38095238,-0.01905320727651605
2022-10-18,JPM,0.01475317062412973,0.026684643219554754,15186066.666666666,0.12016160506365714
2022-10-18,MSFT,-0.024619589212254822,0.023189347737522237,29472090.476190478,0.01639924072288279
2022-10-19,AAPL,-0.08311029969712114,0.02249918946586984,93723380.95238096,0.04942331499579988
2022-10-19,AMZN,-0.05826992883477755,0.02870716057491273,57594438.0952381,-0.1757191385619914
2022-10-19,GOOGL,-0.014929714924171056,0.019324910784297232,27749195.23809524,-0.012747212887956105
2022-10-19,JPM,0.014870328488776341,0.02668025362006552,15540971.42857143,0.1375846607260398
2022-10-19,MSFT,-0.024623636292455786,0.02318941459450108,29154252.38095238,0.02486935918928812
2022-10-20,AAPL,-0.06720014767528315,0.02218373433098873,91953152.38095239,0.05684473195275097
2022-10-20,AMZN,-0.02775435203406007,0.028017902403548255,57132352.38095238,-0.18316703349545826
2022-10-20,GOOGL,0.006949947130254985,0.018898890733496057,27455666.666666668,-0.025407642485729354
2022-10-20,JPM,0.041594718138621145,0.025818281266884697,15521976.19047619,0.15250117243971406
2022-10-20,MSFT,-0.01171769218303198,0.022983373896477345,28829747.61904762,0.02434793639771793
2022-10-21,AAPL,-0.035812071163770054,0.02311500602487519,91948204.76190476,0.006691889555353603
2022-10-21,AMZN,0.017134107732177828,0.029007345465494466,57152890.47619048,-0.22510895641174455
2022-10-21,GOOGL,0.009885992971758517,0.018973160463592872,27368052.38095238,-0.054682024857494405
2022-10-21,JPM,0.10892530854557991,0.027819536053096505,15946204.761904761,0.08852186683532537
2022-10-21,MSFT,0.004730766555736343,0.023588789429617504,28603009.523809522,0.0025284439360684363
2022-10-24,AAPL,-0.006514606103877996,0.023154209857466426,90993538.09523809,0.006551391107546101
2022-10-24,AMZN,0.053084909301531535,0.028108546616484,56410261.9047619,-0.22216660669656063
2022-10-24,GOOGL,0.03828235709092409,0.01886932713239495,27156195.23809524,-0.0533553144170702
2022-10-24,JPM,0.13134423241655968,0.027298887776141263,15683614.285714285,0.10344801528811343
2022-10-24,MSFT,0.03921487673683788,0.0237996444016295,28161828.57142857,-0.006185972111759086
2022-10-25,AAPL,0.010413340087010114,0.023536299091432636,90107485.71428572,-0.0066915961223933396
2022-10-25,AMZN,0.04732954299629211,0.028043866801467532,55848895.23809524,-0.21948591671320117
2022-10-25,GOOGL,0.06427622170976721,0.019139184279093772,27800895.23809524,-0.05761869661892949
2022-10-25,JPM,0.15926387862868485,0.026569253479755108,15471019.047619049,0.11230647386230963
2022-10-25,MSFT,0.055632846915696144,0.023912985062047434,28499033.333333332,-0.00950406545641791
2022-10-26,AAPL,-0.015880124857126754,0.023904325014374884,90286133.33333333,-0.006657856467501833
2022-10-26,AMZN,0.010925618040286578,0.029569369616787206,56263542.85714286,-0.192374194151
2022-10-26,GOOGL,-0.026358987160184144,0.028129857458507455,30564766.666666668,0.026651267547126434
2022-10-26,JPM,0.18299872747914447,0.026318612149182966,15417371.42857143,0.10176456435878323
2022-10-26,MSFT,-0.021530169161041557,0.029608853644707285,31143057.14285714,0.07291817970208814
2022-10-27,AAPL,-0.03363579534440997,0.024661617632581824,88499885.71428572,-0.0023535195678617837
2022-10-27,AMZN,-0.059740724719412386,0.030029237398175743,59779809.52380952,-0.15329850645799792
2022-10-27,GOOGL,-0.07826072430457465,0.028033566942687004,31909747.61904762,0.04153104453366918
2022-10-27,JPM,0.16413352874215992,0.026191258058720066,15320466.666666666,0.07825043340181859
2022-10-27,MSFT,-0.059401973590751056,0.029506768505702306,31685671.42857143,0.06920086173220086
2022-10-28,AAPL,0.09306589446957614,0.027433989900047754,90243895.23809524,-0.09204948364221899
2022-10-28,AMZN,-0.09921601992042839,0.03289474169226575,67597128.57142857,-0.10627603813915087
2022-10-28,GOOGL,-0.011599082370142733,0.029350865056308403,32512133.333333332,-0.01142396872170448
2022-10-28,JPM,0.19826706472804956,0.025589782073330607,15279780.952380951,0.08312148074255976
2022-10-28,MSFT,-0.006863076840449955,0.03077446437834201,32312504.76190476,0.021780197316922933
2022-10-31,AAPL,0.10955125522977238,0.02668598095808513,88959033.33333333,-0.033027541737291166
2022-10-31,AMZN,-0.09345130582826322,0.032815805414909145,69491023.8095238,-0.05759470309709913
2022-10-31,GOOGL,-0.011918401869800754,0.029360689950100254,32451823.80952381,0.06856403590623317
2022-10-31,JPM,0.21537060532770624,0.02509346061701968,15152247.61904762,0.09771199692266097
2022-10-31,MSFT,-0.0033061362622882617,0.0306725797350101,31963100.0,0.10222289239893945
2022-11-01,AAPL,0.057563956979270525,0.026462639999011956,87343204.76190476,-0.013899401866912187
2022-11-01,AMZN,-0.16473935787332405,0.03387600304147222,74368552.38095239,-0.013327832455060973
2022-11-01,GOOGL,-0.08282641296520965,0.029839727246681536,33365128.57142857,0.11628153862787549
2022-11-01,JPM,0.20019087109927391,0.024701695366068768,15206476.19047619,0.063129367184382
2022-11-01,MSFT,-0.05221408538669192,0.029901144520384258,32044619.04761905,0.11937487699815796
2022-11-02,AAPL,-0.007323674489347787,0.02732138982799115,87618180.95238096,0.020858896363600277
2022-11-02,AMZN,-0.2392434921747827,0.032677048799911554,77842323.8095238,0.02181930576321567
2022-11-02,GOOGL,-0.1443330982977793,0.029702523405412472,34707390.47619048,0.15488110439704417
2022-11-02,JPM,0.13599359788090815,0.02340898811410688,15231833.333333334,0.0645035284804687
2022-11-02,MSFT,-0.1156380671363666,0.029553470666377618,32212171.42857143,0.1619204726587289
2022-11-03,AAPL,-0.05136606993234971,0.028834915468394787,88496633.33333333,0.057555076197827626
2022-11-03,AMZN,-0.2616783356350829,0.03280114762794114,82054980.95238096,0.01914892526354728
2022-11-03,GOOGL,-0.17746212654764104,0.030568012444577086,36569823.809523806,0.1923769015188148
2022-11-03,JPM,0.1522782024344298,0.023044717757646726,15304733.333333334,0.03278296501727773
2022-11-03,MSFT,-0.1402487750489999,0.02986159442504213,32987733.333333332,0.17108574304117918
2022-11-04,AAPL,-0.046898577253644436,0.028816403804543443,91944852.38095239,0.03273572426344895
2022-11-04,AMZN,-0.24372401455559067,0.03352936152620279,86190576.1904762,-0.030006630646332466
2022-11-04,GOOGL,-0.14632223723249493,0.03218064601788793,37941295.23809524,0.12012032475050582
2022-11-04,JPM,0.20843345322424645,0.022555791715221214,15468152.38095238,0.0069635941086461095
2022-11-04,MSFT,-0.10292148660089007,0.031098969202228575,33775790.47619048,0.11030675472299034
2022-11-07,AAPL,-0.006706386086217209,0.02770372729925797,91823376.1904762,0.01454071547909086
2022-11-07,AMZN,-0.20975907202692023,0.03258011101414031,87277133.33333333,-0.022865345440583384
2022-11-07,GOOGL,-0.10326322422097511,0.03243545407417127,38254442.85714286,0.07288999585786038
2022-11-07,JPM,0.23957328728936922,0.021568918321957592,15483871.42857143,0.0009897190601968475
2022-11-07,MSFT,-0.02719437060750618,0.030049870242036644,33572380.952380955,0.07543178934400907
2022-11-08,AAPL,-0.004903938140183861,0.027714169966952355,92538114.28571428,0.02258072884165152
2022-11-08,AMZN,-0.20841026826447007,0.03258966437486525,89484928.57142857,0.004111970475482174
2022-11-08,GOOGL,-0.09155913047584563,0.032485658873270325,38835580.952380955,0.05410549979432466
2022-11-08,JPM,0.25202410106455697,0.021217738038581818,15529223.80952381,0.010878570763981354
2022-11-08,MSFT,-0.001657516396688652,0.029697622794924685,33498519.04761905,0.08400916357886623
2022-11-09,AAPL,-0.02796270907472509,0.028582073752100576,92437357.14285715,0.054052130630243056
2022-11-09,AMZN,-0.2323322333796518,0.03333594186725436,91121309.52380952,0.0342465401572396
2022-11-09,GOOGL,-0.1014611992077995,0.032619579812863946,39086152.38095238,0.06310121655681566
2022-11-09,JPM,0.2724599328554915,0.019975492701382516,15374666.666666666,0.018652661951036764
2022-11-09,MSFT,-0.00399264703825053,0.029767978906965753,33373704.76190476,0.09621664138434749
2022-11-10,AAPL,0.06342102099643654,0.03463928120431855,94743085.71428572,-0.01620454797085724
2022-11-10,AMZN,-0.1441098676046655,0.04424440550124967,97201604.76190476,-0.0629203598724628
2022-11-10,GOOGL,-0.037105357685612406,0.03702913037126954,40502519.047619045,-0.006706408101375794
2022-11-10,JPM,0.30373515806006157,0.020972767510882374,15525647.61904762,-0.006440653838771571
2022-11-10,MSFT,0.07632336265152762,0.034741606008392975,34533900.0,0.042149996463480166
2022-11-11,AAPL,0.04866302928613919,0.03415362529016084,93826690.47619048,-0.028256418529686855
2022-11-11,AMZN,-0.10432771697434196,0.04554749420569237,98378861.90476191,-0.08234946895887119
2022-11-11,GOOGL,-0.026751324834550227,0.037347886564653265,40431852.38095238,-0.008090806333288625
2022-11-11,JPM,0.23708507871649487,0.018660737251209404,14968790.476190476,-0.009016970752511955
2022-11-11,MSFT,0.05494358962622625,0.03403100170905343,34156204.76190476,0.04262887596794118
2022-11-14,AAPL,0.07331984123361646,0.03333729842681019,93101742.85714285,-0.03419208510748839
2022-11-14,AMZN,-0.0786716888874266,0.044556727168688186,99892947.61904761,-0.07015936828704872
2022-11-14,GOOGL,-0.00890642700087918,0.03696048381807635,40658938.0952381,-0.006583152480001742
2022-11-14,JPM,0.20433481513184826,0.019125214934039035,13906814.285714285,-0.003733718410114828
2022-11-14,MSFT,0.056834255146776425,0.03396280271227096,34200238.0952381,0.0678735167122424
2022-11-15,AAPL,0.05532529521371288,0.032894047480411935,93321619.04761904,-0.0902425587847362
2022-11-15,AMZN,-0.13050354472837267,0.04186061670968668,102205057.14285715,-0.10602390574405329
2022-11-15,GOOGL,-0.015304524984907308,0.03667091922931474,41288538.0952381,-0.07700131138875532
2022-11-15,JPM,0.1474194680837142,0.017862189905345004,13514528.57142857,-0.021363064555459554
2022-11-15,MSFT,0.018692501963661234,0.032942461320691084,34354895.23809524,0.03199450457115094
2022-11-16,AAPL,0.036777725145821005,0.03295085471963534,91658842.85714285,-0.09597422908709852
2022-11-16,AMZN,-0.16534889792754015,0.0414230258718623,103269409.52380952,-0.09534598305554887
2022-11-16,GOOGL,-0.01905320727651605,0.03663814156250455,41528752.38095238,-0.08689921623544461
2022-11-16,JPM,0.12016160506365714,0.017350229360997164,12864704.761904761,-0.028771020644991596
2022-11-16,MSFT,0.01639924072288279,0.03293693989573364,34248404.76190476,0.012245101582120554
2022-11-17,AAPL,0.04942331499579988,0.033031370020167324,92546038.09523809,-0.12174917073442171
2022-11-17,AMZN,-0.1757191385619914,0.041558709733631696,104956066.66666667,-0.10469162324641557
2022-11-17,GOOGL,-0.012747212887956105,0.036568541310724144,41635490.47619048,-0.100854070941503
2022-11-17,JPM,0.1375846607260398,0.01654477991982033,12471761.904761905,-0.018711388287063535
2022-11-17,MSFT,0.02486935918928812,0.032863786120286204,34397823.809523806,-0.005089394729528407
2022-11-18,AAPL,0.05684473195275097,0.03300236799598629,93036876.1904762,-0.12552039970968276
2022-11-18,AMZN,-0.18316703349545826,0.04149754542073154,106081452.38095239,-0.09507113879614415
2022-11-18,GOOGL,-0.025407642485729354,0.036616857036725715,41779257.14285714,-0.08631830065064972
2022-11-18,JPM,0.15250117243971406,0.01641301086785454,12341338.095238095,-0.02353544403497909
2022-11-18,MSFT,0.02434793639771793,0.03286635320247126,34674133.333333336,0.002404361326856952
2022-11-21,AAPL,0.006691889555353603,0.03295005241427645,91711900.0,-0.0848591740318323
2022-11-21,AMZN,-0.22510895641174455,0.04027604459964101,107446680.95238096,-0.06154015247402056
2022-11-21,GOOGL,-0.054682024857494405,0.03671160540346279,41264433.333333336,-0.06297072493240818
2022-11-21,JPM,0.08852186683532537,0.012860931226509923,11732157.142857144,-0.006689204259900716
2022-11-21,MSFT,0.0025284439360684363,0.03242412255733883,34678657.14285714,0.009832534281456029
2022-11-22,AAPL,0.006551391107546101,0.03294706197490043,90560576.1904762,-0.11952295022782222
2022-11-22,AMZN,-0.22216660669656063,0.04035798135229153,108049561.90476191,-0.10096562597465109
2022-11-22,GOOGL,-0.0533553144170702,0.036743464906315595,41086438.0952381,-0.09572374725559463
2022-11-22,JPM,0.10344801528811343,0.013053778411058852,11568419.047619049,-0.03243454575662952
2022-11-22,MSFT,-0.006185972111759086,0.03219966419036046,34428871.428571425,-0.027914889226390738
2022-11-23,AAPL,-0.0066915961223933396,0.03269911208654345,89778152.38095239,-0.12715966692385705
2022-11-23,AMZN,-0.21948591671320117,0.04044084287838645,108453376.1904762,-0.0943375917616478
2022-11-23,GOOGL,-0.05761869661892949,0.036625284146897565,40051042.85714286,-0.09374365158514708
2022-11-23,JPM,0.11230647386230963,0.013105132868418712,11379233.333333334,-0.03810100419632978
2022-11-23,MSFT,-0.00950406545641791,0.0321366214070493,33701871.428571425,-0.03574606122071833
2022-11-25,AAPL,-0.006657856467501833,0.03269810453674379,87254419.04761904,-0.12207140699976515
2022-11-25,AMZN,-0.192374194151,0.03985485866129679,106847961.90476191,-0.11101597623412252
2022-11-25,GOOGL,0.026651267547126434,0.030508985953776727,36317104.76190476,-0.10332454102765587
2022-11-25,JPM,0.10176456435878323,0.013040434286441315,10977019.047619049,-0.036565664381744245
2022-11-25,MSFT,0.07291817970208814,0.02684768307696944,30209376.19047619,-0.042547169775361104
2022-11-28,AAPL,-0.0023535195678617837,0.032513580459692146,85352790.47619048,-0.12605736078612462
2022-11-28,AMZN,-0.15329850645799792,0.0393187137273798,104244995.23809524,-0.12911120433671208
2022-11-28,GOOGL,0.04153104453366918,0.029961020250150062,34675514.28571428,-0.10442483311813722
2022-11-28,JPM,0.07825043340181859,0.013911771863354865,10937938.095238095,-0.014067769797672658
2022-11-28,MSFT,0.06920086173220086,0.02700576291533555,29464309.523809522,-0.0299056440942006
2022-11-29,AAPL,-0.09204948364221899,0.02784732488295596,81495714.28571428,-0.08188725668434904
2022-11-29,AMZN,-0.10627603813915087,0.036857886015016106,96741847.61904761,-0.08915816951983357
2022-11-29,GOOGL,-0.01142396872170448,0.02846246150013958,33550009.523809522,-0.0708058280439946
2022-11-29,JPM,0.08312148074255976,0.014081108486758517,10750595.238095239,-0.024457791154992803
2022-11-29,MSFT,0.021780197316922933,0.025717661318039646,28383766.666666668,0.002829410719887404
2022-11-30,AAPL,-0.033027541737291166,0.0299828185330907,82135604.76190476,-0.12227239677815005
2022-11-30,AMZN,-0.05759470309709913,0.03836623173765971,96911104.76190476,-0.1298943525647971
2022-11-30,GOOGL,0.06856403590623317,0.03106370593410275,34120128.571428575,-0.1263491549732848
2022-11-30,JPM,0.09771199692266097,0.014124756564361933,10820404.761904761,-0.029526386415510752
2022-11-30,MSFT,0.10222289239893945,0.028531899359824343,29299809.523809522,-0.06004519499662919
2022-12-01,AAPL,-0.013899401866912187,0.02975153160374855,81700895.23809524,-0.15669890218017235
2022-12-01,AMZN,-0.013327832455060973,0.03647593760758977,92869104.76190476,-0.1013612597400605
2022-12-01,GOOGL,0.11628153862787549,0.02921954864520775,33240400.0,-0.11753636254022881
2022-12-01,JPM,0.063129367184382,0.014325737863837663,10604766.666666666,-0.008220867892200778
2022-12-01,MSFT,0.11937487699815796,0.02813241070606119,29083104.76190476,-0.059327022223380044
2022-12-02,AAPL,0.020858896363600277,0.02853523469070254,80360076.1904762,-0.14511853153771204
2022-12-02,AMZN,0.02181930576321567,0.034953566933637006,89856466.66666667,-0.09550619490157364
2022-12-02,GOOGL,0.15488110439704417,0.02755021440115122,31547180.95238095,-0.12305866673619215
2022-12-02,JPM,0.0645035284804687,0.0142737309292531,10242185.714285715,0.00902637061247713
2022-12-02,MSFT,0.1619204726587289,0.026545823057136823,28279366.666666668,-0.10163922803136649
2022-12-05,AAPL,0.057555076197827626,0.026833337581054252,78974738.09523809,-0.14737788143878372
2022-12-05,AMZN,0.01914892526354728,0.035074406767215904,86754190.47619048,-0.08669376117405325
2022-12-05,GOOGL,0.1923769015188148,0.02561057967275454,29790852.38095238,-0.13349438249309642
2022-12-05,JPM,0.03278296501727773,0.015809931957974272,10131714.285714285,0.03790676004246807
2022-12-05,MSFT,0.17108574304117918,0.026102160233787693,27650861.904761903,-0.11147095062252144
2022-12-06,AAPL,0.03273572426344895,0.02752715070620484,75351519.04761904,-0.09299568070798825
2022-12-06,AMZN,-0.030006630646332466,0.03549571025853279,84201919.04761904,-0.02458921437898376
2022-12-06,GOOGL,0.12012032475050582,0.025721753880195285,28542557.14285714,-0.09940200358224449
2022-12-06,JPM,0.0069635941086461095,0.014674849642210476,10084738.095238095,0.05599930659481389
2022-12-06,MSFT,0.11030675472299034,0.026109942098853017,26968700.0,-0.0823678102763229
2022-12-07,AAPL,0.01454071547909086,0.027732176465828446,74701352.38095239,-0.07655755818752175
2022-12-07,AMZN,-0.022865345440583384,0.03548970923338875,83753880.95238096,-0.012434981748877028
2022-12-07,GOOGL,0.07288999585786038,0.026069915497192415,28398104.76190476,-0.07288831438081345
2022-12-07,JPM,0.0009897190601968475,0.014633994745792215,10071795.238095239,0.052355221523548545
2022-12-07,MSFT,0.07543178934400907,0.02557418439622122,26348866.666666668,-0.07058957507705499
2022-12-08,AAPL,0.02258072884165152,0.027831299599997597,73378485.71428572,-0.08356104725540214
2022-12-08,AMZN,0.004111970475482174,0.035779222367919875,83020666.66666667,-0.005312625740403809
2022-12-08,GOOGL,0.05410549979432466,0.026318803471410874,28483071.42857143,-0.05645066043099112
2022-12-08,JPM,0.010878570763981354,0.014807509861347922,10025280.952380951,0.05075082973574796
2022-12-08,MSFT,0.08400916357886623,0.025643517407373154,26083119.04761905,-0.07497975873170815
2022-12-09,AAPL,0.054052130630243056,0.026716135354512133,73434638.09523809,-0.060987396892830836
2022-12-09,AMZN,0.0342465401572396,0.034563127687586216,81906490.47619048,0.06734762876455691
2022-12-09,GOOGL,0.06310121655681566,0.026052883601082055,28314323.80952381,-0.014111913622182004
2022-12-09,JPM,0.018652661951036764,0.014548603294312552,9952128.57142857,0.06432636024463823
2022-12-09,MSFT,0.09621664138434749,0.025254115071904674,25738204.76190476,-0.03932034393969519
2022-12-12,AAPL,-0.01620454797085724,0.018423450823034097,71130290.47619048,-0.07668368976280637
2022-12-12,AMZN,-0.0629203598724628,0.021511033494628434,76601009.52380952,0.052125824762376594
2022-12-12,GOOGL,-0.006706408101375794,0.02009129325492718,27257176.19047619,-0.023362934268919333
2022-12-12,JPM,-0.006440653838771571,0.011829514931695536,9594509.523809524,0.047018897707497675
2022-12-12,MSFT,0.042149996463480166,0.018954794900368263,24995209.523809522,-0.055443311124377836
2022-12-13,AAPL,-0.028256418529686855,0.01794484737742318,71125838.09523809,-0.07362363527268923
2022-12-13,AMZN,-0.08234946895887119,0.019638827994169262,76059176.1904762,0.06087149976049355
2022-12-13,GOOGL,-0.008090806333288625,0.019999440936937927,27614471.42857143,-0.03670379431365178
2022-12-13,JPM,-0.009016970752511955,0.011822568038676939,9562161.904761905,0.07448089861500895
2022-12-13,MSFT,0.04262887596794118,0.01897338011757876,25356004.76190476,-0.06885407963307266
2022-12-14,AAPL,-0.03419208510748839,0.01813192066046448,71550461.90476191,-0.05076464399559821
2022-12-14,AMZN,-0.07015936828704872,0.019213258170621427,74667028.57142857,0.04880979614904701
2022-12-14,GOOGL,-0.006583152480001742,0.019975110532825364,27545619.04761905,-0.03976001729161349
2022-12-14,JPM,-0.003733718410114828,0.011656347854866212,9508852.38095238,0.06318895310695893
2022-12-14,MSFT,0.0678735167122424,0.01811914254741015,25560176.19047619,-0.06558588438518786
2022-12-15,AAPL,-0.0902425587847362,0.020358571894552056,71982061.90476191,-0.009450447672546547
2022-12-15,AMZN,-0.10602390574405329,0.020253816698488317,73403533.33333333,0.079253842601402
2022-12-15,GOOGL,-0.07700131138875532,0.021035111092378034,27472580.95238095,0.002861588317992547
2022-12-15,JPM,-0.021363064555459554,0.012770756479560238,9415971.42857143,0.057484855924923695
2022-12-15,MSFT,0.03199450457115094,0.019683776570108162,25758761.904761903,-0.053009806612487886
2022-12-16,AAPL,-0.09597422908709852,0.020465851590878305,76550566.66666667,0.005650262220200375
2022-12-16,AMZN,-0.09534598305554887,0.020030177737539526,76174261.90476191,0.06624174430222474
2022-12-16,GOOGL,-0.08689921623544461,0.020967499963194768,28849085.714285713,0.030910624543211584
2022-12-16,JPM,-0.028771020644991596,0.012809455118009105,10046461.904761905,0.04992939695728693
2022-12-16,MSFT,0.012245101582120554,0.020116760773444358,28711557.14285714,-0.05214768609722953
2022-12-19,AAPL,-0.12174917073442171,0.02019507548066998,76512623.8095238,0.041550552624813886
2022-12-19,AMZN,-0.10469162324641557,0.020616169662492308,76217766.66666667,0.14519550278986793
2022-12-19,GOOGL,-0.100854070941503,0.021258693575967807,29012914.285714287,0.10832214262449558
2022-12-19,JPM,-0.018711388287063535,0.01288429113773691,10055842.857142856,0.04626915235250095
2022-12-19,MSFT,-0.005089394729528407,0.020501577450889607,29024552.38095238,-0.000956376206463716
2022-12-20,AAPL,-0.12552039970968276,0.020112754565752337,76636585.71428572,0.06659104966949658
2022-12-20,AMZN,-0.09507113879614415,0.020684423119820113,76309200.0,0.14473522535864158
2022-12-20,GOOGL,-0.08631830065064972,0.021371659540705863,28780128.57142857,0.12098402091633642
2022-12-20,JPM,-0.02353544403497909,0.012724096758808503,10012100.0,0.0581067455999722
2022-12-20,MSFT,0.002404361326856952,0.0205331318891404,28907280.95238095,0.0032258257489690134
2022-12-21,AAPL,-0.0848591740318323,0.020797255522586516,77932009.52380952,0.05227019034683944
2022-12-21,AMZN,-0.06154015247402056,0.021035627843002738,75115719.04761904,0.11006112044745509
2022-12-21,GOOGL,-0.06297072493240818,0.021208637426551602,28927661.904761903,0.09064510429460504
2022-12-21,JPM,-0.006689204259900716,0.01294595105910619,10024061.904761905,0.055331935063475335
2022-12-21,MSFT,0.009832534281456029,0.020653545647344156,28778514.285714287,-0.009777835640841004
2022-12-22,AAPL,-0.11952295022782222,0.020763287750403946,79172390.47619048,0.07282748365606206
2022-12-22,AMZN,-0.10096562597465109,0.02195684770132917,76031876.1904762,0.15980426355583321
2022-12-22,GOOGL,-0.09572374725559463,0.021112157091724305,29128604.76190476,0.0850045043839307
2022-12-22,JPM,-0.03243454575662952,0.012671888016625726,9998466.666666666,0.07261325620131087
2022-12-22,MSFT,-0.027914889226390738,0.021229430388249558,29206419.04761905,0.010159936974422523
2022-12-23,AAPL,-0.12715966692385705,0.020602779935850614,79434938.09523809,0.09176428601295528
2022-12-23,AMZN,-0.0943375917616478,0.02226581429893394,75937542.85714285,0.1638709820610338
2022-12-23,GOOGL,-0.09374365158514708,0.021217940308381006,29325504.76190476,0.09290600028726037
2022-12-23,JPM,-0.03810100419632978,0.012451914038419066,9892547.61904762,0.07414692915820398
2022-12-23,MSFT,-0.03574606122071833,0.02108194308100004,29287300.0,0.03883046019593306
2022-12-27,AAPL,-0.12207140699976515,0.020454971411187257,81045028.57142857,0.12227957069389572
2022-12-27,AMZN,-0.11101597623412252,0.022748121652315628,76994466.66666667,0.2312138335327505
2022-12-27,GOOGL,-0.10332454102765587,0.021479570929032087,29820547.61904762,0.13708686058641262
2022-12-27,JPM,-0.036565664381744245,0.012480395196104825,9996857.142857144,0.07299612174526215
2022-12-27,MSFT,-0.042547169775361104,0.021118662314912613,29643861.904761903,0.047265458731651666
2022-12-28,AAPL,-0.12605736078612462,0.02069549179105729,81816095.23809524,0.13456049190015085
2022-12-28,AMZN,-0.12911120433671208,0.02268623492053958,76198538.09523809,0.22891717705687564
2022-12-28,GOOGL,-0.10442483311813722,0.021507929566895373,29500819.04761905,0.12694724474655894
2022-12-28,JPM,-0.014067769797672658,0.012025828879196898,9945466.666666666,0.05811348590909482
2022-12-28,MSFT,-0.0299056440942006,0.020650797687003286,29295238.095238097,0.03487841313101847
2022-12-29,AAPL,-0.08188725668434904,0.02169934141417451,81432280.95238096,0.1132626293316017
2022-12-29,AMZN,-0.08915816951983357,0.02380459611783017,75695138.09523809,0.22511281634049896
2022-12-29,GOOGL,-0.0708058280439946,0.022668594438327798,29656619.04761905,0.11746746941559505
2022-12-29,JPM,-0.024457791154992803,0.011481126909094766,9881652.38095238,0.058353240360356384
2022-12-29,MSFT,0.002829410719887404,0.021549322428698045,29381638.095238097,0.02821440789355223
2022-12-30,AAPL,-0.12227239677815005,0.018175229929117853,79796723.8095238,0.11929492212971171
2022-12-30,AMZN,-0.1298943525647971,0.021044179683632556,73771109.52380952,0.2517857324509394
2022-12-30,GOOGL,-0.1263491549732848,0.017273332448179513,28720371.42857143,0.13827510426237244
2022-12-30,JPM,-0.029526386415510752,0.011238742583955382,9621238.095238095,0.048628107442229895
2022-12-30,MSFT,-0.06004519499662919,0.016355996607390823,28159938.095238097,0.053915212790807576
2023-01-03,AAPL,-0.15669890218017235,0.019306306095523834,81742776.1904762,0.20588474887772645
2023-01-03,AMZN,-0.1013612597400605,0.021880508459177123,74162442.85714285,0.31566073250544346
2023-01-03,GOOGL,-0.11753636254022881,0.017593659759464288,28693900.0,0.20893178913199595
2023-01-03,JPM,-0.008220867892200778,0.011008493409370624,9725823.80952381,0.03586632811738899
2023-01-03,MSFT,-0.059327022223380044,0.016359299062845858,28145580.95238095,0.10443244738811575
2023-01-04,AAPL,-0.14511853153771204,0.019694049850839567,82869738.09523809,0.22269698304780805
2023-01-04,AMZN,-0.09550619490157364,0.02178579113328821,73990476.1904762,0.21435283216855283
2023-01-04,GOOGL,-0.12305866673619215,0.01763996388599052,29330761.904761903,0.18960031388600163
2023-01-04,JPM,0.00902637061247713,0.011057197902618457,9857047.61904762,0.042177455377869544
2023-01-04,MSFT,-0.10163922803136649,0.01859739642308872,29531052.38095238,0.12767366224153998
2023-01-05,AAPL,-0.14737788143878372,0.01970721892896518,83447657.14285715,0.21364569382124476
2023-01-05,AMZN,-0.08669376117405325,0.021257964478561944,73818823.8095238,0.22930698903733515
2023-01-05,GOOGL,-0.13349438249309642,0.017940931513804093,29463585.714285713,0.19373552693030782
2023-01-05,JPM,0.03790676004246807,0.008930420166292764,9772609.523809524,0.04854083468671222
2023-01-05,MSFT,-0.11147095062252144,0.019140492759121355,30300114.285714287,0.15500891126921945
2023-01-06,AAPL,-0.09299568070798825,0.021460173823872334,84544204.76190476,0.193103243754424
2023-01-06,AMZN,-0.02458921437898376,0.022044490801628562,74190242.85714285,0.18622210081684498
2023-01-06,GOOGL,-0.09940200358224449,0.017917394338452488,30247909.523809522,0.2324248791129251
2023-01-06,JPM,0.05599930659481389,0.00969700087326393,9585104.761904761,0.041394510545866625
2023-01-06,MSFT,-0.0823678102763229,0.01917512484041489,31307252.38095238,0.18952582265952
2023-01-09,AAPL,-0.07655755818752175,0.02142447966875622,84595142.85714285,0.16726855084607162
2023-01-09,AMZN,-0.012434981748877028,0.022305849164860534,74055919.04761904,0.14526101594260488
2023-01-09,GOOGL,-0.07288831438081345,0.017715874794292808,30150695.23809524,0.12894810298375692
2023-01-09,JPM,0.052355221523548545,0.009784954184305701,9430004.761904761,0.038363518724205736
2023-01-09,MSFT,-0.07058957507705499,0.01940538096386952,31635266.666666668,0.1744012199376006
2023-01-10,AAPL,-0.08356104725540214,0.02120763506823885,84679328.57142857,0.1540578246110591
2023-01-10,AMZN,-0.005312625740403809,0.02271864196603808,73791666.66666667,0.09313447047274992
2023-01-10,GOOGL,-0.05645066043099112,0.017657731048748466,30067576.19047619,0.0745307659441583
2023-01-10,JPM,0.05075082973574796,0.009727461149665974,9436738.095238095,0.013131490695215797
2023-01-10,MSFT,-0.07497975873170815,0.019239295536023562,31845842.85714286,0.15193337712018118
2023-01-11,AAPL,-0.060987396892830836,0.021901495334518937,84363228.57142857,0.13297261148008577
2023-01-11,AMZN,0.06734762876455691,0.02574488714860683,75492985.71428572,0.026501255331911278
2023-01-11,GOOGL,-0.014111913622182004,0.019384521377512745,30002652.38095238,0.03332610429822935
2023-01-11,JPM,0.06432636024463823,0.009614209057739484,9472257.142857144,0.01009811919938608
2023-01-11,MSFT,-0.03932034393969519,0.02055896295151537,32229633.333333332,0.11591807588509795
2023-01-12,AAPL,-0.07668368976280637,0.021468137385993274,84406890.47619048,0.15497269098036326
2023-01-12,AMZN,0.052125824762376594,0.025573636023844704,76600366.66666667,0.04482003173001803
2023-01-12,GOOGL,-0.023362934268919333,0.019355881754917537,30042561.904761903,0.03818711322056911
2023-01-12,JPM,0.047018897707497675,0.009207966082852896,9575119.047619049,0.02208020695324886
2023-01-12,MSFT,-0.055443311124377836,0.019596905119427948,32067938.095238097,0.13756251088514393
2023-01-13,AAPL,-0.07362363527268923,0.021560745978449224,82688961.90476191,0.13857195016201906
2023-01-13,AMZN,0.06087149976049355,0.02594829879868403,75902147.61904761,0.016102671804248292
2023-01-13,GOOGL,-0.03670379431365178,0.018650758561813988,29363300.0,0.027789882396614285
2023-01-13,JPM,0.07448089861500895,0.010445040390782225,10059623.80952381,0.0013282413559350115
2023-01-13,MSFT,-0.06885407963307266,0.019107446969479497,31074433.333333332,0.13769182594833396
2023-01-17,AAPL,-0.05076464399559821,0.021529432658850923,81801123.8095238,0.14438069928999342
2023-01-17,AMZN,0.04880979614904701,0.02634306024923749,76019147.61904761,0.05320146223835076
2023-01-17,GOOGL,-0.03976001729161349,0.01869927317007329,29547528.57142857,0.061890649076638216
2023-01-17,JPM,0.06318895310695893,0.011098116247337345,10265661.904761905,0.021306661992705145
2023-01-17,MSFT,-0.06558588438518786,0.01916306382729754,30808738.095238097,0.12333920289065348
2023-01-18,AAPL,-0.009450447672546547,0.018985561159542485,80407833.33333333,0.13855985918243285
2023-01-18,AMZN,0.079253842601402,0.025065417873130987,75769980.95238096,0.02817936797826559
2023-01-18,GOOGL,0.002861588317992547,0.01596812008238015,29024180.95238095,0.04817820208993506
2023-01-18,JPM,0.057484855924923695,0.011790341476470985,10327795.238095239,0.03844194358465147
2023-01-18,MSFT,-0.053009806612487886,0.018376402279717124,30545323.80952381,0.11448448703136527
2023-01-19,AAPL,0.005650262220200375,0.018700749800429645,75556571.42857143,0.12946652513693224
2023-01-19,AMZN,0.06624174430222474,0.025452052044406998,72096580.95238096,0.03757468650298379
2023-01-19,GOOGL,0.030910624543211584,0.016513026200747804,28023638.095238097,0.013970944157609688
2023-01-19,JPM,0.04992939695728693,0.012156192564076277,9954923.80952381,0.055584388164936716
2023-01-19,MSFT,-0.05214768609722953,0.018341088480764062,27808228.57142857,0.11545018477751112
2023-01-20,AAPL,0.041550552624813886,0.018736787300821484,75586619.04761904,0.07860098247144509
2023-01-20,AMZN,0.14519550278986793,0.025062949131641397,71332295.23809524,-0.02745499402514462
2023-01-20,GOOGL,0.10832214262449558,0.019247808233729742,29628309.523809522,-0.06355849865340835
2023-01-20,JPM,0.04626915235250095,0.012128867575924717,10148985.714285715,0.033683830544184445
2023-01-20,MSFT,-0.000956376206463716,0.01977924818882711,28079342.85714286,0.05446195406766852
2023-01-23,AAPL,0.06659104966949658,0.01929317858572879,75792690.47619048,0.056887294573597424
2023-01-23,AMZN,0.14473522535864158,0.025065994221506682,71434809.52380952,-0.017739907578863345
2023-01-23,GOOGL,0.12098402091633642,0.01945432119826004,30416466.666666668,-0.08157135793885728
2023-01-23,JPM,0.0581067455999722,0.012499594811694324,10241233.333333334,0.009397587646643668
2023-01-23,MSFT,0.0032258257489690134,0.019858663872607846,28402352.38095238,0.039409492152829184
2023-01-24,AAPL,0.05227019034683944,0.018787391582298148,74864457.14285715,0.04980089991950565
2023-01-24,AMZN,0.11006112044745509,0.025243763756930323,71799680.95238096,-0.005191029916779222
2023-01-24,GOOGL,0.09064510429460504,0.0202976710969053,30813271.42857143,-0.06970304987944054
2023-01-24,JPM,0.055331935063475335,0.012422795092122144,10188533.333333334,0.008811836854260902
2023-01-24,MSFT,-0.009777835640841004,0.019716445780130452,29190152.38095238,0.055231055391114836
2023-01-25,AAPL,0.07282748365606206,0.017888379946295496,74290514.28571428,0.035767732589233825
2023-01-25,AMZN,0.15980426355583321,0.023556980994628954,72410647.61904761,-0.037867877069555744
2023-01-25,GOOGL,0.0850045043839307,0.020632692901986716,31511923.80952381,-0.06395751528649718
2023-01-25,JPM,0.07261325620131087,0.01200646563907014,10203714.285714285,0.013010115517593901
2023-01-25,MSFT,0.010159936974422523,0.01890857836382013,30993719.04761905,0.03837833380229472
2023-01-26,AAPL,0.09176428601295528,0.017990311197547636,73828142.85714285,0.02907623239624657
2023-01-26,AMZN,0.1638709820610338,0.023645993365157072,72938738.09523809,-0.05502921807396011
2023-01-26,GOOGL,0.09290600028726037,0.020921052903066395,31850542.85714286,-0.07844541990041276
2023-01-26,JPM,0.07414692915820398,0.012018523837002325,10317795.238095239,0.015573746471630345
2023-01-26,MSFT,0.03883046019593306,0.02001652791495463,31576933.333333332,0.011236173031688557
2023-01-27,AAPL,0.12227957069389572,0.017595512904364435,73901857.14285715,0.011684385988102619
2023-01-27,AMZN,0.2312138335327505,0.022845807885871098,74390719.04761904,-0.07834501833136687
2023-01-27,GOOGL,0.13708686058641262,0.020324617011519455,32506852.38095238,-0.09369031866422939
2023-01-27,JPM,0.07299612174526215,0.012020709372677445,10416790.476190476,0.021593139251306237
2023-01-27,MSFT,0.047265458731651666,0.01990380888703931,32044090.476190478,0.007594629867442082
2023-01-30,AAPL,0.13456049190015085,0.01662564059144143,72881709.52380952,0.017705072222545137
2023-01-30,AMZN,0.22891717705687564,0.022949219507840072,74984209.52380952,-0.08334166711560331
2023-01-30,GOOGL,0.12694724474655894,0.020882429456288223,32873661.904761903,-0.06787709417311705
2023-01-30,JPM,0.05811348590909482,0.01228496158419153,10316866.666666666,0.024581275769210986
2023-01-30,MSFT,0.03487841313101847,0.020432611692201605,32444580.95238095,0.017209104400388586
2023-01-31,AAPL,0.1132626293316017,0.015854776536066987,72413652.38095239,0.01277151525419562
2023-01-31,AMZN,0.22511281634049896,0.022829446497561873,75533323.8095238,-0.10666149804086644
2023-01-31,GOOGL,0.11746746941559505,0.020501676650445767,33184957.14285714,-0.0692026207352272
2023-01-31,JPM,0.058353240360356384,0.012287818478478551,10440842.857142856,0.007930985335908414
2023-01-31,MSFT,0.02821440789355223,0.020062559102071276,32766980.95238095,0.015854764366494578
2023-02-01,AAPL,0.11929492212971171,0.015851578582508033,72443623.8095238,0.0400919929109711
2023-02-01,AMZN,0.2517857324509394,0.02274587610180989,76392795.23809524,-0.09747978936051016
2023-02-01,GOOGL,0.13827510426237244,0.020540430534032546,33734709.52380952,-0.06750981365670816
2023-02-01,JPM,0.048628107442229895,0.01230945088200306,10419380.952380951,0.029156971394736386
2023-02-01,MSFT,0.053915212790807576,0.020393828429243734,33210857.14285714,0.01257936635312018
2023-02-02,AAPL,0.20588474887772645,0.013993910272383812,72739885.71428572,0.021514788314753286
2023-02-02,AMZN,0.31566073250544346,0.02650340114337523,80271280.95238096,-0.1696927025124093
2023-02-02,GOOGL,0.20893178913199595,0.025145986051179466,35722928.571428575,-0.11704106476523068
2023-02-02,JPM,0.03586632811738899,0.012337772323543595,10455919.047619049,0.027925867213082434
2023-02-02,MSFT,0.10443244738811575,0.022524730724816876,33887066.666666664,-0.026782067336322823
2023-02-03,AAPL,0.22269698304780805,0.014389660996993422,75846728.57142857,-0.017271942444886057
2023-02-03,AMZN,0.21435283216855283,0.033820145336152116,83866028.57142857,-0.09517357961098727
2023-02-03,GOOGL,0.18960031388600163,0.026028203480879034,37173142.85714286,-0.10421824974338934
2023-02-03,JPM,0.042177455377869544,0.012596757365428304,10447042.857142856,-0.01750633855646566
2023-02-03,MSFT,0.12767366224153998,0.020702522818284944,32861061.904761903,-0.013793158010848017
2023-02-06,AAPL,0.21364569382124476,0.014983372652185549,75317947.61904761,0.009051630601674576
2023-02-06,AMZN,0.22930698903733515,0.033321640781960975,84533380.95238096,-0.08083775799139503
2023-02-06,GOOGL,0.19373552693030782,0.02584231527369912,37401961.9047619,-0.08406213480554936
2023-02-06,JPM,0.04854083468671222,0.012612265058669732,10448228.57142857,-0.029030479760189798
2023-02-06,MSFT,0.15500891126921945,0.019267931814281415,32048319.04761905,-0.009481399728971662
2023-02-07,AAPL,0.193103243754424,0.01382168049394049,75106895.23809524,-0.024766279584751416
2023-02-07,AMZN,0.18622210081684498,0.03288772841674118,86257090.47619048,-0.09656253600445075
2023-02-07,GOOGL,0.2324248791129251,0.02708823444010834,37765233.333333336,-0.14232631982507804
2023-02-07,JPM,0.041394510545866625,0.0122350938943796,10468171.42857143,-0.09265566641323275
2023-02-07,MSFT,0.18952582265952,0.02071411681847747,32392500.0,-0.05459734046391562
2023-02-08,AAPL,0.16726855084607162,0.014940265219828417,74789242.85714285,-0.021019392056582764
2023-02-08,AMZN,0.14526101594260488,0.03344255292214167,86762433.33333333,-0.09315341739672711
2023-02-08,GOOGL,0.12894810298375692,0.033111451181743974,40895690.47619048,-0.0879542447226197
2023-02-08,JPM,0.038363518724205736,0.012323815044507355,10395585.714285715,-0.06302575626628593
2023-02-08,MSFT,0.1744012199376006,0.02086474296214764,33693271.428571425,-0.06567453473147511
2023-02-09,AAPL,0.1540578246110591,0.015258537395482325,74413571.42857143,-0.0011285739418731566
2023-02-09,AMZN,0.09313447047274992,0.0334831123560347,86613190.47619048,-0.05914085591339824
2023-02-09,GOOGL,0.0745307659441583,0.03487963645080777,45133176.190476194,-0.04104827189938465
2023-02-09,JPM,0.013131490695215797,0.012772050637355379,10271509.523809524,-0.06530400793551228
2023-02-09,MSFT,0.15193337712018118,0.021296905612878832,34423804.76190476,-0.03438275807466007
2023-02-10,AAPL,0.13297261148008577,0.014932791734463963,73841752.38095239,0.010462845837381884
2023-02-10,AMZN,0.026501255331911278,0.031232154625828647,84213852.38095239,-0.027968480072359303
2023-02-10,GOOGL,0.03332610429822935,0.03418135396615644,46472161.9047619,-0.006344432799107458
2023-02-10,JPM,0.01009811919938608,0.012709361852483258,10170519.047619049,-0.045519036425361814
2023-02-10,MSFT,0.11591807588509795,0.020688667747091903,34288052.38095238,-0.0062970400810099525
2023-02-13,AAPL,0.15497269098036326,0.015099082603427322,73404580.95238096,-0.005589845243828662
2023-02-13,AMZN,0.04482003173001803,0.031479999206817266,82670361.90476191,-0.033554389557617026
2023-02-13,GOOGL,0.03818711322056911,0.03415290572157598,47415876.190476194,0.01585466163978788
2023-02-13,JPM,0.02208020695324886,0.01289839880788332,9986371.42857143,-0.10037182333466677
2023-02-13,MSFT,0.13756251088514393,0.021412333194508804,35114785.71428572,-0.01922145726943769
2023-02-14,AAPL,0.13857195016201906,0.015273999544644102,73590195.23809524,0.017297710289923884
2023-02-14,AMZN,0.016102671804248292,0.03085009192632016,81272909.52380952,0.0034102705886909224
2023-02-14,GOOGL,0.027789882396614285,0.034098018683206194,48768109.52380952,0.05956907560301783
2023-02-14,JPM,0.0013282413559350115,0.011696369040520902,9464914.285714285,-0.08694111916565317
2023-02-14,MSFT,0.13769182594833396,0.021411454790867656,35863100.0,0.017348784051952393
2023-02-15,AAPL,0.14438069928999342,0.015356293647871014,73681966.66666667,-0.002124203348867426
2023-02-15,AMZN,0.05320146223835076,0.030541850561833797,80092080.95238096,-0.021846645253681185
2023-02-15,GOOGL,0.061890649076638216,0.03432802654291567,49604614.28571428,0.04827721328626433
2023-02-15,JPM,0.021306661992705145,0.011161125040267228,9104695.238095239,-0.12510434185179997
2023-02-15,MSFT,0.12333920289065348,0.021639075534233443,35819819.047619045,0.03753882864245006
2023-02-16,AAPL,0.13855985918243285,0.015590617618697084,73610304.76190476,0.024006262310208637
2023-02-16,AMZN,0.02817936797826559,0.03131695007814708,78985833.33333333,-0.004482959088800809
2023-02-16,GOOGL,0.04817820208993506,0.0345418686880408,50240133.333333336,0.059784439327343675
2023-02-16,JPM,0.03844194358465147,0.00930371859754007,8855776.19047619,-0.10351152789210827
2023-02-16,MSFT,0.11448448703136527,0.022139807631760586,35799576.190476194,0.03845116091020606
2023-02-17,AAPL,0.12946652513693224,0.015836592912681503,73651433.33333333,0.044116433178722936
2023-02-17,AMZN,0.03757468650298379,0.031084559922444167,78558533.33333333,0.03508234330424065
2023-02-17,GOOGL,0.013970944157609688,0.0344211072653537,50110785.71428572,0.11202951818662332
2023-02-17,JPM,0.055584388164936716,0.008630810386703458,8600795.238095239,-0.0821850449783742
2023-02-17,MSFT,0.11545018477751112,0.022098477188934935,35865152.38095238,0.060916214611278496
2023-02-21,AAPL,0.07860098247144509,0.017033286024533252,72634461.90476191,0.06297120068613848
2023-02-21,AMZN,-0.02745499402514462,0.03056702018214367,78039433.33333333,0.043560954085694714
2023-02-21,GOOGL,-0.06355849865340835,0.03276283561287987,48703080.952380955,0.12615763805964786
2023-02-21,JPM,0.033683830544184445,0.00976905047959094,8453357.142857144,-0.08916410033037303
2023-02-21,MSFT,0.05446195406766852,0.021667510273547786,35532180.952380955,0.07765071939827006
2023-02-22,AAPL,0.056887294573597424,0.01642099457804485,71170223.8095238,0.06728883297734845
2023-02-22,AMZN,-0.017739907578863345,0.03070471828031286,77231480.95238096,0.030483329585937913
2023-02-22,GOOGL,-0.08157135793885728,0.03242208398942377,48268742.85714286,0.1522095520523692
2023-02-22,JPM,0.009397587646643668,0.009367437038817324,8482900.0,-0.08458434075661136
2023-02-22,MSFT,0.039409492152829184,0.021660518360424718,35082519.047619045,0.10397207596697866
2023-02-23,AAPL,0.04980089991950565,0.016336810465321514,70311133.33333333,0.07262363105595693
2023-02-23,AMZN,-0.005191029916779222,0.03058330444618116,76352314.28571428,0.024107676538831502
2023-02-23,GOOGL,-0.06970304987944054,0.0321993452076225,48655785.71428572,0.1600835906525646
2023-02-23,JPM,0.008811836854260902,0.009342943227104748,8536376.19047619,-0.1056776396272423
2023-02-23,MSFT,0.055231055391114836,0.02176345554225981,34557980.952380955,0.1012678986557678
2023-02-24,AAPL,0.035767732589233825,0.016876790798917584,69819242.85714285,0.07886316325324749
2023-02-24,AMZN,-0.037867877069555744,0.030963153465676053,74580514.28571428,0.04855615952435666
2023-02-24,GOOGL,-0.06395751528649718,0.03201583818965847,48382219.047619045,0.14955705534047348
2023-02-24,JPM,0.013010115517593901,0.009484454657645811,8543990.476190476,-0.08827071830855981
2023-02-24,MSFT,0.03837833380229472,0.022348477681211454,32580090.476190478,0.10897989117869278
2023-02-27,AAPL,0.02907623239624657,0.016683952080200563,69385595.23809524,0.06577885205293676
2023-02-27,AMZN,-0.05502921807396011,0.030557714211007395,73577976.1904762,0.03711599454192349
2023-02-27,GOOGL,-0.07844541990041276,0.03153544487285618,48257852.38095238,0.12417940819347417
2023-02-27,JPM,0.015573746471630345,0.009574442774423994,8664328.57142857,-0.09341594693430666
2023-02-27,MSFT,0.011236173031688557,0.021371512404459093,31996066.666666668,0.10021620538546139
2023-02-28,AAPL,0.011684385988102619,0.01647582885664219,68432795.23809524,0.09063130671307795
2023-02-28,AMZN,-0.07834501833136687,0.029689476133848383,71491485.71428572,0.06388619790517547
2023-02-28,GOOGL,-0.09369031866422939,0.031149507258204246,48079861.9047619,0.1258049527938625
2023-02-28,JPM,0.021593139251306237,0.00971240518044919,8832419.047619049,-0.0991278904738806
2023-02-28,MSFT,0.007594629867442082,0.02138683361036836,31805214.285714287,0.12464920217329745
2023-03-01,AAPL,0.017705072222545137,0.016154433459939298,68026304.76190476,0.11733557473644707
2023-03-01,AMZN,-0.08334166711560331,0.029829350277839325,70615657.14285715,0.10665077602623518
2023-03-01,GOOGL,-0.06787709417311705,0.03083518576857553,48264861.9047619,0.11653391182955852
2023-03-01,JPM,0.024581275769210986,0.00958976081467429,8851938.095238095,-0.09680824561303758
2023-03-01,MSFT,0.017209104400388586,0.02098835131726811,31886066.666666668,0.15340866466079195
2023-03-02,AAPL,0.01277151525419562,0.016067423156755557,67376952.38095239,0.13014860005522366
2023-03-02,AMZN,-0.10666149804086644,0.029078923057744226,70090995.23809524,0.1211332247347412
2023-03-02,GOOGL,-0.0692026207352272,0.0307838961317401,48375990.47619048,0.12749996651307338
2023-03-02,JPM,0.007930985335908414,0.00984381093775984,8943276.19047619,-0.07627424290905649
2023-03-02,MSFT,0.015854764366494578,0.020925609302856567,31803547.61904762,0.14810238142214294
2023-03-03,AAPL,0.0400919929109711,0.017688132322886147,67046890.47619048,0.10024491802541435
2023-03-03,AMZN,-0.09747978936051016,0.0296061974638081,68915257.14285715,0.0791359537985099
2023-03-03,GOOGL,-0.06750981365670816,0.03084363799335742,48358323.809523806,0.11436206806226967
2023-03-03,JPM,0.029156971394736386,0.010557790210862901,8975242.857142856,-0.09397184718940499
2023-03-03,MSFT,0.01257936635312018,0.020788330914100116,31779747.61904762,0.12511280022799331
2023-03-06,AAPL,0.021514788314753286,0.016257364126327594,65581128.571428575,0.07670809754494456
2023-03-06,AMZN,-0.1696927025124093,0.023573874912866794,63865647.61904762,0.10879996744791676
2023-03-06,GOOGL,-0.11704106476523068,0.025977699037420195,46584776.190476194,0.10080957162000215
2023-03-06,JPM,0.027925867213082434,0.01059519956684214,8853300.0,-0.10082615961725772
2023-03-06,MSFT,-0.026782067336322823,0.017985342035605017,31025909.523809522,0.11799707114516278
2023-03-07,AAPL,-0.017271942444886057,0.015680291332502004,60906114.28571428,0.08021094657441963
2023-03-07,AMZN,-0.09517357961098727,0.015957209383973568,59328785.71428572,0.08070545351223712
2023-03-07,GOOGL,-0.10421824974338934,0.0255621108003387,44800309.52380952,0.11304074892985705
2023-03-07,JPM,-0.01750633855646566,0.012035758769428319,8865033.333333334,-0.07220111994220946
2023-03-07,MSFT,-0.013793158010848017,0.017385712462271115,30663809.523809522,0.11878810595334843
2023-03-08,AAPL,0.009051630601674576,0.015281857454330392,59827376.190476194,0.07712438509533892
2023-03-08,AMZN,-0.08083775799139503,0.015975978862415446,57564685.71428572,0.08666950115358851
2023-03-08,GOOGL,-0.08406213480554936,0.02545340272840021,44900485.71428572,0.15034495123514646
2023-03-08,JPM,-0.029030479760189798,0.011984878232505962,8941047.61904762,-0.06770413279982623
2023-03-08,MSFT,-0.009481399728971662,0.017341565464117928,30417247.61904762,0.14938894212523746
2023-03-09,AAPL,-0.024766279584751416,0.015006863643930982,58423138.0952381,0.07596808173001568
2023-03-09,AMZN,-0.09656253600445075,0.016238247213884373,54551228.571428575,0.10753385548992211
2023-03-09,GOOGL,-0.14232631982507804,0.022946348647140857,43938738.0952381,0.1529463214718283
2023-03-09,JPM,-0.09265566641323275,0.016230524551666074,9676295.238095239,-0.01109641642475212
2023-03-09,MSFT,-0.05459734046391562,0.014390071187860643,29265438.095238097,0.14691665041779745
2023-03-10,AAPL,-0.021019392056582764,0.014819981409624297,58635152.38095238,0.082828374597824
2023-03-10,AMZN,-0.09315341739672711,0.01608134168648841,54263095.23809524,0.10128947946643518
2023-03-10,GOOGL,-0.0879542447226197,0.016766441009618265,41138619.047619045,0.1624186724951291
2023-03-10,JPM,-0.06302575626628593,0.01747183869476314,11135423.80952381,-0.03083716278573001
2023-03-10,MSFT,-0.06567453473147511,0.014635263324035393,28010576.19047619,0.13773668148242169
2023-03-13,AAPL,-0.0011285739418731566,0.01506331300108074,59989914.28571428,0.06399956467368151
2023-03-13,AMZN,-0.05914085591339824,0.016529473648887058,54633314.28571428,0.05842260638374697
2023-03-13,GOOGL,-0.04104827189938465,0.014189746551940713,37228171.428571425,0.14850152674601524
2023-03-13,JPM,-0.06530400793551228,0.017565816050661116,12871519.047619049,-0.013268869882051004
2023-03-13,MSFT,-0.03438275807466007,0.015431237146388067,27580319.04761905,0.11645418162313814
2023-03-14,AAPL,0.010462845837381884,0.015366906048381007,60763495.23809524,0.08499932722018366
2023-03-14,AMZN,-0.027968480072359303,0.017687005916083895,55022485.71428572,0.07925805744255587
2023-03-14,GOOGL,-0.006344432799107458,0.01591514470804163,36326719.047619045,0.1432369091115635
2023-03-14,JPM,-0.045519036425361814,0.018600497583615448,13969861.904761905,-0.034301459715271765
2023-03-14,MSFT,-0.0062970400810099525,0.016644147838519835,27951833.333333332,0.11139209021309493
2023-03-15,AAPL,-0.005589845243828662,0.014804071652111098,61476300.0,0.07987446035803925
2023-03-15,AMZN,-0.033554389557617026,0.017383170196523804,55874404.76190476,0.06559257160250431
2023-03-15,GOOGL,0.01585466163978788,0.01668629908722676,36352719.047619045,0.13276446020976085
2023-03-15,JPM,-0.10037182333466677,0.0207787630926257,15262528.57142857,0.09011957863987052
2023-03-15,MSFT,-0.01922145726943769,0.015603269528978012,28018361.904761903,0.07798378384638172
2023-03-16,AAPL,0.017297710289923884,0.015325276690990871,62164561.9047619,0.06018588861270313
2023-03-16,AMZN,0.0034102705886909224,0.019593065864176543,57219357.14285714,0.026989173565902247
2023-03-16,GOOGL,0.05956907560301783,0.019134581676862827,36865380.952380955,0.05631990295734424
2023-03-16,JPM,-0.08694111916565317,0.0213614342475312,15991533.333333334,0.07783868302969954
2023-03-16,MSFT,0.017348784051952393,0.018022835804437774,28862214.285714287,0.04561895268880245
2023-03-17,AAPL,-0.002124203348867426,0.015086149022198113,63753647.61904762,0.07399993837031915
2023-03-17,AMZN,-0.021846645253681185,0.019453232485473693,59092814.28571428,0.033855545293931755
2023-03-17,GOOGL,0.04827721328626433,0.018680362965907166,37382500.0,0.028340942608245934
2023-03-17,JPM,-0.12510434185179997,0.02248108736303037,17499519.04761905,0.13273766180904012
2023-03-17,MSFT,0.03753882864245006,0.0180451455639894,30795785.714285713,0.03199371921176741
2023-03-20,AAPL,0.024006262310208637,0.015248753406969929,64014290.47619048,0.06499363986826734
2023-03-20,AMZN,-0.004482959088800809,0.0185150706504667,59380895.23809524,0.067444519793598
2023-03-20,GOOGL,0.059784439327343675,0.01832927515310343,36930014.28571428,0.02924322402291324
2023-03-20,JPM,-0.10351152789210827,0.022692394316343862,18200004.76190476,0.11946132980058621
2023-03-20,MSFT,0.03845116091020606,0.017978318932327243,31455928.57142857,0.05958190064310043
2023-03-21,AAPL,0.044116433178722936,0.015280289530919798,64718776.190476194,0.046270836704416896
2023-03-21,AMZN,0.03508234330424065,0.019459766787774734,59312700.0,0.031805952975145324
2023-03-21,GOOGL,0.11202951818662332,0.019377593988575584,37302690.47619048,0.0035266062736902803
2023-03-21,JPM,-0.0821850449783742,0.023683479360039474,18669480.95238095,0.0870552395857016
2023-03-21,MSFT,0.060916214611278496,0.017533816520605833,31673004.76190476,0.04503631916873729
2023-03-22,AAPL,0.06297120068613848,0.014053214630290618,65520423.809523806,0.0455553945277285
2023-03-22,AMZN,0.043560954085694714,0.01894124774118885,59355319.047619045,0.08368796749367657
2023-03-22,GOOGL,0.12615763805964786,0.018513352062192238,37769266.666666664,0.01973497006713476
2023-03-22,JPM,-0.08916410033037303,0.023967004516411042,19014904.76190476,0.11372045982189838
2023-03-22,MSFT,0.07765071939827006,0.016791531214467345,31981380.95238095,0.049469237256573706
2023-03-23,AAPL,0.06728883297734845,0.014079712290788146,66311414.28571428,0.04026926971260192
2023-03-23,AMZN,0.030483329585937913,0.018788275258159425,59261280.952380955,0.07598014456044888
2023-03-23,GOOGL,0.1522095520523692,0.018738958359296783,38241352.38095238,0.0035039694440910374
2023-03-23,JPM,-0.08458434075661136,0.02395527074536117,19280147.61904762,0.11821567427086199
2023-03-23,MSFT,0.10397207596697866,0.017027719665727026,32653752.38095238,0.014802291186361227
2023-03-24,AAPL,0.07262363105595693,0.014123789512837015,66825809.52380952,0.021965739569907328
2023-03-24,AMZN,0.024107676538831502,0.018857844746061864,59624538.0952381,0.04524612825515595
2023-03-24,GOOGL,0.1600835906525646,0.018520681732286333,37726442.85714286,-0.015079662018053774
2023-03-24,JPM,-0.1056776396272423,0.0239129068659875,19958390.476190478,0.11080329383757137
2023-03-24,MSFT,0.1012678986557678,0.016977214843675946,32603890.476190478,-0.018355506036927483
2023-03-27,AAPL,0.07886316325324749,0.013739930981211113,66679176.190476194,0.034622078939362755
2023-03-27,AMZN,0.04855615952435666,0.017944961718084115,59132514.28571428,0.0707874579416401
2023-03-27,GOOGL,0.14955705534047348,0.01924773286169626,37466242.85714286,0.012199909960491029
2023-03-27,JPM,-0.08827071830855981,0.024855320805976047,20421580.95238095,0.06071508935945835
2023-03-27,MSFT,0.10897989117869278,0.01650121362905878,32691952.38095238,0.06870994515048401
2023-03-28,AAPL,0.06577885205293676,0.013797034009412672,66726495.23809524,0.06825274039087681
2023-03-28,AMZN,0.03711599454192349,0.018091947259644654,58715838.0952381,0.12937065104298862
2023-03-28,GOOGL,0.12417940819347417,0.01976867973970767,37683176.190476194,0.06493108686915017
2023-03-28,JPM,-0.09341594693430666,0.024739269629111684,20459952.38095238,0.07173775816473693
2023-03-28,MSFT,0.10021620538546139,0.01662268003489999,32724742.85714286,0.10754603660134898
2023-03-29,AAPL,0.09063130671307795,0.014170114696135676,66762623.809523806,0.055420707994068286
2023-03-29,AMZN,0.06388619790517547,0.019169298158561696,58993171.428571425,0.05187029374805174
2023-03-29,GOOGL,0.1258049527938625,0.019757791232657425,37618300.0,0.05868426945841598
2023-03-29,JPM,-0.0991278904738806,0.02461427808461901,20630214.285714287,0.07886725961140062
2023-03-29,MSFT,0.12464920217329745,0.016814490468045108,32848361.904761903,0.0953621366210482
2023-03-30,AAPL,0.11733557473644707,0.013561932883767811,66477990.47619048,0.04453058432005297
2023-03-30,AMZN,0.10665077602623518,0.018515614091083005,59056690.47619048,0.000490225997625604
2023-03-30,GOOGL,0.11653391182955852,0.019892133119182646,37712347.61904762,0.06254340911960621
2023-03-30,JPM,-0.09680824561303758,0.0246158676082261,20868095.23809524,0.10530597573052614
2023-03-30,MSFT,0.15340866466079195,0.0163308163646232,32728747.61904762,0.07572613741319856
2023-03-31,AAPL,0.13014860005522366,0.013740263971019444,67264261.90476191,0.022074025088812954
2023-03-31,AMZN,0.1211332247347412,0.018543715774995494,59115780.952380955,0.003291667488401817
2023-03-31,GOOGL,0.12749996651307338,0.020326293461078806,37934204.76190476,0.015328177088971717
2023-03-31,JPM,-0.07627424290905649,0.02483772733556037,20963257.14285714,0.07443957595181705
2023-03-31,MSFT,0.14810238142214294,0.016179691546336528,33107690.476190478,0.05934806464170461
2023-04-03,AAPL,0.10024491802541435,0.012027358449446093,66609209.52380952,0.007703061365426533
2023-04-03,AMZN,0.0791359537985099,0.0179010380903712,58419404.76190476,0.012108171266752121
2023-04-03,GOOGL,0.11436206806226967,0.020139860167313096,37452076.190476194,0.01006137461393175
2023-04-03,JPM,-0.09397184718940499,0.024340126828792975,21070985.714285713,0.05291334922410185
2023-04-03,MSFT,0.12511280022799331,0.01616522442630452,32827842.85714286,0.05977749743696381
2023-04-04,AAPL,0.07670809754494456,0.01170274884521442,64643509.52380952,0.0009660452599413727
2023-04-04,AMZN,0.10879996744791676,0.01767423489843581,58255123.809523806,0.0004810298530619761
2023-04-04,GOOGL,0.10080957162000215,0.019999530711286333,37060685.71428572,-0.00028647118324220955
2023-04-04,JPM,-0.10082615961725772,0.02441765104741099,21181395.23809524,0.05258210598776247
2023-04-04,MSFT,0.11799707114516278,0.016216204391418108,32909485.714285713,0.06347969692567634
2023-04-05,AAPL,0.08021094657441963,0.011473658333388969,64421114.28571428,0.05990479989151587
2023-04-05,AMZN,0.08070545351223712,0.019001356274759573,58068204.76190476,0.04510390956292176
2023-04-05,GOOGL,0.11304074892985705,0.019642716373597734,37082352.38095238,0.010529326075210399
2023-04-05,JPM,-0.07220111994220946,0.02378088382908844,21079828.57142857,0.0715461335937404
2023-04-05,MSFT,0.11878810595334843,0.01618226802919027,32937657.14285714,0.09253025658110281
2023-04-06,AAPL,0.07712438509533892,0.011432632068102902,64334700.0,0.0536864948067961
2023-04-06,AMZN,0.08666950115358851,0.01904096765279292,58016247.61904762,0.03693909820345165
2023-04-06,GOOGL,0.15034495123514646,0.02087907924494502,37777980.952380955,-0.005995363886464267
2023-04-06,JPM,-0.06770413279982623,0.023777523933125426,21020671.42857143,0.07531206267241641
2023-04-06,MSFT,0.14938894212523746,0.016660116894566313,33529566.666666668,0.05847064866333018
2023-04-10,AAPL,0.07596808173001568,0.011520283115958601,64043428.571428575,0.06011238154175613
2023-04-10,AMZN,0.10753385548992211,0.0183890928091242,57113509.52380952,0.04355490513250593
2023-04-10,GOOGL,0.1529463214718283,0.02073899197250622,37694833.333333336,0.008549329013347373
2023-04-10,JPM,-0.01109641642475212,0.0207146404003935,20239204.76190476,0.06661964331075643
2023-04-10,MSFT,0.14691665041779745,0.016744916668837415,33360500.0,0.0608520362468159
2023-04-11,AAPL,0.082828374597824,0.011119243389079303,63046847.61904762,0.0793530106526088
2023-04-11,AMZN,0.10128947946643518,0.018749720050454697,56665428.571428575,0.1027822704229473
2023-04-11,GOOGL,0.1624186724951291,0.020317254227281454,37236300.0,0.0607498298214022
2023-04-11,JPM,-0.03083716278573001,0.01990980337509094,18949519.04761905,0.06193582569001532
2023-04-11,MSFT,0.13773668148242169,0.01732857682321383,33310152.38095238,0.10423252961406604
2023-04-12,AAPL,0.06399956467368151,0.01103808508315159,61412371.428571425,0.08525901346156717
2023-04-12,AMZN,0.05842260638374697,0.01926266613420432,55919614.28571428,0.1466830032253552
2023-04-12,GOOGL,0.14850152674601524,0.0205476395102859,36618904.76190476,0.11401004792253722
2023-04-12,JPM,-0.013268869882051004,0.019540669101500485,17469514.285714287,0.058754877231073754
2023-04-12,MSFT,0.11645418162313814,0.016992533490875747,33027471.42857143,0.09390085476970089
2023-04-13,AAPL,0.08499932722018366,0.012770141033182907,61162357.14285714,0.043782840736722894
2023-04-13,AMZN,0.07925805744255587,0.020933962205034094,56253538.0952381,0.07675781731668385
2023-04-13,GOOGL,0.1432369091115635,0.020289174817429756,36085257.14285714,0.09382884006075565
2023-04-13,JPM,-0.034301459715271765,0.018640686158495488,16650566.666666666,0.039615275929190785
2023-04-13,MSFT,0.11139209021309493,0.016724005414035674,32579966.666666668,0.06600186249061846
2023-04-14,AAPL,0.07987446035803925,0.012836771642322987,59839433.333333336,0.04296350821545736
2023-04-14,AMZN,0.06559257160250431,0.02081237969960454,55335380.952380955,0.08477216496847961
2023-04-14,GOOGL,0.13276446020976085,0.020016679229785644,34940300.0,0.07017551306477299
2023-04-14,JPM,0.09011957863987052,0.022436847020991767,17110123.80952381,-0.02522861191085235
2023-04-14,MSFT,0.07798378384638172,0.016898131468064483,31387580.95238095,0.08149844590620092
2023-04-17,AAPL,0.06018588861270313,0.012387177255575641,58189676.190476194,0.04283733299295678
2023-04-17,AMZN,0.026989173565902247,0.019040571971518545,53215028.571428575,0.10375709444966352
2023-04-17,GOOGL,0.05631990295734424,0.019278498927415143,33610738.0952381,0.12777173961234056
2023-04-17,JPM,0.07783868302969954,0.022189976954692145,16704980.952380951,-0.03940518373589075
2023-04-17,MSFT,0.04561895268880245,0.014730821180980146,29914600.0,0.07943221139115764
2023-04-18,AAPL,0.07399993837031915,0.012274590803445918,55855314.28571428,0.03879894850657584
2023-04-18,AMZN,0.033855545293931755,0.018880364704603334,50952661.9047619,0.12903222438384243
2023-04-18,GOOGL,0.028340942608245934,0.019459021900291865,31971114.285714287,0.15636351227410317
2023-04-18,JPM,0.13273766180904012,0.020073753811744973,15531842.857142856,-0.02086278513405415
2023-04-18,MSFT,0.03199371921176741,0.01458752972423003,27563857.14285714,0.09125910294829476
2023-04-19,AAPL,0.06499363986826734,0.01199557490893463,54620971.428571425,0.045708506739685406
2023-04-19,AMZN,0.067444519793598,0.018964337206169152,50762661.9047619,0.13279001024811254
2023-04-19,GOOGL,0.02924322402291324,0.019447721467313647,31397080.95238095,0.17901707398341715
2023-04-19,JPM,0.11946132980058621,0.020109350803843715,14878633.333333334,-0.01217993899919867
2023-04-19,MSFT,0.05958190064310043,0.013183931175329889,26310700.0,0.10666084239461093
2023-04-20,AAPL,0.046270836704416896,0.011965767617368391,53598023.809523806,0.05251890999377107
2023-04-20,AMZN,0.031805952975145324,0.018032657368053647,50719785.71428572,0.11983433902293195
2023-04-20,GOOGL,0.0035266062736902803,0.017874681640150294,30716628.57142857,0.16592277699563862
2023-04-20,JPM,0.0870552395857016,0.019578233101959674,14534747.61904762,-0.011575765974604857
2023-04-20,MSFT,0.04503631916873729,0.013377417351019678,25771923.80952381,0.11508110266382299
2023-04-21,AAPL,0.0455553945277285,0.011998706980049095,52771142.85714286,0.057089893803618175
2023-04-21,AMZN,0.08368796749367657,0.018419640660234562,52114966.666666664,0.07526180928068493
2023-04-21,GOOGL,0.01973497006713476,0.017537004796581566,29877233.333333332,0.18632005920181016
2023-04-21,JPM,0.11372045982189838,0.0184085242012788,14277238.095238095,-0.017859672318296105
2023-04-21,MSFT,0.049469237256573706,0.013288532811276581,25143500.0,0.12640707019637887
2023-04-24,AAPL,0.04026926971260192,0.011948669828661279,51548642.85714286,0.0391175083219113
2023-04-24,AMZN,0.07598014456044888,0.01855968871416008,52687171.428571425,0.08266640481103682
2023-04-24,GOOGL,0.0035039694440910374,0.01693545343089749,29055566.666666668,0.1565534381032967
2023-04-24,JPM,0.11821567427086199,0.018342211750965374,13843423.80952381,-0.02941819588876804
2023-04-24,MSFT,0.014802291186361227,0.013123288039607148,24667314.285714287,0.12130183574866327
2023-04-25,AAPL,0.021965739569907328,0.012102967316422521,51049480.952380955,0.050727616316202706
2023-04-25,AMZN,0.04524612825515595,0.020246597146027234,53112476.190476194,0.13824705418119754
2023-04-25,GOOGL,-0.015079662018053774,0.017505765451900614,29830366.666666668,0.16417906241410818
2023-04-25,JPM,0.11080329383757137,0.01876118303615879,13287147.61904762,-0.016924726434869863
2023-04-25,MSFT,-0.018355506036927483,0.01386029190907853,25505419.04761905,0.14202304718267422
2023-04-26,AAPL,0.034622078939362755,0.011714044375160887,50721314.28571428,0.057824321652352406
2023-04-26,AMZN,0.0707874579416401,0.02074712107417266,54402119.047619045,0.09544671673326466
2023-04-26,GOOGL,0.012199909960491029,0.016322837614551382,30888780.95238095,0.1906277187847767
2023-04-26,JPM,0.06071508935945835,0.018587988115291595,13075823.80952381,0.003253711260614134
2023-04-26,MSFT,0.06870994515048401,0.020785273962922967,27303466.666666668,0.10584184382160222
2023-04-27,AAPL,0.06825274039087681,0.012991718189444456,51621795.23809524,0.043124495277593766
2023-04-27,AMZN,0.12937065104298862,0.02252937222040029,59699314.28571428,0.09369878841852075
2023-04-27,GOOGL,0.06493108686915017,0.017798348458349756,31747414.285714287,0.15819318481993494
2023-04-27,JPM,0.07173775816473693,0.018728464502472984,12991090.476190476,-0.0008026256426468814
2023-04-27,MSFT,0.10754603660134898,0.021613356400299835,28474133.333333332,0.09443881983579883
2023-04-28,AAPL,0.055420707994068286,0.012475653677603117,51810852.38095238,0.046353518970284835
2023-04-28,AMZN,0.05187029374805174,0.02386885596640829,63553247.61904762,0.1537222113133252
2023-04-28,GOOGL,0.05868426945841598,0.017837826625863532,32097900.0,0.15213339273545712
2023-04-28,JPM,0.07886725961140062,0.018759147449165108,12766900.0,-0.005642433713350048
2023-04-28,MSFT,0.0953621366210482,0.021385160040442625,29016161.904761903,0.08030336641288471
2023-05-01,AAPL,0.04453058432005297,0.012379958922464008,51952338.0952381,0.046613580316566816
2023-05-01,AMZN,0.000490225997625604,0.024777221823950552,64557757.14285714,0.18157764061896997
2023-05-01,GOOGL,0.06254340911960621,0.017775967054248578,31792923.80952381,0.14617535326248032
2023-05-01,JPM,0.10530597573052614,0.01907114026509569,13161238.095238095,-0.03888083152323496
2023-05-01,MSFT,0.07572613741319856,0.021409921212071293,28837147.61904762,0.07706488922267352
2023-05-02,AAPL,0.022074025088812954,0.012103732030243765,50984523.809523806,0.07000775649572022
2023-05-02,AMZN,0.003291667488401817,0.02485538961715757,65353904.76190476,0.18469555048663433
2023-05-02,GOOGL,0.015328177088971717,0.01733990705283276,31513580.95238095,0.17470567771952528
2023-05-02,JPM,0.07443957595181705,0.019531612559940712,13209247.61904762,-0.009645692756199642
2023-05-02,MSFT,0.05934806464170461,0.02126838929992456,28534214.285714287,0.09134286681759396
2023-05-03,AAPL,0.007703061365426533,0.012112781698802522,51373085.71428572,0.08211578009379861
2023-05-03,AMZN,0.012108171266752121,0.02477075757365897,66492771.428571425,0.19874576141687528
2023-05-03,GOOGL,0.01006137461393175,0.017298900945867012,31359295.23809524,0.18271500623846082
2023-05-03,JPM,0.05291334922410185,0.020250026900514494,13264271.42857143,0.03301922516283384
2023-05-03,MSFT,0.05977749743696381,0.021262237969517546,28414095.23809524,0.10424857671654708
2023-05-04,AAPL,0.0009660452599413727,0.012299962313138112,53037709.52380952,0.08467579716989393
2023-05-04,AMZN,0.0004810298530619761,0.02456702382276186,66334819.047619045,0.2048077216515174
2023-05-04,GOOGL,-0.00028647118324220955,0.017360112613464644,31311647.61904762,0.20364888623842448
2023-05-04,JPM,0.05258210598776247,0.020262410990775484,13526619.047619049,0.037056293859123235
2023-05-04,MSFT,0.06347969692567634,0.021250000296049978,28256742.85714286,0.10236857481164807
2023-05-05,AAPL,0.05990479989151587,0.015693001534768783,55987304.76190476,0.03392228718238921
2023-05-05,AMZN,0.04510390956292176,0.02393471247383063,66895595.23809524,0.19827745809320896
2023-05-05,GOOGL,0.010529326075210399,0.01744147881983671,31233019.04761905,0.2059296522079741
2023-05-05,JPM,0.0715461335937404,0.020591462507121492,13605033.333333334,0.01901395011660112
2023-05-05,MSFT,0.09253025658110281,0.021240169482426078,28548757.14285714,0.07648281651583844
2023-05-08,AAPL,0.0536864948067961,0.015696811433901746,56490766.666666664,0.026316756191390622
2023-05-08,AMZN,0.03693909820345165,0.023879208653774967,67163352.38095239,0.14551640611764527
2023-05-08,GOOGL,-0.005995363886464267,0.01596382264134618,30175871.42857143,0.13668004980674975
2023-05-08,JPM,0.07531206267241641,0.020566574207600316,13544304.761904761,0.026409620522184207
2023-05-08,MSFT,0.05847064866333018,0.020793223156938174,28146295.23809524,0.05001416159544014
2023-05-09,AAPL,0.06011238154175613,0.015393321061096846,56376957.14285714,0.05268549061724537
2023-05-09,AMZN,0.04355490513250593,0.02390754104030775,67488504.76190476,0.16535356217652275
2023-05-09,GOOGL,0.008549329013347373,0.015449068009378293,30618380.95238095,0.13777393917669944
2023-05-09,JPM,0.06661964331075643,0.020649741007101815,13442700.0,0.03166943594891092
2023-05-09,MSFT,0.0608520362468159,0.020742554943989498,28062380.95238095,0.06179493446055262
2023-05-10,AAPL,0.0793530106526088,0.015281264414347937,56666495.23809524,0.04407897981634057
2023-05-10,AMZN,0.1027822704229473,0.02415071747796921,68355638.09523809,0.12015607197041245
2023-05-10,GOOGL,0.0607498298214022,0.017564878703770947,32372742.85714286,0.09378071751567796
2023-05-10,JPM,0.06193582569001532,0.02065453337857513,13329228.57142857,0.03319161431969708
2023-05-10,MSFT,0.10423252961406604,0.020091325893461052,28195780.95238095,0.04865147277550541
2023-05-11,AAPL,0.08525901346156717,0.015182711046965818,56637047.61904762,0.059247374908706796
2023-05-11,AMZN,0.1466830032253552,0.02355401984604042,69221819.04761904,0.12827597923428158
2023-05-11,GOOGL,0.11401004792253722,0.01945763097091459,34969395.23809524,0.060650174565080484
2023-05-11,JPM,0.058754877231073754,0.020688182105554478,13102385.714285715,0.03638344825789219
2023-05-11,MSFT,0.09390085476970089,0.020255234309586985,28399438.095238097,0.07244356643787397
2023-05-12,AAPL,0.043782840736722894,0.013636861172957104,55545976.190476194,0.062235486663260176
2023-05-12,AMZN,0.07675781731668385,0.022227257109350737,68361228.57142857,0.14873935432738405
2023-05-12,GOOGL,0.09382884006075565,0.01885206406969046,35743619.047619045,0.05378253651253284
2023-05-12,JPM,0.039615275929190785,0.02102525625841852,12985166.666666666,0.05906063143685247
2023-05-12,MSFT,0.06600186249061846,0.019897440298271063,28187628.57142857,0.08431509920668567
2023-05-15,AAPL,0.04296350821545736,0.013650113457651634,54968842.85714286,0.06904157221694573
2023-05-15,AMZN,0.08477216496847961,0.022241651627516963,68435542.85714285,0.13687051833092445
2023-05-15,GOOGL,0.07017551306477299,0.018937780547596615,36204990.47619048,0.06145385417960547
2023-05-15,JPM,-0.02522861191085235,0.012790972249843132,11256985.714285715,0.04629147609568962
2023-05-15,MSFT,0.08149844590620092,0.019564211837143644,27966133.333333332,0.09247527016518453
2023-05-16,AAPL,0.04283733299295678,0.01365101256874107,54997133.333333336,0.08101344839227043
2023-05-16,AMZN,0.10375709444966352,0.022495649902025416,69938085.71428572,0.12089946119924799
2023-05-16,GOOGL,0.12777173961234056,0.018219472295954834,36560438.0952381,0.04669067210611799
2023-05-16,JPM,-0.03940518373589075,0.012670810572270182,10801114.285714285,0.06529180272625634
2023-05-16,MSFT,0.07943221139115764,0.019542204758113964,28103947.61904762,0.11907677453266619
2023-05-17,AAPL,0.03879894850657584,0.01360003721385661,55379447.61904762,0.0708205400128612
2023-05-17,AMZN,0.12903222438384243,0.022577688458571814,71169738.09523809,0.0864934879980046
2023-05-17,GOOGL,0.15636351227410317,0.0176716192620018,36880780.952380955,0.0222609559816751
2023-05-17,JPM,-0.02086278513405415,0.014289633571762573,10751180.952380951,0.03474148896938756
2023-05-17,MSFT,0.09125910294829476,0.019539347298138075,28301719.04761905,0.09022295283019988
2023-05-18,AAPL,0.045708506739685406,0.013801862583872768,56225947.61904762,0.05689816654179625
2023-05-18,AMZN,0.13279001024811254,0.022691083177849083,71873319.04761904,0.06457890101462871
2023-05-18,GOOGL,0.17901707398341715,0.017624554460022777,37563090.47619048,0.0021980433689370305
2023-05-18,JPM,-0.01217993899919867,0.01440848142425317,10838871.42857143,0.02172047314358516
2023-05-18,MSFT,0.10666084239461093,0.019635071462012682,28783895.23809524,0.06131512966878172
2023-05-19,AAPL,0.05251890999377107,0.013684493918728644,56385619.047619045,0.05023992502757313
2023-05-19,AMZN,0.11983433902293195,0.023096793927022838,71747576.1904762,0.07380646736391139
2023-05-19,GOOGL,0.16592277699563862,0.01771060965552078,38207500.0,-0.018002750658129507
2023-05-19,JPM,-0.011575765974604857,0.014403976658574758,10977252.38095238,0.02256069009114192
2023-05-19,MSFT,0.11508110266382299,0.0194509807531446,28988766.666666668,0.0478103505588332
2023-05-22,AAPL,0.057089893803618175,0.013522303154794966,55682457.14285714,0.0734785424446176
2023-05-22,AMZN,0.07526180928068493,0.02263437641033254,70984095.23809524,0.13164065280444426
2023-05-22,GOOGL,0.18632005920181016,0.01780902802775172,38657638.0952381,-0.015193898370768233
2023-05-22,JPM,-0.017859672318296105,0.014502386562466735,10956300.0,0.011229506403475975
2023-05-22,MSFT,0.12640707019637887,0.019404818296918206,29104923.80952381,0.057693546411409
2023-05-23,AAPL,0.0391175083219113,0.014075656136840042,56101395.23809524,0.0881326536055842
2023-05-23,AMZN,0.08266640481103682,0.02252138533030154,70888890.47619048,0.12470653303493395
2023-05-23,GOOGL,0.1565534381032967,0.018842567718036815,39157804.76190476,-0.0017950372160407957
2023-05-23,JPM,-0.02941819588876804,0.014643976897911472,11049033.333333334,0.016545915421441126
2023-05-23,MSFT,0.12130183574866327,0.01965594574835301,29304266.666666668,0.06267814866266708
2023-05-24,AAPL,0.050727616316202706,0.013834283800805893,55931366.666666664,0.07815436612671256
2023-05-24,AMZN,0.13824705418119754,0.020841301334412428,70815609.52380952,0.09062100069425849
2023-05-24,GOOGL,0.16417906241410818,0.018425664350726418,38563447.61904762,-0.021174431113150205
2023-05-24,JPM,-0.016924726434869863,0.014009905062996209,10951352.38095238,0.028447019428673226
2023-05-24,MSFT,0.14202304718267422,0.018734679558254353,28238204.76190476,0.04699718567962585
2023-05-25,AAPL,0.057824321652352406,0.013851515776101463,56434200.0,0.08711467615147872
2023-05-25,AMZN,0.09544671673326466,0.020953863474600307,70467652.38095239,0.12330428413722827
2023-05-25,GOOGL,0.1906277187847767,0.018550291757288662,38038180.952380955,-0.04170709308814702
2023-05-25,JPM,0.003253711260614134,0.013466666013913307,10668323.80952381,0.02601900181470529
2023-05-25,MSFT,0.10584184382160222,0.01348911858673658,27224038.095238097,0.02654022437485648
2023-05-26,AAPL,0.043124495277593766,0.012844022160716423,55954804.76190476,0.07877794813836791
2023-05-26,AMZN,0.09369878841852075,0.020790923324395773,67935209.52380952,0.07434845250522493
2023-05-26,GOOGL,0.15819318481993494,0.017333553558120402,37349928.571428575,-0.035550933906127735
2023-05-26,JPM,-0.0008026256426468814,0.013294151668896893,10646361.904761905,0.012048875751062393
2023-05-26,MSFT,0.09443881983579883,0.01258838619615514,26755847.61904762,0.008891796837208199
2023-05-30,AAPL,0.046353518970284835,0.012927964758092275,55987590.47619048,0.06931740416096921
2023-05-30,AMZN,0.1537222113133252,0.018198814316757884,64773252.38095238,0.051290462567304296
2023-05-30,GOOGL,0.15213339273545712,0.017512841857269097,37299304.76190476,-0.03695312931571204
2023-05-30,JPM,-0.005642433713350048,0.013177673925761161,10527914.285714285,0.043430700922352905
2023-05-30,MSFT,0.08030336641288471,0.012722562023693106,26424109.523809522,0.011593787931835298
2023-05-31,AAPL,0.046613580316566816,0.012925418240174747,58232942.85714286,0.09432991320997974
2023-05-31,AMZN,0.18157764061896997,0.016294980160288637,64681476.190476194,0.08110796675057008
2023-05-31,GOOGL,0.14617535326248032,0.017669533122706776,37806166.666666664,-0.02579964048170713
2023-05-31,JPM,-0.03888083152323496,0.012466634691235002,10232871.42857143,0.0716970029094568
2023-05-31,MSFT,0.07706488922267352,0.012847472636862645,27598228.57142857,0.03699880053811366
2023-06-01,AAPL,0.07000775649572022,0.013107738082596158,59207995.23809524,0.0686881856461714
2023-06-01,AMZN,0.18469555048663433,0.016366000856394915,63772223.809523806,0.06068261612237702
2023-06-01,GOOGL,0.17470567771952528,0.01677809130921288,37795476.190476194,-0.03087601838044851
2023-06-01,JPM,-0.009645692756199642,0.012456599027372992,10144047.61904762,0.06563434870630913
2023-06-01,MSFT,0.09134286681759396,0.012960398434023026,27615823.80952381,0.016266586436367803
2023-06-02,AAPL,0.08211578009379861,0.012916732539109382,59058514.28571428,0.05736393971266729
2023-06-02,AMZN,0.19874576141687528,0.01627922742601722,63591866.666666664,0.04933605539486918
2023-06-02,GOOGL,0.18271500623846082,0.01670216513668453,38042366.666666664,-0.0234218573524293
2023-06-02,JPM,0.03301922516283384,0.012338446406729013,10143647.61904762,0.0367578238046673
2023-06-02,MSFT,0.10424857671654708,0.012871659456344104,27783109.523809522,0.008199285995369454
2023-06-05,AAPL,0.08467579716989393,0.012801603039363202,60997138.0952381,0.06810334449671807
2023-06-05,AMZN,0.2048077216515174,0.016232381710770915,63715895.23809524,0.024421368587914216
2023-06-05,GOOGL,0.20364888623842448,0.016350411987779312,38465509.52380952,-0.04682183238970017
2023-06-05,JPM,0.037056293859123235,0.012126326799828,9735204.761904761,0.03669230712049143
2023-06-05,MSFT,0.10236857481164807,0.012886955461640788,27725357.14285714,0.01586594258629881
2023-06-06,AAPL,0.03392228718238921,0.008224720766194907,58682623.809523806,0.06400289241115376
2023-06-06,AMZN,0.19827745809320896,0.01615922643934985,63179871.428571425,0.025037502200960793
2023-06-06,GOOGL,0.2059296522079741,0.01635230644832379,38465461.9047619,-0.061503303853489455
2023-06-06,JPM,0.01901395011660112,0.011427121227127164,9643209.523809524,0.04299755095579627
2023-06-06,MSFT,0.07648281651583844,0.012788960753543986,27353885.714285713,0.010609197576900486
2023-06-07,AAPL,0.026316756191390622,0.008468166480395362,58967471.428571425,0.060679325654057426
2023-06-07,AMZN,0.14551640611764527,0.01962998300856467,65381414.28571428,0.04866776980211096
2023-06-07,GOOGL,0.13668004980674975,0.01902936500921181,39704871.428571425,-0.0493878204390652
2023-06-07,JPM,0.026409620522184207,0.011582638934577002,9728757.142857144,0.03878631098550023
2023-06-07,MSFT,0.05001416159544014,0.014713335760708011,28277623.80952381,0.02613032818396044
2023-06-08,AAPL,0.05268549061724537,0.008597774918222707,59200233.333333336,0.041590374208823944
2023-06-08,AMZN,0.16535356217652275,0.02003023738466273,66241885.71428572,0.036458742690518076
2023-06-08,GOOGL,0.13777393917669944,0.019004837463363792,39372923.809523806,-0.0409368407604529
2023-06-08,JPM,0.03166943594891092,0.01150106643058433,9729923.80952381,0.05473176047248329
2023-06-08,MSFT,0.06179493446055262,0.014619695839807921,28369857.14285714,0.02216691577980745
2023-06-09,AAPL,0.04407897981634057,0.008403224575943108,58970495.23809524,0.04868477702478402
2023-06-09,AMZN,0.12015607197041245,0.019328394872451513,64945142.85714286,0.059709979165194715
2023-06-09,GOOGL,0.09378071751567796,0.017287560168351486,37497919.047619045,-0.02699825254273558
2023-06-09,JPM,0.03319161431969708,0.011498934408362345,9687814.285714285,0.05785016236602236
2023-06-09,MSFT,0.04865147277550541,0.014256018729290951,28010380.95238095,0.03185540888283245
2023-06-12,AAPL,0.059247374908706796,0.008901676500796834,59197171.428571425,0.036726684412274446
2023-06-12,AMZN,0.12827597923428158,0.01963105406414858,63821961.9047619,0.061072950743237486
2023-06-12,GOOGL,0.060650174565080484,0.014969389855442964,35088700.0,0.007279268791488436
2023-06-12,JPM,0.03638344825789219,0.011454623463010497,9713495.238095239,0.06306669334451653
2023-06-12,MSFT,0.07244356643787397,0.014360107270044945,27657052.38095238,0.032574747332131615
2023-06-13,AAPL,0.062235486663260176,0.00879284348960113,59644600.0,0.04025976286091604
2023-06-13,AMZN,0.14873935432738405,0.01895779967629046,63855871.428571425,0.06331903348958345
2023-06-13,GOOGL,0.05378253651253284,0.014924837852794658,34192319.047619045,0.012840180984104999
2023-06-13,JPM,0.05906063143685247,0.010892130835461988,9604590.476190476,0.06181208868036814
2023-06-13,MSFT,0.08431509920668567,0.014288572460757053,27808319.04761905,0.03275595926976038
2023-06-14,AAPL,0.06904157221694573,0.008691592887333368,60606323.809523806,0.05458009946093889
2023-06-14,AMZN,0.13687051833092445,0.019046442169072537,63827842.85714286,0.056478401305675385
2023-06-14,GOOGL,0.06145385417960547,0.014738026946936638,33922104.76190476,0.007924390795447822
2023-06-14,JPM,0.04629147609568962,0.010900804351788912,9672647.61904762,0.0914791407979465
2023-06-14,MSFT,0.09247527016518453,0.014320616842172134,28268666.666666668,0.024871221061850912
2023-06-15,AAPL,0.08101344839227043,0.008826643480627078,61716938.0952381,0.04150321505596111
2023-06-15,AMZN,0.12089946119924799,0.018794217523124938,63303347.61904762,0.045000402747518375
2023-06-15,GOOGL,0.04669067210611799,0.013941767490474433,33455947.61904762,-0.01063237193149369
2023-06-15,JPM,0.06529180272625634,0.010871535051928964,9809119.047619049,0.08124436702250537
2023-06-15,MSFT,0.11907677453266619,0.015530997563017068,28848133.333333332,0.03272034424901604
2023-06-16,AAPL,0.0708205400128612,0.009072815249879055,63779061.9047619,0.055050845527243375
2023-06-16,AMZN,0.0864934879980046,0.01895873518525253,64188676.190476194,0.07865170861901505
2023-06-16,GOOGL,0.0222609559816751,0.014141599050641877,34037471.428571425,-0.012142813275760056
2023-06-16,JPM,0.03474148896938756,0.00883126361792865,9861595.238095239,0.08410841297210037
2023-06-16,MSFT,0.09022295283019988,0.016221886451951502,29907038.095238097,0.03724476100406737
2023-06-20,AAPL,0.05689816654179625,0.008770922776282735,63031557.14285714,0.043889526991226724
2023-06-20,AMZN,0.06457890101462871,0.018463093907045713,63415152.38095238,0.03323269180424204
2023-06-20,GOOGL,0.0021980433689370305,0.01372469185747199,33602390.47619048,-0.03168147355725881
2023-06-20,JPM,0.02172047314358516,0.008839781126096773,9739166.666666666,0.10308277054743775
2023-06-20,MSFT,0.06131512966878172,0.016440932677303274,29864152.38095238,0.026090639002663396
2023-06-21,AAPL,0.05023992502757313,0.008950504626076758,62731852.38095238,0.04337886435649896
2023-06-21,AMZN,0.07380646736391139,0.018109418067446932,63276171.428571425,0.0414163109277399
2023-06-21,GOOGL,-0.018002750658129507,0.014464885571244564,33076338.095238097,-0.0043963661664256914
2023-06-21,JPM,0.02256069009114192,0.008826016059865698,9569371.42857143,0.09622053202386716
2023-06-21,MSFT,0.0478103505588332,0.0168076187851222,29748490.476190478,0.03060928537173324
2023-06-22,AAPL,0.0734785424446176,0.009267379493127427,63097300.0,0.03074875554671852
2023-06-22,AMZN,0.13164065280444426,0.019682118673338807,64210147.61904762,-0.010372577088250123
2023-06-22,GOOGL,-0.015193898370768233,0.014672940688356352,32681061.904761903,-0.013154741325610897
2023-06-22,JPM,0.011229506403475975,0.009692196087028157,9506166.666666666,0.13974111559755653
2023-06-22,MSFT,0.057693546411409,0.017118763269161428,29721876.19047619,0.015895878000527608
2023-06-23,AAPL,0.0881326536055842,0.00833754230979277,63210142.85714286,0.037175888419492376
2023-06-23,AMZN,0.12470653303493395,0.019824497199431586,64417361.9047619,-0.001546407990494325
2023-06-23,GOOGL,-0.0017950372160407957,0.014072825568459431,32722361.904761903,-0.0010625654502669502
2023-06-23,JPM,0.016545915421441126,0.009460439510536926,9525433.333333334,0.13717681030259232
2023-06-23,MSFT,0.06267814866266708,0.016859516695003227,29357576.19047619,0.0476391379512493
2023-06-26,AAPL,0.07815436612671256,0.00870430758890489,63350390.47619048,0.04981915251437852
2023-06-26,AMZN,0.09062100069425849,0.02021984097682967,64250761.9047619,0.00643989675361567
2023-06-26,GOOGL,-0.021174431113150205,0.015539208940472891,32712233.333333332,0.09236091667385837
2023-06-26,JPM,0.028447019428673226,0.009183437175460612,9518371.42857143,0.14119846548424309
2023-06-26,MSFT,0.04699718567962585,0.017479894737931278,29268800.0,0.027906314881710692
2023-06-27,AAPL,0.08711467615147872,0.009036815994875855,63096700.0,0.027438042008647523
2023-06-27,AMZN,0.12330428413722827,0.01983173016428314,63312871.428571425,-0.007199200561308072
2023-06-27,GOOGL,-0.04170709308814702,0.014685745092774876,32579800.0,0.09355177928859693
2023-06-27,JPM,0.02601900181470529,0.009184278292708523,9503204.761904761,0.12853110825031844
2023-06-27,MSFT,0.02654022437485648,0.015869939982373408,28366533.333333332,-0.011507382976388647
2023-06-28,AAPL,0.07877794813836791,0.00875811519909478,62924404.76190476,0.034768780384980325
2023-06-28,AMZN,0.07434845250522493,0.017771394779342618,61187614.28571428,0.024566131375295397
2023-06-28,GOOGL,-0.035550933906127735,0.014995051339538401,32172919.04761905,0.10317877392565578
2023-06-28,JPM,0.012048875751062393,0.009067379192403106,9454571.42857143,0.13996398387551934
2023-06-28,MSFT,0.008891796837208199,0.015211430119734455,27586957.14285714,0.007503152679134262
2023-06-29,AAPL,0.06931740416096921,0.00861602277804593,62466447.61904762,0.03618331713175049
2023-06-29,AMZN,0.051290462567304296,0.017833572947215503,60066004.76190476,0.045191486168456585
2023-06-29,GOOGL,-0.03695312931571204,0.01502685235382595,31649785.714285713,0.11435753119485215
2023-06-29,JPM,0.043430700922352905,0.01175898920171152,9836633.333333334,0.10886734217735605
2023-06-29,MSFT,0.011593787931835298,0.015173634808622676,26991428.57142857,0.0025966385408529025
2023-06-30,AAPL,0.09432991320997974,0.00959473172520464,61780157.14285714,0.008454855092816516
2023-06-30,AMZN,0.08110796675057008,0.017988400602008896,59187428.571428575,0.0102025301076063
2023-06-30,GOOGL,-0.02579964048170713,0.015053372580121462,31278661.904761903,0.09899751187648032
2023-06-30,JPM,0.0716970029094568,0.011519208230107516,9836295.238095239,0.08814246817597549
2023-06-30,MSFT,0.03699880053811366,0.01539229913127302,26081057.14285714,-0.01233345747088066
2023-07-03,AAPL,0.0686881856461714,0.009552380160557757,59997128.571428575,0.0006231914272676331
2023-07-03,AMZN,0.06068261612237702,0.017712120810690013,57944080.952380955,-0.015435374658223977
2023-07-03,GOOGL,-0.03087601838044851,0.014956264870436643,30502242.85714286,0.07072549044798748
2023-07-03,JPM,0.06563434870630913,0.01132633912786386,9635033.333333334,0.06723450937371434
2023-07-03,MSFT,0.016266586436367803,0.015308341234568642,25401761.904761903,-0.03103623165523761
2023-07-05,AAPL,0.05736393971266729,0.00974582064413741,59279195.23809524,-0.000836180293453892
2023-07-05,AMZN,0.04933605539486918,0.01759126129978769,56736033.333333336,-0.011274744329273334
2023-07-05,GOOGL,-0.0234218573524293,0.015283167402061423,30531038.095238097,0.05503069885077405
2023-07-05,JPM,0.0367578238046673,0.010731983045483376,9445147.61904762,0.0809597601546228
2023-07-05,MSFT,0.008199285995369454,0.015209005667893011,25035028.57142857,-0.033979227403966084
2023-07-06,AAPL,0.06810334449671807,0.009458410429383788,55619566.666666664,-0.05119640445287077
2023-07-06,AMZN,0.024421368587914216,0.017954618620203675,56387928.571428575,0.08733255422689012
2023-07-06,GOOGL,-0.04682183238970017,0.01526482614300317,30171023.80952381,0.06660586381379319
2023-07-06,JPM,0.03669230712049143,0.010735372518681088,9502176.19047619,0.08944914213963662
2023-07-06,MSFT,0.01586594258629881,0.015327183005178185,25361414.285714287,-0.03952886934898503
2023-07-07,AAPL,0.06400289241115376,0.009600511653287866,54760833.333333336,-0.06204101415932539
2023-07-07,AMZN,0.025037502200960793,0.017970590306014757,56211600.0,0.09585454275247485
2023-07-07,GOOGL,-0.061503303853489455,0.015003910012605233,29936319.04761905,0.10085382019623967
2023-07-07,JPM,0.04299755095579627,0.010818114277271768,9485604.761904761,0.08604678028812307
2023-07-07,MSFT,0.010609197576900486,0.015494557877142216,25400395.23809524,-0.02108437760573101
2023-07-10,AAPL,0.060679325654057426,0.009796008219471354,54664528.571428575,-0.04670996783161396
2023-07-10,AMZN,0.04866776980211096,0.01579265761434216,54603314.28571428,0.1007630414909324
2023-07-10,GOOGL,-0.0493878204390652,0.013753112384874078,29116138.095238097,0.12838128764105505
2023-07-10,JPM,0.03878631098550023,0.010710455298692783,9476971.42857143,0.07392348460219833
2023-07-10,MSFT,0.02613032818396044,0.014274742397881643,25022980.95238095,-0.01741850729014982
2023-07-11,AAPL,0.041590374208823944,0.009424410278221605,54494204.76190476,-0.05258406150615991
2023-07-11,AMZN,0.036458742690518076,0.015142864450628611,54021990.47619048,0.07043024856494151
2023-07-11,GOOGL,-0.0409368407604529,0.013868655862083381,28815642.85714286,0.10688071995038739
2023-07-11,JPM,0.05473176047248329,0.011113478568155144,9662342.857142856,0.043209899748680725
2023-07-11,MSFT,0.02216691577980745,0.014238801726206899,25185861.904761903,-0.0307998202316917
2023-07-12,AAPL,0.04868477702478402,0.009547665490696735,55058500.0,-0.06218068236863994
2023-07-12,AMZN,0.059709979165194715,0.015303726485745094,54147076.190476194,0.05932717374452423
2023-07-12,GOOGL,-0.02699825254273558,0.014361132040556966,29131171.42857143,0.0904733336027379
2023-07-12,JPM,0.05785016236602236,0.011124151010664758,9856347.61904762,0.03651699362398042
2023-07-12,MSFT,0.03185540888283245,0.01450707284362044,25541400.0,-0.04231911650689002
2023-07-13,AAPL,0.036726684412274446,0.009061334111612468,54442661.9047619,-0.06565519425141964
2023-07-13,AMZN,0.061072950743237486,0.01540333647325549,54615309.52380952,0.030603131176159426
2023-07-13,GOOGL,0.007279268791488436,0.01766658083044012,29892671.42857143,0.040308252895514096
2023-07-13,JPM,0.06306669334451653,0.011113885004130852,10029600.0,0.03748247607527144
2023-07-13,MSFT,0.032574747332131615,0.01454174380247842,25365538.095238097,-0.06318190267109425
2023-07-14,AAPL,0.04025976286091604,0.009009588050968584,53808714.28571428,-0.05762046598156856
2023-07-14,AMZN,0.06331903348958345,0.015394952786014058,54802085.71428572,0.04373340487637756
2023-07-14,GOOGL,0.012840180984104999,0.017724019616924193,30416709.523809522,0.047121746710517165
2023-07-14,JPM,0.06181208868036814,0.011094115446173608,10949923.80952381,0.0333846514164966
2023-07-14,MSFT,0.03275595926976038,0.014545274425716643,25622747.61904762,-0.06140643683871283
2023-07-17,AAPL,0.05458009946093889,0.009614104949574858,53478109.52380952,-0.08402692859557115
2023-07-17,AMZN,0.056478401305675385,0.015560732699179845,54612928.571428575,0.03077269156544027
2023-07-17,GOOGL,0.007924390795447822,0.017783495236005857,30184514.285714287,0.041155151944603396
2023-07-17,JPM,0.0914791407979465,0.01189388820301432,11340100.0,-0.016625433584982696
2023-07-17,MSFT,0.024871221061850912,0.01444379047362491,25354180.95238095,-0.06904249469456814
2023-07-18,AAPL,0.04150321505596111,0.009439698954586734,52661680.952380955,-0.08734609973853658
2023-07-18,AMZN,0.045000402747518375,0.015647454513859283,54347423.809523806,0.016863701440078982
2023-07-18,GOOGL,-0.01063237193149369,0.017673793995763878,29753433.333333332,0.03991606967292549
2023-07-18,JPM,0.08124436702250537,0.01179184484565478,11537652.38095238,-0.022582248296002083
2023-07-18,MSFT,0.03272034424901604,0.01535583736316351,26584633.333333332,-0.10685039513356553
2023-07-19,AAPL,0.055050845527243375,0.009323749712477805,51673638.0952381,-0.10694525891944051
2023-07-19,AMZN,0.07865170861901505,0.01566576965342744,52932371.428571425,-0.010195071487809737
2023-07-19,GOOGL,-0.012142813275760056,0.017728422318635858,29357642.85714286,0.06465609901571256
2023-07-19,JPM,0.08410841297210037,0.011776750768715993,11475580.952380951,-0.03643445929081357
2023-07-19,MSFT,0.03724476100406737,0.015127290428892893,26259914.285714287,-0.1056917785518856
2023-07-20,AAPL,0.043889526991226724,0.009721083827340727,52139452.38095238,-0.09529536994160559
2023-07-20,AMZN,0.03323269180424204,0.01833617002261299,53070014.28571428,0.02508459786412187
2023-07-20,GOOGL,-0.03168147355725881,0.018406630610223663,29919990.476190478,0.06929519588811761
2023-07-20,JPM,0.10308277054743775,0.01172324280872122,11547357.142857144,-0.045981474881986784
2023-07-20,MSFT,0.026090639002663396,0.015793883316831618,26612438.095238097,-0.08568015513981853
2023-07-21,AAPL,0.04337886435649896,0.009741076044384508,53207833.333333336,-0.08264317516138964
2023-07-21,AMZN,0.0414163109277399,0.0182173042170376,56935233.333333336,0.035999943659855704
2023-07-21,GOOGL,-0.0043963661664256914,0.01793561407677691,31950066.666666668,0.0695717423478528
2023-07-21,JPM,0.09622053202386716,0.011963951463979806,11581161.904761905,-0.03530135005049839
2023-07-21,MSFT,0.03060928537173324,0.015620172245458048,28721371.42857143,-0.061694059926789
2023-07-24,AAPL,0.03074875554671852,0.009182078174358276,52928428.571428575,-0.07927716662893236
2023-07-24,AMZN,-0.010372577088250123,0.015803891537018937,54803638.0952381,0.042313639899931754
2023-07-24,GOOGL,-0.013154741325610897,0.017495649448054634,32080252.38095238,0.06212453336807977
2023-07-24,JPM,0.13974111559755653,0.011092036891675738,11786219.047619049,-0.07354437956382087
2023-07-24,MSFT,0.015895878000527608,0.015149451749961833,28870004.76190476,-0.0636529642680781
2023-07-25,AAPL,0.037175888419492376,0.009174279849357671,52174438.0952381,-0.06329636234633229
2023-07-25,AMZN,-0.001546407990494325,0.01575606110402359,53246919.047619045,0.049485008503232564
2023-07-25,GOOGL,-0.0010625654502669502,0.017485364502240287,32918157.14285714,0.08313552635227617
2023-07-25,JPM,0.13717681030259232,0.011218456317013886,11787419.047619049,-0.060260379286277366
2023-07-25,MSFT,0.0476391379512493,0.01515027360570296,29750519.04761905,-0.06635056678431162
2023-07-26,AAPL,0.04981915251437852,0.00893568338501889,52145066.666666664,-0.0919373659799938
2023-07-26,AMZN,0.00643989675361567,0.01545939464620535,52957433.333333336,0.028794402006658837
2023-07-26,GOOGL,0.09236091667385837,0.0199703444598575,34237785.71428572,0.003945193883257314
2023-07-26,JPM,0.14119846548424309,0.011185819847441754,11801652.38095238,-0.06674672619023014
2023-07-26,MSFT,0.027906314881710692,0.016896328430038268,31505904.76190476,-0.05069292710273443
2023-07-27,AAPL,0.027438042008647523,0.008640364507149525,51989323.809523806,-0.07436501746087776
2023-07-27,AMZN,-0.007199200561308072,0.015119398218699478,53234085.71428572,0.039064284653691494
2023-07-27,GOOGL,0.09355177928859693,0.019959513145692574,34495700.0,0.00370957554275253
2023-07-27,JPM,0.12853110825031844,0.01174649488981243,11926623.80952381,-0.05749284937158672
2023-07-27,MSFT,-0.011507382976388647,0.017111012448142063,32233580.95238095,-0.02133580854251904
2023-07-28,AAPL,0.034768780384980325,0.00898347185637441,51850019.047619045,-0.07862252832493011
2023-07-28,AMZN,0.024566131375295397,0.016568799695684696,52956366.666666664,0.007034207915849855
2023-07-28,GOOGL,0.10317877392565578,0.020302342972856643,34948071.428571425,-0.01184194382530035
2023-07-28,JPM,0.13996398387551934,0.011511490258530979,12000204.761904761,-0.059588215178044246
2023-07-28,MSFT,0.007503152679134262,0.01785258459441528,32625266.666666668,-0.041329492948384616
2023-07-31,AAPL,0.03618331713175049,0.008989427359420592,51491771.428571425,-0.0614984222280206
2023-07-31,AMZN,0.045191486168456585,0.016531401055291897,53010676.190476194,0.009201159887189059
2023-07-31,GOOGL,0.11435753119485215,0.020076416732984437,35136861.9047619,0.013939379871053204
2023-07-31,JPM,0.10886734217735605,0.009471862530599789,11689228.57142857,-0.05824276042771659
2023-07-31,MSFT,0.0025966385408529025,0.01792324768471945,33027600.0,-0.020286521930782064
2023-08-01,AAPL,0.008454855092816516,0.007615496607257878,49109004.76190476,-0.03939779439549185
2023-08-01,AMZN,0.0102025301076063,0.01645396686574137,52427238.0952381,0.02566637421330742
2023-08-01,GOOGL,0.09899751187648032,0.02031365842388645,34833747.61904762,0.032915351141224125
2023-08-01,JPM,0.08814246817597549,0.009470494091964824,11338804.761904761,-0.05738630412576928
2023-08-01,MSFT,-0.01233345747088066,0.017543351533255386,32621842.85714286,-0.020377973222375778
2023-08-02,AAPL,0.0006231914272676331,0.00819461440770454,50010485.71428572,-0.02314005764689875
2023-08-02,AMZN,-0.015435374658223977,0.017481831582707462,53511180.952380955,0.0764369961764364
2023-08-02,GOOGL,0.07072549044798748,0.021261819592885974,35395909.52380952,0.06067920567358187
2023-08-02,JPM,0.06723450937371434,0.009993146569471794,11352033.333333334,-0.05836553265072664
2023-08-02,MSFT,-0.03103623165523761,0.018380122537674768,33348157.14285714,0.002912812773294249
2023-08-03,AAPL,-0.000836180293453892,0.008253003491372694,50692147.61904762,-0.007606689856180737
2023-08-03,AMZN,-0.011274744329273334,0.017528213897306032,56020219.047619045,0.07144512600603714
2023-08-03,GOOGL,0.05503069885077405,0.021090657291168886,35038990.47619048,0.056130841688603494
2023-08-03,JPM,0.0809597601546228,0.009751890354227183,11216276.19047619,-0.060953191736017764
2023-08-03,MSFT,-0.033979227403966084,0.018377097247477117,33352028.57142857,0.00825281076454587
2023-08-04,AAPL,-0.05119640445287077,0.013303272825509744,54066552.38095238,0.04377227145741669
2023-08-04,AMZN,0.08733255422689012,0.024860620073123233,61376819.047619045,-0.016479207072153668
2023-08-04,GOOGL,0.06660586381379319,0.020804440484307966,35105752.38095238,0.05979231254492845
2023-08-04,JPM,0.08944914213963662,0.009347082968130022,11049604.761904761,-0.06935028269246002
2023-08-04,MSFT,-0.03952886934898503,0.018251261757162147,33141566.666666668,0.019757627320136084
2023-08-07,AAPL,-0.06204101415932539,0.013677595245134387,56483747.61904762,0.024081608408756283
2023-08-07,AMZN,0.09585454275247485,0.02502824848503362,62768285.71428572,-0.048235132551475046
2023-08-07,GOOGL,0.10085382019623967,0.021311581481161142,35155123.809523806,0.02227599049035578
2023-08-07,JPM,0.08604678028812307,0.009308917488922755,10967238.095238095,-0.07527417829694505
2023-08-07,MSFT,-0.02108437760573101,0.018195486116038183,32976171.42857143,0.010526247923848375
2023-08-08,AAPL,-0.04670996783161396,0.013665637945450525,56859976.190476194,-0.011124976012992449
2023-08-08,AMZN,0.1007630414909324,0.024825914437896147,62283580.952380955,-0.01493494570121734
2023-08-08,GOOGL,0.12838128764105505,0.02022291103296527,34594171.428571425,0.029375778625244653
2023-08-08,JPM,0.07392348460219833,0.009530167478534378,10944538.095238095,-0.0780086861284407
2023-08-08,MSFT,-0.01741850729014982,0.018059567633208724,32477895.23809524,0.013980976710115334
2023-08-09,AAPL,-0.05258406150615991,0.01374524535499551,57514280.952380955,0.0012940528754001868
2023-08-09,AMZN,0.07043024856494151,0.02511556985800178,62286714.28571428,0.0027565441218631026
2023-08-09,GOOGL,0.10688071995038739,0.020652510644715388,34681509.52380952,0.05182789590154857
2023-08-09,JPM,0.043209899748680725,0.009776560158579325,10707247.61904762,-0.06476368171859204
2023-08-09,MSFT,-0.0307998202316917,0.018205847160874318,32271947.61904762,0.03956101124493694
2023-08-10,AAPL,-0.06218068236863994,0.013497790560810706,57225552.38095238,0.009171375770756773
2023-08-10,AMZN,0.05932717374452423,0.024965596419882535,62520314.28571428,0.03276565116134633
2023-08-10,GOOGL,0.0904733336027379,0.020540433691310263,34226909.52380952,0.055748328116715484
2023-08-10,JPM,0.03651699362398042,0.009782497073357077,10453528.57142857,-0.0592599841990642
2023-08-10,MSFT,-0.04231911650689002,0.017877874231882224,31801395.23809524,0.048696150597087096
2023-08-11,AAPL,-0.06565519425141964,0.013425251001800375,57734809.52380952,-0.008380452702585695
2023-08-11,AMZN,0.030603131176159426,0.024375222605144048,61650547.61904762,0.020374192549795334
2023-08-11,GOOGL,0.040308252895514096,0.01805657575281722,33050395.23809524,0.04461259315245414
2023-08-11,JPM,0.03748247607527144,0.009799469923826182,10165233.333333334,-0.0525089588334795
2023-08-11,MSFT,-0.06318190267109425,0.017403837766772675,31981790.476190478,0.035707324911218974
2023-08-14,AAPL,-0.05762046598156856,0.013680097195276759,57832876.190476194,-0.029254549064541058
2023-08-14,AMZN,0.04373340487637756,0.024563225270795734,61301100.0,0.030447453626613497
2023-08-14,GOOGL,0.047121746710517165,0.018205194559615705,32641466.666666668,0.040965479141632066
2023-08-14,JPM,0.0333846514164966,0.009751624099122187,9118371.42857143,-0.054015835585085825
2023-08-14,MSFT,-0.06140643683871283,0.017466251918685692,31528619.04761905,0.0392897979005955
2023-08-15,AAPL,-0.08402692859557115,0.012989328483823412,57504419.047619045,-0.009636424341867622
2023-08-15,AMZN,0.03077269156544027,0.02497341567487457,61031161.9047619,0.05120943666394351
2023-08-15,GOOGL,0.041155151944603396,0.018378356551150367,32358347.61904762,0.06410862505817438
2023-08-15,JPM,-0.016625433584982696,0.010028930123234652,8786842.857142856,-0.010475414860318444
2023-08-15,MSFT,-0.06904249469456814,0.017456740067353933,31366828.57142857,0.05454906843121643
2023-08-16,AAPL,-0.08734609973853658,0.012975038527563824,57441404.76190476,-0.008835297959092103
2023-08-16,AMZN,0.016863701440078982,0.025335938377646992,60402257.14285714,0.03938692364663687
2023-08-16,GOOGL,0.03991606967292549,0.018409779693412304,32311800.0,0.06759920430689248
2023-08-16,JPM,-0.022582248296002083,0.010038444926653366,8476676.19047619,-0.009188199530941854
2023-08-16,MSFT,-0.10685039513356553,0.014416535941027977,29269700.0,0.030649424277829906
2023-08-17,AAPL,-0.10694525891944051,0.012888547346734539,56753576.190476194,0.0228159166402766
2023-08-17,AMZN,-0.010195071487809737,0.025064831859017513,60108119.047619045,0.04478280483156283
2023-08-17,GOOGL,0.06465609901571256,0.01809928415793549,32131909.523809522,0.06380858172443338
2023-08-17,JPM,-0.03643445929081357,0.01017189397766978,8354957.142857143,0.0032970320570129275
2023-08-17,MSFT,-0.1056917785518856,0.014388109062905947,28389904.76190476,0.03843713676797833
2023-08-18,AAPL,-0.09529536994160559,0.012955639190862164,56829338.0952381,0.02624806397362356
2023-08-18,AMZN,0.02508459786412187,0.023412871734165817,59568933.333333336,0.03310316485287679
2023-08-18,GOOGL,0.06929519588811761,0.01781120172774118,31779433.333333332,0.08300647998384925
2023-08-18,JPM,-0.045981474881986784,0.009704737414985558,8287414.285714285,-0.00026818064543232545
2023-08-18,MSFT,-0.08568015513981853,0.013806125957279829,27960219.04761905,0.038454034482094945
2023-08-21,AAPL,-0.08264317516138964,0.013228093745078528,55608395.23809524,-0.0019905770149172275
2023-08-21,AMZN,0.035999943659855704,0.02350246984559941,55194419.047619045,0.00452925930743131
2023-08-21,GOOGL,0.0695717423478528,0.017813876456577837,29508519.04761905,0.04183207722704729
2023-08-21,JPM,-0.03530135005049839,0.00969322528044817,8177442.857142857,-0.007894093485590004
2023-08-21,MSFT,-0.061694059926789,0.014504853516706244,25799961.904761903,-0.0034482895802524505
2023-08-22,AAPL,-0.07927716662893236,0.01336649150733255,55449400.0,-0.01861980525566087
2023-08-22,AMZN,0.042313639899931754,0.023395658133914997,54590338.0952381,-0.036648031053596375
2023-08-22,GOOGL,0.06212453336807977,0.017697383095123156,29145128.57142857,0.010536181798078914
2023-08-22,JPM,-0.07354437956382087,0.009244964541897284,7953247.619047619,0.00519204682696861
2023-08-22,MSFT,-0.0636529642680781,0.014462696402820375,25295509.523809522,-0.009086496836521074
2023-08-23,AAPL,-0.06329636234633229,0.01441184088267601,56184619.047619045,-0.03494938001436365
2023-08-23,AMZN,0.049485008503232564,0.02344894216916958,54760066.666666664,-0.047225567838725224
2023-08-23,GOOGL,0.08313552635227617,0.018361994179899848,27969419.04761905,-0.016015632773198507
2023-08-23,JPM,-0.060260379286277366,0.009465428695404976,7853880.952380952,-0.011128387575014886
2023-08-23,MSFT,-0.06635056678431162,0.014272627492355734,24320685.714285713,-0.030550301611866337
2023-08-24,AAPL,-0.0919373659799938,0.015146811190287112,56540519.047619045,-0.0017010102685781625
2023-08-24,AMZN,0.028794402006658837,0.024247324538542385,54271314.28571428,-0.0043233622668561456
2023-08-24,GOOGL,0.003945193883257314,0.014348720470353349,26389352.38095238,0.010248197912639867
2023-08-24,JPM,-0.06674672619023014,0.009257761683318396,7749376.19047619,-0.005298244196171309
2023-08-24,MSFT,-0.05069292710273443,0.012667969179747548,22649147.61904762,-0.007594466944146561
2023-08-25,AAPL,-0.07436501746087776,0.015587434779631234,56730490.47619048,-0.03723190414974009
2023-08-25,AMZN,0.039064284653691494,0.024327794048395975,53868304.76190476,-0.054629982365254404
2023-08-25,GOOGL,0.00370957554275253,0.014348222352096238,25523200.0,-0.01008630169609881
2023-08-25,JPM,-0.05749284937158672,0.009091207174877675,7554952.380952381,-0.014417001207439384
2023-08-25,MSFT,-0.02133580854251904,0.01217360010351116,21794328.57142857,-0.03356244598668956
2023-08-28,AAPL,-0.07862252832493011,0.015363868794743586,56517600.0,-0.054165239435406076
2023-08-28,AMZN,0.007034207915849855,0.023419717688384103,53286923.809523806,-0.053777948516886775
2023-08-28,GOOGL,-0.01184194382530035,0.01339008549100315,24759014.285714287,-0.003587561208530321
2023-08-28,JPM,-0.059588215178044246,0.008999561383474937,7364014.285714285,-0.012062708587419757
2023-08-28,MSFT,-0.041329492948384616,0.010892852363890763,21143071.42857143,-0.03370402092654434
2023-08-29,AAPL,-0.0614984222280206,0.016295612539747543,57192828.571428575,-0.0729416280674463
2023-08-29,AMZN,0.009201159887189059,0.023473386736536893,53131904.76190476,-0.06619227679766082
2023-08-29,GOOGL,0.013939379871053204,0.014689893674732968,25474257.14285714,-0.016794430343870514
2023-08-29,JPM,-0.05824276042771659,0.009081291930430354,7242314.285714285,-0.007865026589115032
2023-08-29,MSFT,-0.020286521930782064,0.01139035379435239,20849671.42857143,-0.04497425597191074
2023-08-30,AAPL,-0.03939779439549185,0.01698465573615258,58413723.809523806,-0.08760974273427624
2023-08-30,AMZN,0.02566637421330742,0.02320052645472368,52848023.809523806,-0.05885840043344137
2023-08-30,GOOGL,0.032915351141224125,0.014642852126411915,25719447.61904762,-0.03694451051082781
2023-08-30,JPM,-0.05738630412576928,0.009072851286679904,7214857.142857143,-0.021193286313663018
2023-08-30,MSFT,-0.020377973222375778,0.0113894842865079,20702538.095238097,-0.03966049932437088
2023-08-31,AAPL,-0.02314005764689875,0.016698622825061016,58909209.52380952,-0.0751583086686678
2023-08-31,AMZN,0.0764369961764364,0.022682345402909858,53217247.61904762,-0.06195194647692892
2023-08-31,GOOGL,0.06067920567358187,0.013403467875077603,25899471.42857143,-0.014687578019662806
2023-08-31,JPM,-0.05836553265072664,0.009123892733031014,7340309.523809524,-0.01749482422412374
2023-08-31,MSFT,0.002912812773294249,0.00982447029499918,20638238.095238097,-0.018184056637502777
2023-09-01,AAPL,-0.007606689856180737,0.01675406329674044,58172604.76190476,-0.09004544861632235
2023-09-01,AMZN,0.07144512600603714,0.02268760612692836,50950880.952380955,-0.09701704583116433
2023-09-01,GOOGL,0.056130841688603494,0.013473583918233674,25968719.04761905,-0.023809302119609743
2023-09-01,JPM,-0.060953191736017764,0.009007750380409942,7426952.380952381,-0.027993352176973296
2023-09-01,MSFT,0.00825281076454587,0.009818505978542218,20480538.095238097,-0.04646147229186026
2023-09-05,AAPL,0.04377227145741669,0.012681617338111413,54807042.85714286,-0.08455427584984032
2023-09-05,AMZN,-0.016479207072153668,0.013684777637292679,45594128.571428575,-0.07481608474402368
2023-09-05,GOOGL,0.05979231254492845,0.01342615145716022,25647571.42857143,-0.003903583329750049
2023-09-05,JPM,-0.06935028269246002,0.009175022738819347,7505300.0,-0.01274091489820528
2023-09-05,MSFT,0.019757627320136084,0.010299069354599944,20233509.523809522,-0.043741398930356334
2023-09-06,AAPL,0.024081608408756283,0.014598162810921179,54053695.23809524,-0.04373730947031107
2023-09-06,AMZN,-0.048235132551475046,0.013192531500187633,44192814.28571428,-0.06944445540405864
2023-09-06,GOOGL,0.02227599049035578,0.012510528507832672,25454152.38095238,0.004536764507083735
2023-09-06,JPM,-0.07527417829694505,0.008996464167639126,7570890.476190476,-0.006936869339098206
2023-09-06,MSFT,0.010526247923848375,0.010219791540631446,20223714.285714287,-0.04061518946011422
2023-09-07,AAPL,-0.011124976012992449,0.015996862403483292,56180638.0952381,-0.0003942067116872172
2023-09-07,AMZN,-0.01493494570121734,0.013531409757992163,44039880.952380955,-0.071744697723236
2023-09-07,GOOGL,0.029375778625244653,0.012543522245170914,25230776.19047619,0.01715222754264345
2023-09-07,JPM,-0.0780086861284407,0.009050772092884114,7559000.0,0.017051642038117487
2023-09-07,MSFT,0.013980976710115334,0.010032395550118567,20035780.95238095,-0.00803240567837793
2023-09-08,AAPL,0.0012940528754001868,0.015894689026998705,56426961.9047619,0.004546419155699644
2023-09-08,AMZN,0.0027565441218631026,0.013141298753820706,43484209.52380952,-0.07212617759429507
2023-09-08,GOOGL,0.05182789590154857,0.012155974916151368,25166271.42857143,0.014958064288773665
2023-09-08,JPM,-0.06476368171859204,0.00882577663115863,7598528.571428572,0.013962453856076085
2023-09-08,MSFT,0.03956101124493694,0.009963424856492285,19900390.476190478,-0.013312640706514278
2023-09-11,AAPL,0.009171375770756773,0.01595202911739667,56630114.28571428,-0.005408237752419054
2023-09-11,AMZN,0.03276565116134633,0.015186588292429571,43381166.666666664,-0.09517826551400788
2023-09-11,GOOGL,0.055748328116715484,0.012148725461267322,25161776.19047619,0.008325939036341712
2023-09-11,JPM,-0.0592599841990642,0.008972636774214312,7639438.095238095,0.015676869568160834
2023-09-11,MSFT,0.048696150597087096,0.010159036927394555,19732276.19047619,-0.02825939024551416
2023-09-12,AAPL,-0.008380452702585695,0.016409245080142187,58455519.047619045,0.01985251689194234
2023-09-12,AMZN,0.020374192549795334,0.015515896947284093,43369866.666666664,-0.06655805551831107
2023-09-12,GOOGL,0.04461259315245414,0.01251936020032469,25105319.04761905,0.03849574045727322
2023-09-12,JPM,-0.0525089588334795,0.00944675431855008,7790985.714285715,0.006070943099652837
2023-09-12,MSFT,0.035707324911218974,0.01098162127699782,19408942.85714286,0.001959117507512209
2023-09-13,AAPL,-0.029254549064541058,0.016438579261504875,60388485.71428572,0.03731143477793841
2023-09-13,AMZN,0.030447453626613497,0.016127571817374866,44003985.71428572,-0.0864342681733381
2023-09-13,GOOGL,0.040965479141632066,0.012379762152611908,24917409.523809522,0.016531314172715916
2023-09-13,JPM,-0.054015835585085825,0.009414346732162553,7947252.380952381,0.003250724257223059
2023-09-13,MSFT,0.0392897979005955,0.011129617790947396,19299814.285714287,-0.014580857728783925
2023-09-14,AAPL,-0.009636424341867622,0.016414160855767367,61211019.047619045,0.017696763957699035
2023-09-14,AMZN,0.05120943666394351,0.015325379998474968,45015990.47619048,-0.10316478585293487
2023-09-14,GOOGL,0.06410862505817438,0.012080942671805187,25154566.666666668,-0.005358378586027834
2023-09-14,JPM,-0.010475414860318444,0.009050083575489162,7934614.285714285,-0.0010582597666236593
2023-09-14,MSFT,0.05454906843121643,0.01101905537254061,19456990.476190478,-0.03238859863492416
2023-09-15,AAPL,-0.008835297959092103,0.01640375156751766,64177428.571428575,0.021199150224227692
2023-09-15,AMZN,0.03938692364663687,0.016255889447013703,47931866.666666664,-0.0558444075217277
2023-09-15,GOOGL,0.06759920430689248,0.01194820184931514,25807114.285714287,0.012372516331699224
2023-09-15,JPM,-0.009188199530941854,0.00902741038213641,8548195.238095239,0.0008799997546429239
2023-09-15,MSFT,0.030649424277829906,0.012534195329424895,20265604.76190476,0.007328373914949893
2023-09-18,AAPL,0.0228159166402766,0.016472985181027355,64234319.047619045,-0.004607397923338419
2023-09-18,AMZN,0.04478280483156283,0.016135308257999175,47668504.76190476,-0.06079436181295528
2023-09-18,GOOGL,0.06380858172443338,0.011879232811346584,25255447.61904762,0.010925451877055181
2023-09-18,JPM,0.0032970320570129275,0.008743352259303415,8384314.285714285,-0.0033628213727000533
2023-09-18,MSFT,0.03843713676797833,0.012264750398841371,20054985.714285713,0.009116950000332302
2023-09-19,AAPL,0.02624806397362356,0.01650577091446765,63789304.76190476,-0.018037596923928922
2023-09-19,AMZN,0.03310316485287679,0.016583003127971056,48286828.571428575,-0.06902564602892325
2023-09-19,GOOGL,0.08300647998384925,0.01082488422284229,24772061.904761903,-0.0005794907801488502
2023-09-19,JPM,-0.00026818064543232545,0.008735237732431076,8356976.19047619,-0.013048939625219025
2023-09-19,MSFT,0.038454034482094945,0.012264543416687559,19662171.42857143,0.004442472841919676
2023-09-20,AAPL,-0.0019905770149172275,0.017070072127815993,64366652.38095238,-0.0001707874650460628
2023-09-20,AMZN,0.00452925930743131,0.016920056344258763,48516409.52380952,-0.05092763494397079
2023-09-20,GOOGL,0.04183207722704729,0.013207418884765119,24994861.904761903,0.029983643484397415
2023-09-20,JPM,-0.007894093485590004,0.00874594446283093,8309595.238095238,-0.013067773398430016
2023-09-20,MSFT,-0.0034482895802524505,0.012972014200748512,19538195.23809524,0.03288972693577619
2023-09-21,AAPL,-0.01861980525566087,0.01707682809290931,65371900.0,-0.006037042773767598
2023-09-21,AMZN,-0.036648031053596375,0.019500621184628378,50299166.666666664,-0.0321658053290963
2023-09-21,GOOGL,0.010536181798078914,0.014398873894040872,25444814.285714287,0.039558626905393135
2023-09-21,JPM,0.00519204682696861,0.007621614689137611,8232409.523809524,-0.02130774547243508
2023-09-21,MSFT,-0.009086496836521074,0.012989765205843119,20465614.285714287,0.02234570197630914
2023-09-22,AAPL,-0.03494938001436365,0.016333425131973812,65562500.0,-0.010240598001870826
2023-09-22,AMZN,-0.047225567838725224,0.019335763348008825,51113609.52380952,-0.019826499809501463
2023-09-22,GOOGL,-0.016015632773198507,0.013222523454085488,25377080.95238095,0.04798463220186666
2023-09-22,JPM,-0.011128387575014886,0.007759226152618332,8194966.666666667,-0.025317686040336462
2023-09-22,MSFT,-0.030550301611866337,0.012649371437375163,20479019.04761905,0.038831616068249586
2023-09-25,AAPL,-0.0017010102685781625,0.015421697612464603,65144733.333333336,-0.014993254190583283
2023-09-25,AMZN,-0.0043233622668561456,0.01885719263590119,51226538.0952381,-0.020644523696688233
2023-09-25,GOOGL,0.010248197912639867,0.012571175111742425,24976790.476190478,0.05872924101029753
2023-09-25,JPM,-0.005298244196171309,0.007848262306463917,8219285.714285715,-0.028940345416092472
2023-09-25,MSFT,-0.007594466944146561,0.011789926389765315,20219714.285714287,0.040908238330925384
2023-09-26,AAPL,-0.03723190414974009,0.01594481834934399,65770414.28571428,-0.005001176795093709
2023-09-26,AMZN,-0.054629982365254404,0.02060576650441942,52602761.9047619,-0.03643438518000752
2023-09-26,GOOGL,-0.01008630169609881,0.013301695893213616,24927066.666666668,-0.023022472604068756
2023-09-26,JPM,-0.014417001207439384,0.00815487770837451,8256090.476190476,-0.02410806177175595
2023-09-26,MSFT,-0.03356244598668956,0.012107583211507966,20439404.76190476,0.09140139832151384
2023-09-27,AAPL,-0.054165239435406076,0.015828669564755145,66870466.666666664,-0.020771037024662542
2023-09-27,AMZN,-0.053777948516886775,0.020610128198257503,54147761.9047619,-0.05088111995003042
2023-09-27,GOOGL,-0.003587561208530321,0.01360324407180226,25031980.95238095,-0.0632757011386017
2023-09-27,JPM,-0.012062708587419757,0.008231954841863173,8333409.523809524,-0.027310864001157453
2023-09-27,MSFT,-0.03370402092654434,0.01210533155273163,20658528.57142857,0.04827529601786762
2023-09-28,AAPL,-0.0729416280674463,0.014858372116153287,67027157.14285714,-0.014470518918034414
2023-09-28,AMZN,-0.06619227679766082,0.020305060232082603,54905328.571428575,0.013970427527687956
2023-09-28,GOOGL,-0.016794430343870514,0.012520653653808859,24052814.285714287,-0.07663807228825892
2023-09-28,JPM,-0.007865026589115032,0.008506228821901161,8453938.095238095,-0.07384486220911379
2023-09-28,MSFT,-0.04497425597191074,0.011581947524270138,20677528.57142857,0.05155587651373161
2023-09-29,AAPL,-0.08760974273427624,0.01402152959775747,66600833.333333336,-0.005373650253141515
2023-09-29,AMZN,-0.05885840043344137,0.020459153140428437,56156504.76190476,0.043974227867419335
2023-09-29,GOOGL,-0.03694451051082781,0.012470024472308824,24173957.14285714,-0.04890713029459093
2023-09-29,JPM,-0.021193286313663018,0.0092638938896998,8722533.333333334,-0.04541458830479517
2023-09-29,MSFT,-0.03966049932437088,0.011723782296084681,21102538.095238097,0.06828187950000553
2023-10-02,AAPL,-0.0751583086686678,0.01459169865837806,66189880.952380955,-0.017151158806030464
2023-10-02,AMZN,-0.06195194647692892,0.020270725674560244,55644523.809523806,0.028039467293142106
2023-10-02,GOOGL,-0.014687578019662806,0.013782646816468505,23804157.14285714,-0.07520308075170823
2023-10-02,JPM,-0.01749482422412374,0.009068553061997607,8638566.666666666,-0.02562338866755698
2023-10-02,MSFT,-0.018184056637502777,0.012580741379264678,20824395.23809524,0.05068355943948699
2023-10-03,AAPL,-0.09004544861632235,0.0143479988416316,66372171.428571425,0.009106776299506736
2023-10-03,AMZN,-0.09701704583116433,0.02153897546592565,56148023.809523806,0.09846054088442746
2023-10-03,GOOGL,-0.023809302119609743,0.014032128887509503,23873000.0,-0.04515607890357776
2023-10-03,JPM,-0.027993352176973296,0.009124873454970834,8711309.523809524,-0.0192333544747868
2023-10-03,MSFT,-0.04646147229186026,0.01370250418837498,21114466.666666668,0.1042792281475673
2023-10-04,AAPL,-0.08455427584984032,0.01452645592797674,66740757.14285714,0.022515054400130907
2023-10-04,AMZN,-0.07481608474402368,0.0221048345486384,56317890.47619048,0.08716541200172245
2023-10-04,GOOGL,-0.003903583329750049,0.014850463470112301,24222961.904761903,-0.057305690145516675
2023-10-04,JPM,-0.01274091489820528,0.008924324223153101,8724357.142857144,-0.00618426630232094
2023-10-04,MSFT,-0.043741398930356334,0.01389583592724321,21217619.04761905,0.09204886291676795
2023-10-05,AAPL,-0.04373730947031107,0.012757794218217164,65158476.190476194,0.009947891826778132
2023-10-05,AMZN,-0.06944445540405864,0.022004551151176947,56216704.76190476,0.1003493736973291
2023-10-05,GOOGL,0.004536764507083735,0.014692188147170548,24277633.333333332,-0.04419930457960408
2023-10-05,JPM,-0.006936869339098206,0.008980527129987665,8721833.333333334,0.0006998686656423114
2023-10-05,MSFT,-0.04061518946011422,0.013914374773035232,21190466.666666668,0.10470924264686321
2023-10-06,AAPL,-0.0003942067116872172,0.011630616738441926,62528852.38095238,0.009803463695328585
2023-10-06,AMZN,-0.071744697723236,0.021887631644170503,56137552.38095238,0.09206006949808465
2023-10-06,GOOGL,0.01715222754264345,0.015184660180517704,24694457.14285714,-0.053278005269691286
2023-10-06,JPM,0.017051642038117487,0.009390323663752375,8812161.904761905,-0.007029622007972414
2023-10-06,MSFT,-0.00803240567837793,0.014961805425061757,21537733.333333332,0.08943935241032852
2023-10-09,AAPL,0.004546419155699644,0.011753796122305026,61425971.428571425,0.01581068410289621
2023-10-09,AMZN,-0.07212617759429507,0.021882105686979025,56157814.28571428,0.11266188075706718
2023-10-09,GOOGL,0.014958064288773665,0.015139297257681426,24490638.095238097,-0.05382148465877523
2023-10-09,JPM,0.013962453856076085,0.009415047533202681,8805352.38095238,-0.0052495594445072236
2023-10-09,MSFT,-0.013312640706514278,0.014763594931497509,21554928.57142857,0.0931114588316666
2023-10-10,AAPL,-0.005408237752419054,0.011686107901476216,60699538.0952381,0.025225846134640406
2023-10-10,AMZN,-0.09517826551400788,0.020276901258110356,55463247.61904762,0.09731237657768732
2023-10-10,GOOGL,0.008325939036341712,0.015138891761960102,24825076.19047619,-0.04505270951674467
2023-10-10,JPM,0.015676869568160834,0.009455422693616326,9016523.80952381,-0.006385077165050657
2023-10-10,MSFT,-0.02825939024551416,0.014543060618811797,21744157.14285714,0.10600205299027943
2023-10-11,AAPL,0.01985251689194234,0.0111415142903593,58660533.333333336,0.014516009584961687
2023-10-11,AMZN,-0.06655805551831107,0.020760021536799542,55371500.0,0.06652510165098868
2023-10-11,GOOGL,0.03849574045727322,0.015336831414006947,25181209.523809522,-0.07335464501128963
2023-10-11,JPM,0.006070943099652837,0.009058613414923521,9032476.19047619,-0.012726685153208073
2023-10-11,MSFT,0.001959117507512209,0.01428287547392213,21863095.23809524,0.08504318759019047
2023-10-12,AAPL,0.03731143477793841,0.010771314205049506,57349828.571428575,0.03284569555200445
2023-10-12,AMZN,-0.0864342681733381,0.019774088784333267,55136423.809523806,0.08486356511863691
2023-10-12,GOOGL,0.016531314172715916,0.015472991030203427,25372447.61904762,-0.045909247602167635
2023-10-12,JPM,0.003250724257223059,0.00907693081681383,9135261.904761905,0.004251787021146924
2023-10-12,MSFT,-0.014580857728783925,0.014000426042805087,21994938.095238097,0.11628835620650091
2023-10-13,AAPL,0.017696763957699035,0.010955878732412104,56898938.0952381,0.034629080801217293
2023-10-13,AMZN,-0.10316478585293487,0.02002709745889432,54267519.047619045,0.0986208776784443
2023-10-13,GOOGL,-0.005358378586027834,0.01554915671163116,25309090.476190478,-0.03836653163508208
2023-10-13,JPM,-0.0010582597666236593,0.008654211794439452,10058695.238095239,-0.014999914724759922
2023-10-13,MSFT,-0.03238859863492416,0.014014185763309693,22033290.476190478,0.11884779287939051
2023-10-16,AAPL,0.021199150224227692,0.010902331220166761,54196914.28571428,0.05017308748175786
2023-10-16,AMZN,-0.0558444075217277,0.019954376638235738,51406738.0952381,0.09996227608403885
2023-10-16,GOOGL,0.012372516331699224,0.015748489175581585,24813009.523809522,-0.03939633205723503
2023-10-16,JPM,0.0008799997546429239,0.008631693388901419,9715842.857142856,0.003990661862186329
2023-10-16,MSFT,0.007328373914949893,0.013355124932393657,21294157.14285714,0.11312523725418644
2023-10-17,AAPL,-0.004607397923338419,0.010466998946849033,53734619.047619045,0.0627019681572123
2023-10-17,AMZN,-0.06079436181295528,0.019991922092914935,51717266.666666664,0.08922184238705166
2023-10-17,GOOGL,0.010925451877055181,0.015727905369455855,24891795.23809524,-0.03650156184212372
2023-10-17,JPM,-0.0033628213727000533,0.008632107593921445,9952523.80952381,0.014980253466761573
2023-10-17,MSFT,0.009116950000332302,0.013334551876638106,21365790.476190478,0.11552225960961904
2023-10-18,AAPL,-0.018037596923928922,0.01047453405361739,53874500.0,0.08029985743271584
2023-10-18,AMZN,-0.06902564602892325,0.020378302797168336,50822838.0952381,0.1147272019671488
2023-10-18,GOOGL,-0.0005794907801488502,0.015988745956620608,25035666.666666668,-0.007465953739134723
2023-10-18,JPM,-0.013048939625219025,0.008950710175830413,10032376.19047619,0.03796861810637853
2023-10-18,MSFT,0.004442472841919676,0.01340317772936377,21682347.61904762,0.14184241623768035
2023-10-19,AAPL,-0.0001707874650460628,0.009521509637233775,53915771.428571425,0.08252523754133678
2023-10-19,AMZN,-0.05092763494397079,0.020156606405013856,51522728.571428575,0.13068535496056843
2023-10-19,GOOGL,0.029983643484397415,0.014313231274938517,24851785.714285713,-0.017713299092311008
2023-10-19,JPM,-0.013067773398430016,0.008951097833793914,10213880.952380951,0.05182737845856833
2023-10-19,MSFT,0.03288972693577619,0.012203809435465337,21854519.04761905,0.11855791629011159
2023-10-20,AAPL,-0.006037042773767598,0.009872136748640696,53967909.52380952,0.10887466934796364
2023-10-20,AMZN,-0.0321658053290963,0.018557237473992256,50859066.666666664,0.16745232100728247
2023-10-20,GOOGL,0.039558626905393135,0.013603173475147768,24605680.95238095,0.004793183351247787
2023-10-20,JPM,-0.02130774547243508,0.00945422101060144,10465333.333333334,0.07233292275748515
2023-10-20,MSFT,0.02234570197630914,0.012626496343464915,21352961.904761903,0.1577616199859455
2023-10-23,AAPL,-0.010240598001870826,0.009803833491169128,53932419.047619045,0.10341716674424584
2023-10-23,AMZN,-0.019826499809501463,0.018756030654749033,50304576.190476194,0.13701008748726218
2023-10-23,GOOGL,0.04798463220186666,0.013616862625680789,24601900.0,0.003443383631960062
2023-10-23,JPM,-0.025317686040336462,0.009677625676054692,10611128.57142857,0.08489330042012888
2023-10-23,MSFT,0.038831616068249586,0.012537688118512755,21492333.333333332,0.13514865095938555
2023-10-24,AAPL,-0.014993254190583283,0.009666666770458769,53820223.809523806,0.10448618264305987
2023-10-24,AMZN,-0.020644523696688233,0.01871746921986335,50326461.9047619,0.14117928982536898
2023-10-24,GOOGL,0.05872924101029753,0.013960953819178265,25779028.57142857,-0.002305216015930256
2023-10-24,JPM,-0.028940345416092472,0.009593556631293122,10698590.476190476,0.08613762066840769
2023-10-24,MSFT,0.040908238330925384,0.012543553089596827,22126504.76190476,0.1454841746214519
2023-10-25,AAPL,-0.005001176795093709,0.008695164369078965,53466323.809523806,0.11174915086209936
2023-10-25,AMZN,-0.03643438518000752,0.020562657558890335,50399285.71428572,0.20883109177836734
2023-10-25,GOOGL,-0.023022472604068756,0.025217867465521123,28571766.666666668,0.08820943829897598
2023-10-25,JPM,-0.02410806177175595,0.009420541435691111,10735457.142857144,0.09358948502676578
2023-10-25,MSFT,0.09140139832151384,0.01323080988585311,23495847.61904762,0.11015363413516566
2023-10-26,AAPL,-0.020771037024662542,0.010050554046705467,53642680.952380955,0.13871456454880016
2023-10-26,AMZN,-0.05088111995003042,0.020765033943408995,52011957.14285714,0.23551054699830187
2023-10-26,GOOGL,-0.0632757011386017,0.025531613453165666,30205795.23809524,0.11555465722758851
2023-10-26,JPM,-0.027310864001157453,0.009325230380918193,10849342.857142856,0.0883063402777986
2023-10-26,MSFT,0.04827529601786762,0.016072520526517222,24372914.285714287,0.15702949303751712
2023-10-27,AAPL,-0.014470518918034414,0.010226764724870522,53747666.666666664,0.1333421406263604
2023-10-27,AMZN,0.013970427527687956,0.025866046760252764,55381209.52380952,0.1510098734783094
2023-10-27,GOOGL,-0.07663807228825892,0.02526239651717244,31255957.14285714,0.12302510735003525
2023-10-27,JPM,-0.07384486220911379,0.01150447703272778,11257276.19047619,0.13154980124148952
2023-10-27,MSFT,0.05155587651373161,0.016090480582592753,24857338.095238097,0.16272014325913586
2023-10-30,AAPL,-0.005373650253141515,0.01058704607268458,53712900.0,0.11350936687446422
2023-10-30,AMZN,0.043974227867419335,0.02712198179346098,55860914.28571428,0.10255444142728254
2023-10-30,GOOGL,-0.04890713029459093,0.025650826220215618,31164542.85714286,0.08460533381882818
2023-10-30,JPM,-0.04541458830479517,0.011574136751539102,11159071.42857143,0.12298068427368691
2023-10-30,MSFT,0.06828187950000553,0.016668837151865908,24794519.04761905,0.12543041586960024
2023-10-31,AAPL,-0.017151158806030464,0.010044425167385044,53364400.0,0.11378023686149019
2023-10-31,AMZN,0.028039467293142106,0.026874254569838173,56030423.809523806,0.0976782655173829
2023-10-31,GOOGL,-0.07520308075170823,0.024873563160970794,31355223.80952381,0.06810119406976267
2023-10-31,JPM,-0.02562338866755698,0.011864765190658372,11182971.42857143,0.12239320957193534
2023-10-31,MSFT,0.05068355943948699,0.016267004426891888,24780009.523809522,0.12294540901715312
2023-11-01,AAPL,0.009106776299506736,0.010761549750619201,53713938.0952381,0.10071825858518046
2023-11-01,AMZN,0.09846054088442746,0.026019745024037574,56504919.047619045,0.073211669921875
2023-11-01,GOOGL,-0.04515607890357776,0.0252389953922219,31692985.714285713,0.042783798367469705
2023-11-01,JPM,-0.0192333544747868,0.011779274262745148,11183014.285714285,0.1288323853601938
2023-11-01,MSFT,0.1042792281475673,0.015490788353991376,25119309.523809522,0.08437634442275566
2023-11-02,AAPL,0.022515054400130907,0.011553006586772234,54871771.428571425,0.0681960955529004
2023-11-02,AMZN,0.08716541200172245,0.02584831341183663,56887433.333333336,0.04903301698083107
2023-11-02,GOOGL,-0.057305690145516675,0.02479982382074032,31710714.285714287,0.013961818557254535
2023-11-02,JPM,-0.00618426630232094,0.012425642535218608,11280990.476190476,0.11716864671560834
2023-11-02,MSFT,0.09204886291676795,0.015213362740896536,25292071.42857143,0.06192384746179269
2023-11-03,AAPL,0.009947891826778132,0.011543432244224315,56362309.52380952,0.09637613456454686
2023-11-03,AMZN,0.1003493736973291,0.02569042146547773,57096919.047619045,0.059740248302101895
2023-11-03,GOOGL,-0.04419930457960408,0.025018747824648815,32023119.04761905,0.014639753717569093
2023-11-03,JPM,0.0006998686656423114,0.012640714379201059,11326823.80952381,0.10468510511281148
2023-11-03,MSFT,0.10470924264686321,0.01530727181241684,25609790.476190478,0.05803897121267676
2023-11-06,AAPL,0.009803463695328585,0.011534537005563691,56675385.71428572,0.07444833463223577
2023-11-06,AMZN,0.09206006949808465,0.025580609329930493,57008047.61904762,0.034206373203060414
2023-11-06,GOOGL,-0.053278005269691286,0.024711082833138696,31616219.04761905,-0.0017656931149676591
2023-11-06,JPM,-0.007029622007972414,0.012277157283596641,11200847.61904762,0.08488335895309662
2023-11-06,MSFT,0.08943935241032852,0.014687373068868428,25521919.04761905,0.03651477341105758
2023-11-07,AAPL,0.01581068410289621,0.011811552502329672,58015347.61904762,0.06988192735319165
2023-11-07,AMZN,0.11266188075706718,0.025832048379539545,57711847.61904762,0.02922008249432806
2023-11-07,GOOGL,-0.05382148465877523,0.02470158050572349,32115228.57142857,0.045506504382026414
2023-11-07,JPM,-0.0052495594445072236,0.012268710224219593,11169085.714285715,0.08874360720779095
2023-11-07,MSFT,0.0931114588316666,0.01474795284438143,25804904.76190476,0.03099030794872948
2023-11-08,AAPL,0.025225846134640406,0.011820643924013654,58284028.571428575,0.0715064873522886
2023-11-08,AMZN,0.09731237657768732,0.02590022888873338,57823423.809523806,0.03758443320010896
2023-11-08,GOOGL,-0.04505270951674467,0.024778684247150833,32050428.57142857,0.023892537560363136
2023-11-08,JPM,-0.006385077165050657,0.012241955760273522,10994295.238095239,0.09535653407852163
2023-11-08,MSFT,0.10600205299027943,0.01462415663528172,26100652.38095238,0.032460229277419206
2023-11-09,AAPL,0.014516009584961687,0.011747522988323489,58579857.14285714,0.0604380166536469
2023-11-09,AMZN,0.06652510165098868,0.0259114297696313,57608833.333333336,0.03762441718699572
2023-11-09,GOOGL,-0.07335464501128963,0.024438153655583623,31948690.476190478,0.023418220439966886
2023-11-09,JPM,-0.012726685153208073,0.012225822696250829,10960690.476190476,0.1026405981095957
2023-11-09,MSFT,0.08504318759019047,0.014740060079509293,26328466.666666668,0.031505106591238174
2023-11-10,AAPL,0.03284569555200445,0.01270948185558156,59027014.28571428,0.04458166912093464
2023-11-10,AMZN,0.08486356511863691,0.02619702314641903,57311652.38095238,0.027305643881370134
2023-11-10,GOOGL,-0.045909247602167635,0.024796625184093764,32050966.666666668,-0.0005279110302618406
2023-11-10,JPM,0.004251787021146924,0.01266571213814093,10841590.476190476,0.09622368179698593
2023-11-10,MSFT,0.11628835620650091,0.015300803812677248,26744133.333333332,0.014796564348841912
2023-11-13,AAPL,0.034629080801217293,0.012634665168769963,58655604.76190476,0.07121223530583798
2023-11-13,AMZN,0.0986208776784443,0.025778653042389577,56830414.28571428,0.043831966901728414
2023-11-13,GOOGL,-0.03836653163508208,0.024702926557758492,31808314.285714287,0.003634030440864855
2023-11-13,JPM,-0.014999914724759922,0.01223796976305284,9758223.80952381,0.10481550337693468
2023-11-13,MSFT,0.11884779287939051,0.01519185488085092,26692423.80952381,0.02304412178435955
2023-11-14,AAPL,0.05017308748175786,0.012912255009459245,59017100.0,0.05692491251315279
2023-11-14,AMZN,0.09996227608403885,0.025819869587013575,57489542.85714286,0.011111077388746171
2023-11-14,GOOGL,-0.03939633205723503,0.024672820547127237,31993709.523809522,-0.012572892851312911
2023-11-14,JPM,0.003990661862186329,0.012912305931441841,9627947.61904762,0.10475616704383572
2023-11-14,MSFT,0.11312523725418644,0.015071129369543142,26955561.904761903,-0.009715455579204502
2023-11-15,AAPL,0.0627019681572123,0.012654775022142776,58838104.76190476,0.05084846290725231
2023-11-15,AMZN,0.08922184238705166,0.026148287222398352,58181500.0,0.047276567155988714
2023-11-15,GOOGL,-0.03650156184212372,0.02471882479771323,32010171.42857143,-0.015005327660260082
2023-11-15,JPM,0.014980253466761573,0.013028799980752749,9479500.0,0.1034458240899725
2023-11-15,MSFT,0.11552225960961904,0.015028670948353142,27361352.38095238,0.0028675019175559147
2023-11-16,AAPL,0.08029985743271584,0.012488465333959805,58821366.666666664,0.03257585533276042
2023-11-16,AMZN,0.1147272019671488,0.02530830755288418,58512642.85714286,0.07869498949148812
2023-11-16,GOOGL,-0.007465953739134723,0.02490094261163361,32231038.095238097,-0.008252320750766873
2023-11-16,JPM,0.03796861810637853,0.012933588048928628,9408352.38095238,0.0975898371732784
2023-11-16,MSFT,0.14184241623768035,0.015026310499372367,27553195.23809524,-0.009357766359436415
2023-11-17,AAPL,0.08252523754133678,0.012447733879425904,58422309.52380952,0.038220246252398615
2023-11-17,AMZN,0.13068535496056843,0.025405899500615302,57973371.428571425,0.05930569668493901
2023-11-17,GOOGL,-0.017713299092311008,0.025032740329742797,32763161.904761903,0.009903360496461344
2023-11-17,JPM,0.05182737845856833,0.012945164611218165,9249723.80952381,0.10227721389560318
2023-11-17,MSFT,0.11855791629011159,0.01585636378774664,28272476.19047619,0.009220184557071631
2023-11-20,AAPL,0.10887466934796364,0.011739674757551999,57577600.0,0.017654688576982602
2023-11-20,AMZN,0.16745232100728247,0.02437219177137788,57285028.571428575,0.040990830317008564
2023-11-20,GOOGL,0.004793183351247787,0.024836930815948968,32833628.57142857,0.015339319615172764
2023-11-20,JPM,0.07233292275748515,0.012224118950628183,8949061.904761905,0.08650277096101666
2023-11-20,MSFT,0.1577616199859455,0.015520585505607976,29579019.04761905,-0.01806905260807401
2023-11-21,AAPL,0.10341716674424584,0.01187834748248025,56727809.52380952,0.021191496601395077
2023-11-21,AMZN,0.13701008748726218,0.024861185782771137,58378647.61904762,0.06907576694239936
2023-11-21,GOOGL,0.003443383631960062,0.02482207112799642,32658266.666666668,0.025187995080891534
2023-11-21,JPM,0.08489330042012888,0.01166593521643581,8803828.57142857,0.09498601281804886
2023-11-21,MSFT,0.13514865095938555,0.016043303716112088,29771800.0,0.001259897147945388
2023-11-22,AAPL,0.10448618264305987,0.011871154575598964,56527861.9047619,0.011970035554321301
2023-11-22,AMZN,0.14117928982536898,0.024944577567723347,58340157.14285714,0.04573642661038679
2023-11-22,GOOGL,-0.002305216015930256,0.02466104514617064,31372533.333333332,0.02166212670443235
2023-11-22,JPM,0.08613762066840769,0.011655097441019235,8627309.523809524,0.09176285084501656
2023-11-22,MSFT,0.1454841746214519,0.016095855703576235,29399976.19047619,-0.008654175164577116
2023-11-24,AAPL,0.11174915086209936,0.011447938920847556,54951257.14285714,0.016213114899374492
2023-11-24,AMZN,0.20883109177836734,0.020549663790991955,55854485.71428572,0.04545453127474519
2023-11-24,GOOGL,0.08820943829897598,0.012117282718013078,27951014.285714287,0.0353355249842342
2023-11-24,JPM,0.09358948502676578,0.0114717964357978,8401323.80952381,0.09671765072861471
2023-11-24,MSFT,0.11015363413516566,0.015188702152823322,27262966.666666668,-0.007339182701558533
2023-11-27,AAPL,0.13871456454880016,0.0093479111115308,53519223.809523806,0.017703639830654705
2023-11-27,AMZN,0.23551054699830187,0.019800257542471042,53632719.047619045,0.037974688774094156
2023-11-27,GOOGL,0.11555465722758851,0.010021689339251322,26349842.85714286,0.029030091013484194
2023-11-27,JPM,0.0883063402777986,0.011557501935754649,8265595.238095238,0.1058162514087504
2023-11-27,MSFT,0.15702949303751712,0.01166892666411363,26517761.904761903,-0.011991138530843548
2023-11-28,AAPL,0.1333421406263604,0.009361668129302177,52562857.14285714,0.01670173927813967
2023-11-28,AMZN,0.1510098734783094,0.014910101371536146,49699500.0,0.04318850680973929
2023-11-28,GOOGL,0.12302510735003525,0.009921648063543405,25119533.333333332,0.022084626729468315
2023-11-28,JPM,0.13154980124148952,0.007054327335124362,7748833.333333333,0.10915731923736782
2023-11-28,MSFT,0.16272014325913586,0.011693854010857936,26069980.95238095,-0.019388523928321355
2023-11-29,AAPL,0.11350936687446422,0.00956293411571806,52176342.85714286,0.016686959891187403
2023-11-29,AMZN,0.10255444142728254,0.013156047058316578,48181661.9047619,0.03840893135505796
2023-11-29,GOOGL,0.08460533381882818,0.010508323570869586,24882728.57142857,0.03481741783788439
2023-11-29,JPM,0.12298068427368691,0.006879760758039176,7714100.0,0.10225513156139887
2023-11-29,MSFT,0.12543041586960024,0.011714697250709416,26362138.095238097,-0.007417066245561044
